gt_id,field_name,ecosystem,gt_project_id,gt_tool,gt_source_sbom,gt_component_index,name,identity_version,identity_purl,ground_truth_status,ground_truth_value,proposal_value,value_match,distribution_partial_overlap,semantic_rule_label,semantic_rule_decision,semantic_rule_id,semantic_rule_reason,static_validation_result,evidence_party_role,evidence_party_source_field,evidence_artifact_url,evidence_artifact_match,evidence_artifact_match_method,evidence_hash_usable_for_auto_repair,observed_distribution_url,gt_distribution_url,hash_artifact_alignment,hash_comparison_mode,primary_evaluable,primary_exclusion_reason,project_consistent,name_consistent,proposal_component_id,proposal_project_id,proposal_tool,proposal_sbom_path,proposal_component_index,proposal_row_number,duplicate_proposal_rows_for_key
GT-0007,supplier,npm,NPM-03,cdxgen,sboms_validation/cdxgen/NPM-03_angular_cyclonedx.json,58,abort-controller,2.1.2,pkg:npm/%40azure/abort-controller@2.1.2,verified,Microsoft Corporation,@azure,incorrect,,uncertain,manual_review,SEM-SUP-04,"The retrieved party has role 'npm_scope', which does not by itself establish that the party is the CycloneDX supplier.",out_of_scope,npm_scope,npm.package.name,,False,none,False,,https://registry.npmjs.org/@azure/abort-controller/-/abort-controller-2.1.2.tgz,not_applicable,not_applicable,yes,,true,true,pkg:npm/%40azure/abort-controller@2.1.2,NPM-03,cdxgen,sboms_raw/cdxgen/NPM-03_angular_cyclonedx.json,58,85147,1
GT-0014,supplier,npm,NPM-01,cdxgen,sboms_validation/cdxgen/NPM-01_react_cyclonedx.json,1116,auto-id,0.16.0,pkg:npm/%40reach/auto-id@0.16.0,verified,React Training,@reach,incorrect,,uncertain,manual_review,SEM-SUP-04,"The retrieved party has role 'npm_scope', which does not by itself establish that the party is the CycloneDX supplier.",out_of_scope,npm_scope,npm.package.name,,False,none,False,,https://registry.npmjs.org/@reach/auto-id/-/auto-id-0.16.0.tgz,not_applicable,not_applicable,yes,,true,true,pkg:npm/%40reach/auto-id@0.16.0,NPM-01,cdxgen,sboms_raw/cdxgen/NPM-01_react_cyclonedx.json,1116,8895,1
GT-0031,supplier,npm,NPM-03,cdxgen,sboms_validation/cdxgen/NPM-03_angular_cyclonedx.json,19,client-query-suggestions,5.55.0,pkg:npm/%40algolia/client-query-suggestions@5.55.0,verified,Algolia,@algolia,incorrect,,uncertain,manual_review,SEM-SUP-04,"The retrieved party has role 'npm_scope', which does not by itself establish that the party is the CycloneDX supplier.",out_of_scope,npm_scope,npm.package.name,,False,none,False,,https://registry.npmjs.org/@algolia/client-query-suggestions/-/client-query-suggestions-5.55.0.tgz,not_applicable,not_applicable,yes,,true,true,pkg:npm/%40algolia/client-query-suggestions@5.55.0,NPM-03,cdxgen,sboms_raw/cdxgen/NPM-03_angular_cyclonedx.json,19,85015,1
GT-0046,supplier,npm,MAV-03,cdxgen,sboms_validation/cdxgen/MAV-03_flink_cyclonedx.json,19,dom-util,2.0.4,pkg:npm/%40antv/dom-util@2.0.4,verified,Ant Group (AntV project),@antv,incorrect,,uncertain,manual_review,SEM-SUP-04,"The retrieved party has role 'npm_scope', which does not by itself establish that the party is the CycloneDX supplier.",out_of_scope,npm_scope,npm.package.name,,False,none,False,https://registry.npmjs.org/@antv/dom-util/-/dom-util-2.0.4.tgz,https://registry.npmjs.org/@antv/dom-util/-/dom-util-2.0.4.tgz,not_applicable,not_applicable,yes,,true,true,pkg:npm/%40antv/dom-util@2.0.4,MAV-03,cdxgen,sboms_raw/cdxgen/MAV-03_flink_cyclonedx.json,19,103312,1
GT-0049,supplier,npm,NPM-04,cdxgen,sboms_validation/cdxgen/NPM-04_express_cyclonedx.json,89,eslint,8.47.0,pkg:npm/eslint@8.47.0,verified,OpenJS Foundation,Nicholas C. Zakas <nicholas+npm@nczconsulting.com>,incorrect,,uncertain,manual_review,SEM-SUP-04,"The retrieved party has role 'author', which does not by itself establish that the party is the CycloneDX supplier.",out_of_scope,author,npm.version.author,,False,none,False,https://registry.npmjs.org/eslint/-/eslint-8.47.0.tgz,https://registry.npmjs.org/eslint/-/eslint-8.47.0.tgz,not_applicable,not_applicable,yes,,true,true,pkg:npm/eslint@8.47.0,NPM-04,cdxgen,sboms_raw/cdxgen/NPM-04_express_cyclonedx.json,89,94193,1
GT-0051,supplier,npm,NPM-01,cdxgen,sboms_validation/cdxgen/NPM-01_react_cyclonedx.json,7194,eslint-scope,8.2.0,pkg:npm/eslint-scope@8.2.0,verified,OpenJS Foundation,openjsfoundation <npm@openjsf.org>,incorrect,,uncertain,manual_review,SEM-SUP-04,"The retrieved party has role 'maintainer', which does not by itself establish that the party is the CycloneDX supplier.",out_of_scope,maintainer,npm.version.maintainers,,False,none,False,,https://registry.npmjs.org/eslint-scope/-/eslint-scope-8.2.0.tgz,not_applicable,not_applicable,yes,,true,true,pkg:npm/eslint-scope@8.2.0,NPM-01,cdxgen,sboms_raw/cdxgen/NPM-01_react_cyclonedx.json,7194,14404,1
GT-0053,supplier,npm,NPM-03,cdxgen,sboms_validation/cdxgen/NPM-03_angular_cyclonedx.json,339,fake-timers,30.4.1,pkg:npm/%40jest/fake-timers@30.4.1,verified,OpenJS Foundation,@jest,incorrect,,uncertain,manual_review,SEM-SUP-04,"The retrieved party has role 'npm_scope', which does not by itself establish that the party is the CycloneDX supplier.",out_of_scope,npm_scope,npm.package.name,,False,none,False,,https://registry.npmjs.org/@jest/fake-timers/-/fake-timers-30.4.1.tgz,not_applicable,not_applicable,yes,,true,true,pkg:npm/%40jest/fake-timers@30.4.1,NPM-03,cdxgen,sboms_raw/cdxgen/NPM-03_angular_cyclonedx.json,339,86269,1
GT-0076,supplier,npm,NPM-03,cdxgen,sboms_validation/cdxgen/NPM-03_angular_cyclonedx.json,23,ingestion,1.55.0,pkg:npm/%40algolia/ingestion@1.55.0,verified,Algolia,@algolia,incorrect,,uncertain,manual_review,SEM-SUP-04,"The retrieved party has role 'npm_scope', which does not by itself establish that the party is the CycloneDX supplier.",out_of_scope,npm_scope,npm.package.name,,False,none,False,,https://registry.npmjs.org/@algolia/ingestion/-/ingestion-1.55.0.tgz,not_applicable,not_applicable,yes,,true,true,pkg:npm/%40algolia/ingestion@1.55.0,NPM-03,cdxgen,sboms_raw/cdxgen/NPM-03_angular_cyclonedx.json,23,85031,1
GT-0082,supplier,npm,NPM-01,cdxgen,sboms_validation/cdxgen/NPM-01_react_cyclonedx.json,7283,jest-mock,28.1.3,pkg:npm/jest-mock@28.1.3,verified,"Meta Platforms, Inc. (Facebook Open Source)",scotthovestadt <scott.hovestadt@gmail.com>,incorrect,,uncertain,manual_review,SEM-SUP-04,"The retrieved party has role 'maintainer', which does not by itself establish that the party is the CycloneDX supplier.",out_of_scope,maintainer,npm.version.maintainers,,False,none,False,,https://registry.npmjs.org/jest-mock/-/jest-mock-28.1.3.tgz,not_applicable,not_applicable,yes,,true,true,pkg:npm/jest-mock@28.1.3,NPM-01,cdxgen,sboms_raw/cdxgen/NPM-01_react_cyclonedx.json,7283,14724,1
GT-0083,supplier,npm,NPM-03,cdxgen,sboms_validation/cdxgen/NPM-03_angular_cyclonedx.json,1501,jest-mock,30.4.1,pkg:npm/jest-mock@30.4.1,verified,OpenJS Foundation,aaronabramov <aaron@abramov.io>,incorrect,,uncertain,manual_review,SEM-SUP-04,"The retrieved party has role 'maintainer', which does not by itself establish that the party is the CycloneDX supplier.",out_of_scope,maintainer,npm.version.maintainers,,False,none,False,,https://registry.npmjs.org/jest-mock/-/jest-mock-30.4.1.tgz,not_applicable,not_applicable,yes,,true,true,pkg:npm/jest-mock@30.4.1,NPM-03,cdxgen,sboms_raw/cdxgen/NPM-03_angular_cyclonedx.json,1501,90816,1
GT-0106,supplier,npm,NPM-02,cdxgen,sboms_validation/cdxgen/NPM-02_axios_cyclonedx.json,347,playwright,1.61.0,pkg:npm/playwright@1.61.0,verified,Microsoft Corporation,Microsoft Corporation,correct,,uncertain,manual_review,SEM-SUP-04,"The retrieved party has role 'author', which does not by itself establish that the party is the CycloneDX supplier.",out_of_scope,author,npm.version.author,,False,none,False,https://registry.npmjs.org/playwright/-/playwright-1.61.0.tgz,https://registry.npmjs.org/playwright/-/playwright-1.61.0.tgz,not_applicable,not_applicable,yes,,true,true,pkg:npm/playwright@1.61.0,NPM-02,cdxgen,sboms_raw/cdxgen/NPM-02_axios_cyclonedx.json,347,20382,1
GT-0110,supplier,npm,NPM-03,cdxgen,sboms_validation/cdxgen/NPM-03_angular_cyclonedx.json,423,plugin-rest-endpoint-methods,17.0.0,pkg:npm/%40octokit/plugin-rest-endpoint-methods@17.0.0,verified,"GitHub, Inc.",@octokit,incorrect,,uncertain,manual_review,SEM-SUP-04,"The retrieved party has role 'npm_scope', which does not by itself establish that the party is the CycloneDX supplier.",out_of_scope,npm_scope,npm.package.name,,False,none,False,,https://registry.npmjs.org/@octokit/plugin-rest-endpoint-methods/-/plugin-rest-endpoint-methods-17.0.0.tgz,not_applicable,not_applicable,yes,,true,true,pkg:npm/%40octokit/plugin-rest-endpoint-methods@17.0.0,NPM-03,cdxgen,sboms_raw/cdxgen/NPM-03_angular_cyclonedx.json,423,86589,1
GT-0131,supplier,npm,NPM-01,cdxgen,sboms_validation/cdxgen/NPM-01_react_cyclonedx.json,2795,react-compiler-healthcheck,0.0.0-experimental-ab3118d-20240725,pkg:npm/react-compiler-healthcheck@0.0.0-experimental-ab3118d-20240725,verified,"Meta Platforms, Inc. (Facebook Open Source)",sugarpirate <arr@sugarpirate.com>,incorrect,,uncertain,manual_review,SEM-SUP-04,"The retrieved party has role 'maintainer', which does not by itself establish that the party is the CycloneDX supplier.",out_of_scope,maintainer,npm.version.maintainers,,False,none,False,,https://registry.npmjs.org/react-compiler-healthcheck/-/react-compiler-healthcheck-0.0.0-experimental-ab3118d-20240725.tgz,not_applicable,not_applicable,yes,,true,true,pkg:npm/react-compiler-healthcheck@0.0.0-experimental-ab3118d-20240725,NPM-01,cdxgen,sboms_raw/cdxgen/NPM-01_react_cyclonedx.json,2795,12757,1
GT-0138,supplier,npm,NPM-01,cdxgen,sboms_validation/cdxgen/NPM-01_react_cyclonedx.json,7008,reporters,29.0.3,pkg:npm/%40jest/reporters@29.0.3,verified,"Meta Platforms, Inc. (Facebook Open Source)",@jest,incorrect,,uncertain,manual_review,SEM-SUP-04,"The retrieved party has role 'npm_scope', which does not by itself establish that the party is the CycloneDX supplier.",out_of_scope,npm_scope,npm.package.name,,False,none,False,,https://registry.npmjs.org/@jest/reporters/-/reporters-29.0.3.tgz,not_applicable,not_applicable,yes,,true,true,pkg:npm/%40jest/reporters@29.0.3,NPM-01,cdxgen,sboms_raw/cdxgen/NPM-01_react_cyclonedx.json,7008,13674,1
GT-0141,supplier,npm,NPM-02,cdxgen,sboms_validation/cdxgen/NPM-02_axios_cyclonedx.json,745,rolldown,1.0.0-rc.16,pkg:npm/rolldown@1.0.0-rc.16,verified,"VoidZero, Inc.",broooooklyn <lynweklm@gmail.com>,incorrect,,uncertain,manual_review,SEM-SUP-04,"The retrieved party has role 'maintainer', which does not by itself establish that the party is the CycloneDX supplier.",out_of_scope,maintainer,npm.version.maintainers,,False,none,False,https://registry.npmjs.org/rolldown/-/rolldown-1.0.0-rc.16.tgz,https://registry.npmjs.org/rolldown/-/rolldown-1.0.0-rc.16.tgz,not_applicable,not_applicable,yes,,true,true,pkg:npm/rolldown@1.0.0-rc.16,NPM-02,cdxgen,sboms_raw/cdxgen/NPM-02_axios_cyclonedx.json,745,21171,1
GT-0147,supplier,npm,MAV-03,cdxgen,sboms_validation/cdxgen/MAV-03_flink_cyclonedx.json,10,router,20.1.3,pkg:npm/%40angular/router@20.1.3,verified,Google LLC,@angular,incorrect,,uncertain,manual_review,SEM-SUP-04,"The retrieved party has role 'npm_scope', which does not by itself establish that the party is the CycloneDX supplier.",out_of_scope,npm_scope,npm.package.name,,False,none,False,https://registry.npmmirror.com/@angular/router/-/router-20.1.3.tgz,https://registry.npmmirror.com/@angular/router/-/router-20.1.3.tgz,not_applicable,not_applicable,yes,,true,true,pkg:npm/%40angular/router@20.1.3,MAV-03,cdxgen,sboms_raw/cdxgen/MAV-03_flink_cyclonedx.json,10,103285,1
GT-0150,supplier,npm,MAV-03,cdxgen,sboms_validation/cdxgen/MAV-03_flink_cyclonedx.json,123,semver,6.3.1,pkg:npm/semver@6.3.1,verified,"GitHub, Inc.",GitHub Inc.,incorrect,,uncertain,manual_review,SEM-SUP-04,"The retrieved party has role 'author', which does not by itself establish that the party is the CycloneDX supplier.",out_of_scope,author,npm.version.author,,False,none,False,https://registry.npmmirror.com/semver/-/semver-6.3.1.tgz,https://registry.npmmirror.com/semver/-/semver-6.3.1.tgz,not_applicable,not_applicable,yes,,true,true,pkg:npm/semver@6.3.1,MAV-03,cdxgen,sboms_raw/cdxgen/MAV-03_flink_cyclonedx.json,123,103583,1
GT-0153,supplier,npm,NPM-01,cdxgen,sboms_validation/cdxgen/NPM-01_react_cyclonedx.json,7013,source-map,28.1.2,pkg:npm/%40jest/source-map@28.1.2,verified,"Meta Platforms, Inc. (Facebook Open Source)",@jest,incorrect,,uncertain,manual_review,SEM-SUP-04,"The retrieved party has role 'npm_scope', which does not by itself establish that the party is the CycloneDX supplier.",out_of_scope,npm_scope,npm.package.name,,False,none,False,,https://registry.npmjs.org/@jest/source-map/-/source-map-28.1.2.tgz,not_applicable,not_applicable,yes,,true,true,pkg:npm/%40jest/source-map@28.1.2,NPM-01,cdxgen,sboms_raw/cdxgen/NPM-01_react_cyclonedx.json,7013,13694,1
GT-0159,supplier,npm,NPM-03,cdxgen,sboms_validation/cdxgen/NPM-03_angular_cyclonedx.json,2146,tslint,6.1.3,pkg:npm/tslint@6.1.3,verified,Palantir Technologies Inc.,palantir <pt-vendor-npm@palantir.com>,incorrect,,uncertain,manual_review,SEM-SUP-04,"The retrieved party has role 'maintainer', which does not by itself establish that the party is the CycloneDX supplier.",out_of_scope,maintainer,npm.version.maintainers,,False,none,False,,https://registry.npmjs.org/tslint/-/tslint-6.1.3.tgz,not_applicable,not_applicable,yes,,true,true,pkg:npm/tslint@6.1.3,NPM-03,cdxgen,sboms_raw/cdxgen/NPM-03_angular_cyclonedx.json,2146,93286,1
GT-0167,supplier,npm,NPM-03,cdxgen,sboms_validation/cdxgen/NPM-03_angular_cyclonedx.json,674,which,3.0.4,pkg:npm/%40types/which@3.0.4,verified,Microsoft Corporation,@types,incorrect,,uncertain,manual_review,SEM-SUP-04,"The retrieved party has role 'npm_scope', which does not by itself establish that the party is the CycloneDX supplier.",out_of_scope,npm_scope,npm.package.name,,False,none,False,,https://registry.npmjs.org/@types/which/-/which-3.0.4.tgz,not_applicable,not_applicable,yes,,true,true,pkg:npm/%40types/which@3.0.4,NPM-03,cdxgen,sboms_raw/cdxgen/NPM-03_angular_cyclonedx.json,674,87573,1
GT-0170,supplier,npm,NPM-03,cdxgen,sboms_validation/cdxgen/NPM-03_angular_cyclonedx.json,2293,write-file-atomic,5.0.1,pkg:npm/write-file-atomic@5.0.1,verified,"GitHub, Inc.",GitHub Inc.,incorrect,,uncertain,manual_review,SEM-SUP-04,"The retrieved party has role 'author', which does not by itself establish that the party is the CycloneDX supplier.",out_of_scope,author,npm.version.author,,False,none,False,,https://registry.npmjs.org/write-file-atomic/-/write-file-atomic-5.0.1.tgz,not_applicable,not_applicable,yes,,true,true,pkg:npm/write-file-atomic@5.0.1,NPM-03,cdxgen,sboms_raw/cdxgen/NPM-03_angular_cyclonedx.json,2293,93861,1
GT-0183,supplier,pypi,PY-01,cdxgen,sboms_validation/cdxgen/PY-01_fastapi_cyclonedx.json,20,black,26.5.1,pkg:pypi/black@26.5.1,verified,Python Software Foundation,Łukasz Langa <lukasz@langa.pl>,incorrect,,uncertain,manual_review,SEM-SUP-04,"The retrieved party has role 'author_email', which does not by itself establish that the party is the CycloneDX supplier.",out_of_scope,author_email,pypi.info.author_email,,False,none,False,https://files.pythonhosted.org/packages/c0/37/5628dd55bf2b34257fc7603f0fe97c40e3aaf24265f416a9c85c95ca1436/black-26.5.1.tar.gz; https://files.pythonhosted.org/packages/be/84/b3f55026206a9e8820a91503308075ca48eadc515e436731ca01dbe043b3/black-26.5.1-cp310-cp310-macosx_10_9_x86_64.whl; https://files.pythonhosted.org/packages/c6/34/7db312c5e5783d6e76cffd9d5ac8972a32badae4c6e3288dac0eed8d3bed/black-26.5.1-cp310-cp310-macosx_11_0_arm64.whl; https://files.pythonhosted.org/packages/33/e2/e0101e73c2c8727634e2efcb35e2b34bd23ad70dfa673789f5773a591b21/black-26.5.1-cp310-cp310-manylinux2014_x86_64.manylinux_2_17_x86_64.manylinux_2_28_x86_64.whl; https://files.pythonhosted.org/packages/b0/4c/e15c0c5b23cf3651035fe5addcce90e283af3548a3f91bb03d81b83106ab/black-26.5.1-cp310-cp310-win_amd64.whl; https://files.pythonhosted.org/packages/9f/3f/59d43ade98d2ce5c8dc34a4e46cbecd177e6d55d7d4092969c6003ccc655/black-26.5.1-cp310-cp310-win_arm64.whl; https://files.pythonhosted.org/packages/4b/96/3c3e09f09f44a37aac36b178a279cd19aa7001bd796187a7b162a294c81f/black-26.5.1-cp311-cp311-macosx_10_9_x86_64.whl; https://files.pythonhosted.org/packages/83/ea/5ad117b9ee3ecd933c712bcbae610006e5b7cc9f41c526cd7ed3b6c4124c/black-26.5.1-cp311-cp311-macosx_11_0_arm64.whl; https://files.pythonhosted.org/packages/06/3a/7c448bc623fcdfa96672531beb5a616ea5e64f6975955254d7731ffb0ad9/black-26.5.1-cp311-cp311-manylinux2014_x86_64.manylinux_2_17_x86_64.manylinux_2_28_x86_64.whl; https://files.pythonhosted.org/packages/a1/5b/0b39b3a5917f0657ac014ad2edb58c139553a478adfe7f817abf1622ff6e/black-26.5.1-cp311-cp311-win_amd64.whl; https://files.pythonhosted.org/packages/4c/48/dc222692e0f95030db1bbfb6c857e76858bad09058221ea7aae815255327/black-26.5.1-cp311-cp311-win_arm64.whl; https://files.pythonhosted.org/packages/24/99/7744b906703228264ef73bdd534df88ec1ef3de45c4e78f6d31b9e32d0c9/black-26.5.1-cp312-cp312-macosx_10_13_x86_64.whl; https://files.pythonhosted.org/packages/b7/c0/c5a3b1636dfd09c42534f2b3cf33506814f6d3e066fb0879ffa16c1ae860/black-26.5.1-cp312-cp312-macosx_11_0_arm64.whl; https://files.pythonhosted.org/packages/1f/0e/36044316b65ca471d3bb6d3703fd06fb50c6b727c3562f6a5a3153634f88/black-26.5.1-cp312-cp312-manylinux2014_x86_64.manylinux_2_17_x86_64.manylinux_2_28_x86_64.whl; https://files.pythonhosted.org/packages/b3/33/dafc5808c2af43672912111d7c3354af1615f7e2be3bed7a878461abbe4d/black-26.5.1-cp312-cp312-win_amd64.whl; https://files.pythonhosted.org/packages/82/14/b965ee6ad2a311f28bdbf692def3ee9848d2ae289dab28b27657fcee3e78/black-26.5.1-cp312-cp312-win_arm64.whl; https://files.pythonhosted.org/packages/3f/5c/c384363980e11e25ca6b93205949bb331fbf35f4e0dbec376dfa6326cec8/black-26.5.1-cp313-cp313-macosx_10_13_x86_64.whl; https://files.pythonhosted.org/packages/0b/df/9f31c5e0babbfed77d505fc5d120beb98b21b33feaeded3924ea941fe360/black-26.5.1-cp313-cp313-macosx_11_0_arm64.whl; https://files.pythonhosted.org/packages/fb/24/8e7b9a2fa61b0afd82209efe937557d180a1fa055bd7f6161eb9defc3719/black-26.5.1-cp313-cp313-manylinux2014_x86_64.manylinux_2_17_x86_64.manylinux_2_28_x86_64.whl; https://files.pythonhosted.org/packages/49/ad/b4e0d9365ba8ac34f6bbab62a4b1b2dd5d618fac3fa1b8db968c844201b5/black-26.5.1-cp313-cp313-win_amd64.whl; https://files.pythonhosted.org/packages/a1/4b/652b859bf5df88a751c30451b09338f7fd26a77d1271c666992f836b7711/black-26.5.1-cp313-cp313-win_arm64.whl; https://files.pythonhosted.org/packages/a6/16/a8da8eb208c51c7f4ce74609a45d0dcc6d8a2141e45e81ee5289d1bb0d59/black-26.5.1-cp314-cp314-macosx_10_15_x86_64.whl; https://files.pythonhosted.org/packages/11/8a/a479296a19e383b70a725882a6cf3d786540601ff03cabbaaf1cce864c5a/black-26.5.1-cp314-cp314-macosx_11_0_arm64.whl; https://files.pythonhosted.org/packages/81/6b/cfaf3d39f25132c156a068f6b805576c9103a84086019507c70e1911ee7d/black-26.5.1-cp314-cp314-manylinux2014_x86_64.manylinux_2_17_x86_64.manylinux_2_28_x86_64.whl; https://files.pythonhosted.org/packages/66/76/302e313964bcff7e28df329d39f84f5270095730d85ff0acc260610a0d82/black-26.5.1-cp314-cp314-win_amd64.whl; https://files.pythonhosted.org/packages/27/4e/a3827e35e0e567f9f9ee59e2a0ab979267dca98718f25547ca8c6733afd4/black-26.5.1-cp314-cp314-win_arm64.whl; https://files.pythonhosted.org/packages/94/51/f975cae76d44274cc2868dc9040ac5d58d464784610234455b4e7b19c6ef/black-26.5.1-py3-none-any.whl,https://files.pythonhosted.org/packages/c0/37/5628dd55bf2b34257fc7603f0fe97c40e3aaf24265f416a9c85c95ca1436/black-26.5.1.tar.gz; https://files.pythonhosted.org/packages/be/84/b3f55026206a9e8820a91503308075ca48eadc515e436731ca01dbe043b3/black-26.5.1-cp310-cp310-macosx_10_9_x86_64.whl; https://files.pythonhosted.org/packages/c6/34/7db312c5e5783d6e76cffd9d5ac8972a32badae4c6e3288dac0eed8d3bed/black-26.5.1-cp310-cp310-macosx_11_0_arm64.whl; https://files.pythonhosted.org/packages/33/e2/e0101e73c2c8727634e2efcb35e2b34bd23ad70dfa673789f5773a591b21/black-26.5.1-cp310-cp310-manylinux2014_x86_64.manylinux_2_17_x86_64.manylinux_2_28_x86_64.whl; https://files.pythonhosted.org/packages/b0/4c/e15c0c5b23cf3651035fe5addcce90e283af3548a3f91bb03d81b83106ab/black-26.5.1-cp310-cp310-win_amd64.whl; https://files.pythonhosted.org/packages/9f/3f/59d43ade98d2ce5c8dc34a4e46cbecd177e6d55d7d4092969c6003ccc655/black-26.5.1-cp310-cp310-win_arm64.whl; https://files.pythonhosted.org/packages/4b/96/3c3e09f09f44a37aac36b178a279cd19aa7001bd796187a7b162a294c81f/black-26.5.1-cp311-cp311-macosx_10_9_x86_64.whl; https://files.pythonhosted.org/packages/83/ea/5ad117b9ee3ecd933c712bcbae610006e5b7cc9f41c526cd7ed3b6c4124c/black-26.5.1-cp311-cp311-macosx_11_0_arm64.whl; https://files.pythonhosted.org/packages/06/3a/7c448bc623fcdfa96672531beb5a616ea5e64f6975955254d7731ffb0ad9/black-26.5.1-cp311-cp311-manylinux2014_x86_64.manylinux_2_17_x86_64.manylinux_2_28_x86_64.whl; https://files.pythonhosted.org/packages/a1/5b/0b39b3a5917f0657ac014ad2edb58c139553a478adfe7f817abf1622ff6e/black-26.5.1-cp311-cp311-win_amd64.whl; https://files.pythonhosted.org/packages/4c/48/dc222692e0f95030db1bbfb6c857e76858bad09058221ea7aae815255327/black-26.5.1-cp311-cp311-win_arm64.whl; https://files.pythonhosted.org/packages/24/99/7744b906703228264ef73bdd534df88ec1ef3de45c4e78f6d31b9e32d0c9/black-26.5.1-cp312-cp312-macosx_10_13_x86_64.whl; https://files.pythonhosted.org/packages/b7/c0/c5a3b1636dfd09c42534f2b3cf33506814f6d3e066fb0879ffa16c1ae860/black-26.5.1-cp312-cp312-macosx_11_0_arm64.whl; https://files.pythonhosted.org/packages/1f/0e/36044316b65ca471d3bb6d3703fd06fb50c6b727c3562f6a5a3153634f88/black-26.5.1-cp312-cp312-manylinux2014_x86_64.manylinux_2_17_x86_64.manylinux_2_28_x86_64.whl; https://files.pythonhosted.org/packages/b3/33/dafc5808c2af43672912111d7c3354af1615f7e2be3bed7a878461abbe4d/black-26.5.1-cp312-cp312-win_amd64.whl; https://files.pythonhosted.org/packages/82/14/b965ee6ad2a311f28bdbf692def3ee9848d2ae289dab28b27657fcee3e78/black-26.5.1-cp312-cp312-win_arm64.whl; https://files.pythonhosted.org/packages/3f/5c/c384363980e11e25ca6b93205949bb331fbf35f4e0dbec376dfa6326cec8/black-26.5.1-cp313-cp313-macosx_10_13_x86_64.whl; https://files.pythonhosted.org/packages/0b/df/9f31c5e0babbfed77d505fc5d120beb98b21b33feaeded3924ea941fe360/black-26.5.1-cp313-cp313-macosx_11_0_arm64.whl; https://files.pythonhosted.org/packages/fb/24/8e7b9a2fa61b0afd82209efe937557d180a1fa055bd7f6161eb9defc3719/black-26.5.1-cp313-cp313-manylinux2014_x86_64.manylinux_2_17_x86_64.manylinux_2_28_x86_64.whl; https://files.pythonhosted.org/packages/49/ad/b4e0d9365ba8ac34f6bbab62a4b1b2dd5d618fac3fa1b8db968c844201b5/black-26.5.1-cp313-cp313-win_amd64.whl; https://files.pythonhosted.org/packages/a1/4b/652b859bf5df88a751c30451b09338f7fd26a77d1271c666992f836b7711/black-26.5.1-cp313-cp313-win_arm64.whl; https://files.pythonhosted.org/packages/a6/16/a8da8eb208c51c7f4ce74609a45d0dcc6d8a2141e45e81ee5289d1bb0d59/black-26.5.1-cp314-cp314-macosx_10_15_x86_64.whl; https://files.pythonhosted.org/packages/11/8a/a479296a19e383b70a725882a6cf3d786540601ff03cabbaaf1cce864c5a/black-26.5.1-cp314-cp314-macosx_11_0_arm64.whl; https://files.pythonhosted.org/packages/81/6b/cfaf3d39f25132c156a068f6b805576c9103a84086019507c70e1911ee7d/black-26.5.1-cp314-cp314-manylinux2014_x86_64.manylinux_2_17_x86_64.manylinux_2_28_x86_64.whl; https://files.pythonhosted.org/packages/66/76/302e313964bcff7e28df329d39f84f5270095730d85ff0acc260610a0d82/black-26.5.1-cp314-cp314-win_amd64.whl; https://files.pythonhosted.org/packages/27/4e/a3827e35e0e567f9f9ee59e2a0ab979267dca98718f25547ca8c6733afd4/black-26.5.1-cp314-cp314-win_arm64.whl; https://files.pythonhosted.org/packages/94/51/f975cae76d44274cc2868dc9040ac5d58d464784610234455b4e7b19c6ef/black-26.5.1-py3-none-any.whl,not_applicable,not_applicable,yes,,true,true,pkg:pypi/black@26.5.1,PY-01,cdxgen,sboms_raw/cdxgen/PY-01_fastapi_cyclonedx.json,20,100737,1
GT-0184,supplier,pypi,PY-01,cdxgen,sboms_validation/cdxgen/PY-01_fastapi_cyclonedx.json,21,blinker,1.9.0,pkg:pypi/blinker@1.9.0,verified,Pallets (fiscally sponsored by the Python Software Foundation),Jason Kirtland,incorrect,,uncertain,manual_review,SEM-SUP-04,"The retrieved party has role 'author', which does not by itself establish that the party is the CycloneDX supplier.",out_of_scope,author,pypi.info.author,,False,none,False,https://files.pythonhosted.org/packages/21/28/9b3f50ce0e048515135495f198351908d99540d69bfdc8c1d15b73dc55ce/blinker-1.9.0.tar.gz; https://files.pythonhosted.org/packages/10/cb/f2ad4230dc2eb1a74edf38f1a38b9b52277f75bef262d8908e60d957e13c/blinker-1.9.0-py3-none-any.whl,https://files.pythonhosted.org/packages/21/28/9b3f50ce0e048515135495f198351908d99540d69bfdc8c1d15b73dc55ce/blinker-1.9.0.tar.gz; https://files.pythonhosted.org/packages/10/cb/f2ad4230dc2eb1a74edf38f1a38b9b52277f75bef262d8908e60d957e13c/blinker-1.9.0-py3-none-any.whl,not_applicable,not_applicable,yes,,true,true,pkg:pypi/blinker@1.9.0,PY-01,cdxgen,sboms_raw/cdxgen/PY-01_fastapi_cyclonedx.json,21,100740,1
GT-0185,supplier,pypi,PY-01,cdxgen,sboms_validation/cdxgen/PY-01_fastapi_cyclonedx.json,22,boto3,1.42.94,pkg:pypi/boto3@1.42.94,verified,"Amazon Web Services, Inc.",Amazon Web Services,incorrect,,uncertain,manual_review,SEM-SUP-04,"The retrieved party has role 'author', which does not by itself establish that the party is the CycloneDX supplier.",out_of_scope,author,pypi.info.author,,False,none,False,https://files.pythonhosted.org/packages/6a/6a/95302333208830de932ad1d0b69599ee13e936349a44981fb72632507861/boto3-1.42.94.tar.gz; https://files.pythonhosted.org/packages/c4/6f/4e175604f3168befcb413c95bf45eada67d12042f92f76a9305d6a817ea9/boto3-1.42.94-py3-none-any.whl,https://files.pythonhosted.org/packages/6a/6a/95302333208830de932ad1d0b69599ee13e936349a44981fb72632507861/boto3-1.42.94.tar.gz; https://files.pythonhosted.org/packages/c4/6f/4e175604f3168befcb413c95bf45eada67d12042f92f76a9305d6a817ea9/boto3-1.42.94-py3-none-any.whl,not_applicable,not_applicable,yes,,true,true,pkg:pypi/boto3@1.42.94,PY-01,cdxgen,sboms_raw/cdxgen/PY-01_fastapi_cyclonedx.json,22,100743,1
GT-0189,supplier,pypi,PY-01,cdxgen,sboms_validation/cdxgen/PY-01_fastapi_cyclonedx.json,31,click,8.2.1,pkg:pypi/click@8.2.1,verified,Pallets (fiscally sponsored by the Python Software Foundation),Pallets <contact@palletsprojects.com>,incorrect,,uncertain,manual_review,SEM-SUP-04,"The retrieved party has role 'maintainer_email', which does not by itself establish that the party is the CycloneDX supplier.",out_of_scope,maintainer_email,pypi.info.maintainer_email,,False,none,False,https://files.pythonhosted.org/packages/60/6c/8ca2efa64cf75a977a0d7fac081354553ebe483345c734fb6b6515d96bbc/click-8.2.1.tar.gz; https://files.pythonhosted.org/packages/85/32/10bb5764d90a8eee674e9dc6f4db6a0ab47c8c4d0d83c27f7c39ac415a4d/click-8.2.1-py3-none-any.whl,https://files.pythonhosted.org/packages/60/6c/8ca2efa64cf75a977a0d7fac081354553ebe483345c734fb6b6515d96bbc/click-8.2.1.tar.gz; https://files.pythonhosted.org/packages/85/32/10bb5764d90a8eee674e9dc6f4db6a0ab47c8c4d0d83c27f7c39ac415a4d/click-8.2.1-py3-none-any.whl,not_applicable,not_applicable,yes,,true,true,pkg:pypi/click@8.2.1,PY-01,cdxgen,sboms_raw/cdxgen/PY-01_fastapi_cyclonedx.json,31,100765,1
GT-0190,supplier,pypi,MAV-03,cdxgen,sboms_validation/cdxgen/MAV-03_flink_cyclonedx.json,1675,click,8.3.1,pkg:pypi/click@8.3.1,verified,Pallets (fiscally sponsored by the Python Software Foundation),Pallets <contact@palletsprojects.com>,incorrect,,uncertain,manual_review,SEM-SUP-04,"The retrieved party has role 'maintainer_email', which does not by itself establish that the party is the CycloneDX supplier.",out_of_scope,maintainer_email,pypi.info.maintainer_email,,False,none,False,https://files.pythonhosted.org/packages/3d/fa/656b739db8587d7b5dfa22e22ed02566950fbfbcdc20311993483657a5c0/click-8.3.1.tar.gz; https://files.pythonhosted.org/packages/98/78/01c019cdb5d6498122777c1a43056ebb3ebfeef2076d9d026bfe15583b2b/click-8.3.1-py3-none-any.whl,https://files.pythonhosted.org/packages/3d/fa/656b739db8587d7b5dfa22e22ed02566950fbfbcdc20311993483657a5c0/click-8.3.1.tar.gz; https://files.pythonhosted.org/packages/98/78/01c019cdb5d6498122777c1a43056ebb3ebfeef2076d9d026bfe15583b2b/click-8.3.1-py3-none-any.whl,not_applicable,not_applicable,yes,,true,true,pkg:pypi/click@8.3.1,MAV-03,cdxgen,sboms_raw/cdxgen/MAV-03_flink_cyclonedx.json,1675,106537,1
GT-0194,supplier,pypi,PY-01,cdxgen,sboms_validation/cdxgen/PY-01_fastapi_cyclonedx.json,37,cssselect2,0.8.0,pkg:pypi/cssselect2@0.8.0,verified,CourtBouillon,CourtBouillon <contact@courtbouillon.org>,incorrect,,uncertain,manual_review,SEM-SUP-04,"The retrieved party has role 'maintainer_email', which does not by itself establish that the party is the CycloneDX supplier.",out_of_scope,maintainer_email,pypi.info.maintainer_email,,False,none,False,https://files.pythonhosted.org/packages/9f/86/fd7f58fc498b3166f3a7e8e0cddb6e620fe1da35b02248b1bd59e95dbaaa/cssselect2-0.8.0.tar.gz; https://files.pythonhosted.org/packages/0f/e7/aa315e6a749d9b96c2504a1ba0ba031ba2d0517e972ce22682e3fccecb09/cssselect2-0.8.0-py3-none-any.whl,https://files.pythonhosted.org/packages/9f/86/fd7f58fc498b3166f3a7e8e0cddb6e620fe1da35b02248b1bd59e95dbaaa/cssselect2-0.8.0.tar.gz; https://files.pythonhosted.org/packages/0f/e7/aa315e6a749d9b96c2504a1ba0ba031ba2d0517e972ce22682e3fccecb09/cssselect2-0.8.0-py3-none-any.whl,not_applicable,not_applicable,yes,,true,true,pkg:pypi/cssselect2@0.8.0,PY-01,cdxgen,sboms_raw/cdxgen/PY-01_fastapi_cyclonedx.json,37,100779,1
GT-0209,supplier,pypi,PY-01,cdxgen,sboms_validation/cdxgen/PY-01_fastapi_cyclonedx.json,63,genai-prices,0.0.62,pkg:pypi/genai-prices@0.0.62,verified,Pydantic (commercial entity founded by Samuel Colvin),Samuel Colvin <samuel@pydantic.dev>,incorrect,,uncertain,manual_review,SEM-SUP-04,"The retrieved party has role 'author_email', which does not by itself establish that the party is the CycloneDX supplier.",out_of_scope,author_email,pypi.info.author_email,,False,none,False,https://files.pythonhosted.org/packages/0c/8e/ed322d1f22b57fd455749bdbe2f285d310e1c1ebe921cb3d5c0b920de648/genai_prices-0.0.62.tar.gz; https://files.pythonhosted.org/packages/81/35/ce64112dcc6f406b3e290dcf57a97acfa2b7d3d0391979219cb9d4a9db6d/genai_prices-0.0.62-py3-none-any.whl,https://files.pythonhosted.org/packages/0c/8e/ed322d1f22b57fd455749bdbe2f285d310e1c1ebe921cb3d5c0b920de648/genai_prices-0.0.62.tar.gz; https://files.pythonhosted.org/packages/81/35/ce64112dcc6f406b3e290dcf57a97acfa2b7d3d0391979219cb9d4a9db6d/genai_prices-0.0.62-py3-none-any.whl,not_applicable,not_applicable,yes,,true,true,pkg:pypi/genai-prices@0.0.62,PY-01,cdxgen,sboms_raw/cdxgen/PY-01_fastapi_cyclonedx.json,63,100840,1
GT-0212,supplier,pypi,PY-01,cdxgen,sboms_validation/cdxgen/PY-01_fastapi_cyclonedx.json,67,google-auth,2.49.2,pkg:pypi/google-auth@2.49.2,verified,Google LLC,Google Cloud Platform,incorrect,,uncertain,manual_review,SEM-SUP-04,"The retrieved party has role 'author', which does not by itself establish that the party is the CycloneDX supplier.",out_of_scope,author,pypi.info.author,,False,none,False,https://files.pythonhosted.org/packages/c6/fc/e925290a1ad95c975c459e2df070fac2b90954e13a0370ac505dff78cb99/google_auth-2.49.2.tar.gz; https://files.pythonhosted.org/packages/73/76/d241a5c927433420507215df6cac1b1fa4ac0ba7a794df42a84326c68da8/google_auth-2.49.2-py3-none-any.whl,https://files.pythonhosted.org/packages/c6/fc/e925290a1ad95c975c459e2df070fac2b90954e13a0370ac505dff78cb99/google_auth-2.49.2.tar.gz; https://files.pythonhosted.org/packages/73/76/d241a5c927433420507215df6cac1b1fa4ac0ba7a794df42a84326c68da8/google_auth-2.49.2-py3-none-any.whl,not_applicable,not_applicable,yes,,true,true,pkg:pypi/google-auth@2.49.2,PY-01,cdxgen,sboms_raw/cdxgen/PY-01_fastapi_cyclonedx.json,67,100848,1
GT-0213,supplier,pypi,PY-01,cdxgen,sboms_validation/cdxgen/PY-01_fastapi_cyclonedx.json,68,google-genai,1.73.1,pkg:pypi/google-genai@1.73.1,verified,Google LLC,Google LLC <googleapis-packages@google.com>,incorrect,,uncertain,manual_review,SEM-SUP-04,"The retrieved party has role 'author_email', which does not by itself establish that the party is the CycloneDX supplier.",out_of_scope,author_email,pypi.info.author_email,,False,none,False,https://files.pythonhosted.org/packages/3d/d8/40f5f107e5a2976bbac52d421f04d14fc221b55a8f05e66be44b2f739fe6/google_genai-1.73.1.tar.gz; https://files.pythonhosted.org/packages/65/af/508e0528015240d710c6763f7c89ff44fab9a94a80b4377e265d692cbfd6/google_genai-1.73.1-py3-none-any.whl,https://files.pythonhosted.org/packages/3d/d8/40f5f107e5a2976bbac52d421f04d14fc221b55a8f05e66be44b2f739fe6/google_genai-1.73.1.tar.gz; https://files.pythonhosted.org/packages/65/af/508e0528015240d710c6763f7c89ff44fab9a94a80b4377e265d692cbfd6/google_genai-1.73.1-py3-none-any.whl,not_applicable,not_applicable,yes,,true,true,pkg:pypi/google-genai@1.73.1,PY-01,cdxgen,sboms_raw/cdxgen/PY-01_fastapi_cyclonedx.json,68,100849,1
GT-0214,supplier,pypi,PY-01,cdxgen,sboms_validation/cdxgen/PY-01_fastapi_cyclonedx.json,69,googleapis-common-protos,1.72.0,pkg:pypi/googleapis-common-protos@1.72.0,verified,Google LLC,Google LLC <googleapis-packages@google.com>,incorrect,,uncertain,manual_review,SEM-SUP-04,"The retrieved party has role 'author_email', which does not by itself establish that the party is the CycloneDX supplier.",out_of_scope,author_email,pypi.info.author_email,,False,none,False,https://files.pythonhosted.org/packages/e5/7b/adfd75544c415c487b33061fe7ae526165241c1ea133f9a9125a56b39fd8/googleapis_common_protos-1.72.0.tar.gz; https://files.pythonhosted.org/packages/c4/ab/09169d5a4612a5f92490806649ac8d41e3ec9129c636754575b3553f4ea4/googleapis_common_protos-1.72.0-py3-none-any.whl,https://files.pythonhosted.org/packages/e5/7b/adfd75544c415c487b33061fe7ae526165241c1ea133f9a9125a56b39fd8/googleapis_common_protos-1.72.0.tar.gz; https://files.pythonhosted.org/packages/c4/ab/09169d5a4612a5f92490806649ac8d41e3ec9129c636754575b3553f4ea4/googleapis_common_protos-1.72.0-py3-none-any.whl,not_applicable,not_applicable,yes,,true,true,pkg:pypi/googleapis-common-protos@1.72.0,PY-01,cdxgen,sboms_raw/cdxgen/PY-01_fastapi_cyclonedx.json,69,100851,1
GT-0222,supplier,pypi,PY-01,cdxgen,sboms_validation/cdxgen/PY-01_fastapi_cyclonedx.json,80,httpcore2,2.4.0,pkg:pypi/httpcore2@2.4.0,verified,Pydantic Services Inc.,"""Pydantic Services Inc."" <engineering@pydantic.dev>",incorrect,,uncertain,manual_review,SEM-SUP-04,"The retrieved party has role 'maintainer_email', which does not by itself establish that the party is the CycloneDX supplier.",out_of_scope,maintainer_email,pypi.info.maintainer_email,,False,none,False,https://files.pythonhosted.org/packages/7b/9b/2b1d1833a58236d1f6ee755e027a3917da0db59cc9708554cefc440ee8b6/httpcore2-2.4.0.tar.gz; https://files.pythonhosted.org/packages/7c/72/4fdf2306143a92a471fad9f3655aa542d43aa9188a7c9534e82c9aecf837/httpcore2-2.4.0-py3-none-any.whl,https://files.pythonhosted.org/packages/7b/9b/2b1d1833a58236d1f6ee755e027a3917da0db59cc9708554cefc440ee8b6/httpcore2-2.4.0.tar.gz; https://files.pythonhosted.org/packages/7c/72/4fdf2306143a92a471fad9f3655aa542d43aa9188a7c9534e82c9aecf837/httpcore2-2.4.0-py3-none-any.whl,not_applicable,not_applicable,yes,,true,true,pkg:pypi/httpcore2@2.4.0,PY-01,cdxgen,sboms_raw/cdxgen/PY-01_fastapi_cyclonedx.json,80,100876,1
GT-0226,supplier,pypi,PY-01,cdxgen,sboms_validation/cdxgen/PY-01_fastapi_cyclonedx.json,84,httpx2,2.4.0,pkg:pypi/httpx2@2.4.0,verified,Pydantic Services Inc.,"""Pydantic Services Inc."" <engineering@pydantic.dev>",incorrect,,uncertain,manual_review,SEM-SUP-04,"The retrieved party has role 'maintainer_email', which does not by itself establish that the party is the CycloneDX supplier.",out_of_scope,maintainer_email,pypi.info.maintainer_email,,False,none,False,https://files.pythonhosted.org/packages/fc/60/b43ced4ccf26e95b396dbf67051d3e5042b645917d4da0469dd82a3bdd4f/httpx2-2.4.0.tar.gz; https://files.pythonhosted.org/packages/29/45/82bc57c3d9c3314f663b67cc057f1c017a6450685dde513f4f8db5cf431f/httpx2-2.4.0-py3-none-any.whl,https://files.pythonhosted.org/packages/fc/60/b43ced4ccf26e95b396dbf67051d3e5042b645917d4da0469dd82a3bdd4f/httpx2-2.4.0.tar.gz; https://files.pythonhosted.org/packages/29/45/82bc57c3d9c3314f663b67cc057f1c017a6450685dde513f4f8db5cf431f/httpx2-2.4.0-py3-none-any.whl,not_applicable,not_applicable,yes,,true,true,pkg:pypi/httpx2@2.4.0,PY-01,cdxgen,sboms_raw/cdxgen/PY-01_fastapi_cyclonedx.json,84,100885,1
GT-0227,supplier,pypi,PY-01,cdxgen,sboms_validation/cdxgen/PY-01_fastapi_cyclonedx.json,85,huggingface-hub,1.4.1,pkg:pypi/huggingface-hub@1.4.1,verified,"Hugging Face, Inc.","Hugging Face, Inc.",correct,,uncertain,manual_review,SEM-SUP-04,"The retrieved party has role 'author', which does not by itself establish that the party is the CycloneDX supplier.",out_of_scope,author,pypi.info.author,,False,none,False,https://files.pythonhosted.org/packages/c4/fc/eb9bc06130e8bbda6a616e1b80a7aa127681c448d6b49806f61db2670b61/huggingface_hub-1.4.1.tar.gz; https://files.pythonhosted.org/packages/d5/ae/2f6d96b4e6c5478d87d606a1934b5d436c4a2bce6bb7c6fdece891c128e3/huggingface_hub-1.4.1-py3-none-any.whl,https://files.pythonhosted.org/packages/c4/fc/eb9bc06130e8bbda6a616e1b80a7aa127681c448d6b49806f61db2670b61/huggingface_hub-1.4.1.tar.gz; https://files.pythonhosted.org/packages/d5/ae/2f6d96b4e6c5478d87d606a1934b5d436c4a2bce6bb7c6fdece891c128e3/huggingface_hub-1.4.1-py3-none-any.whl,not_applicable,not_applicable,yes,,true,true,pkg:pypi/huggingface-hub@1.4.1,PY-01,cdxgen,sboms_raw/cdxgen/PY-01_fastapi_cyclonedx.json,85,100887,1
GT-0230,supplier,pypi,PY-01,cdxgen,sboms_validation/cdxgen/PY-01_fastapi_cyclonedx.json,90,itsdangerous,2.2.0,pkg:pypi/itsdangerous@2.2.0,verified,Pallets (fiscally sponsored by the Python Software Foundation),Pallets <contact@palletsprojects.com>,incorrect,,uncertain,manual_review,SEM-SUP-04,"The retrieved party has role 'maintainer_email', which does not by itself establish that the party is the CycloneDX supplier.",out_of_scope,maintainer_email,pypi.info.maintainer_email,,False,none,False,https://files.pythonhosted.org/packages/9c/cb/8ac0172223afbccb63986cc25049b154ecfb5e85932587206f42317be31d/itsdangerous-2.2.0.tar.gz; https://files.pythonhosted.org/packages/04/96/92447566d16df59b2a776c0fb82dbc4d9e07cd95062562af01e408583fc4/itsdangerous-2.2.0-py3-none-any.whl,https://files.pythonhosted.org/packages/9c/cb/8ac0172223afbccb63986cc25049b154ecfb5e85932587206f42317be31d/itsdangerous-2.2.0.tar.gz; https://files.pythonhosted.org/packages/04/96/92447566d16df59b2a776c0fb82dbc4d9e07cd95062562af01e408583fc4/itsdangerous-2.2.0-py3-none-any.whl,not_applicable,not_applicable,yes,,true,true,pkg:pypi/itsdangerous@2.2.0,PY-01,cdxgen,sboms_raw/cdxgen/PY-01_fastapi_cyclonedx.json,90,100898,1
GT-0233,supplier,pypi,MAV-03,cdxgen,sboms_validation/cdxgen/MAV-03_flink_cyclonedx.json,1681,jinja2,3.0.3,pkg:pypi/jinja2@3.0.3,verified,Pallets (fiscally sponsored by the Python Software Foundation),Pallets <contact@palletsprojects.com>,incorrect,,uncertain,manual_review,SEM-SUP-04,"The retrieved party has role 'maintainer_email', which does not by itself establish that the party is the CycloneDX supplier.",out_of_scope,maintainer_email,pypi.info.maintainer_email,,False,none,False,https://files.pythonhosted.org/packages/91/a5/429efc6246119e1e3fbf562c00187d04e83e54619249eb732bb423efa6c6/Jinja2-3.0.3.tar.gz; https://files.pythonhosted.org/packages/20/9a/e5d9ec41927401e41aea8af6d16e78b5e612bca4699d417f646a9610a076/Jinja2-3.0.3-py3-none-any.whl,https://files.pythonhosted.org/packages/91/a5/429efc6246119e1e3fbf562c00187d04e83e54619249eb732bb423efa6c6/Jinja2-3.0.3.tar.gz; https://files.pythonhosted.org/packages/20/9a/e5d9ec41927401e41aea8af6d16e78b5e612bca4699d417f646a9610a076/Jinja2-3.0.3-py3-none-any.whl,not_applicable,not_applicable,yes,,true,true,pkg:pypi/jinja2@3.0.3,MAV-03,cdxgen,sboms_raw/cdxgen/MAV-03_flink_cyclonedx.json,1681,106551,1
GT-0234,supplier,pypi,PY-01,cdxgen,sboms_validation/cdxgen/PY-01_fastapi_cyclonedx.json,97,jiter,0.13.0,pkg:pypi/jiter@0.13.0,verified,Pydantic Services Inc.,Samuel Colvin <s@muelcolvin.com>,incorrect,,uncertain,manual_review,SEM-SUP-04,"The retrieved party has role 'author_email', which does not by itself establish that the party is the CycloneDX supplier.",out_of_scope,author_email,pypi.info.author_email,,False,none,False,https://files.pythonhosted.org/packages/0d/5e/4ec91646aee381d01cdb9974e30882c9cd3b8c5d1079d6b5ff4af522439a/jiter-0.13.0.tar.gz; https://files.pythonhosted.org/packages/d0/5a/41da76c5ea07bec1b0472b6b2fdb1b651074d504b19374d7e130e0cdfb25/jiter-0.13.0-cp310-cp310-macosx_10_12_x86_64.whl; https://files.pythonhosted.org/packages/40/cb/4a1bf994a3e869f0d39d10e11efb471b76d0ad70ecbfb591427a46c880c2/jiter-0.13.0-cp310-cp310-macosx_11_0_arm64.whl; https://files.pythonhosted.org/packages/09/82/acd71ca9b50ecebadc3979c541cd717cce2fe2bc86236f4fa597565d8f1a/jiter-0.13.0-cp310-cp310-manylinux_2_17_aarch64.manylinux2014_aarch64.whl; https://files.pythonhosted.org/packages/71/03/d1fc996f3aecfd42eb70922edecfb6dd26421c874503e241153ad41df94f/jiter-0.13.0-cp310-cp310-manylinux_2_17_armv7l.manylinux2014_armv7l.whl; https://files.pythonhosted.org/packages/f1/61/a30492366378cc7a93088858f8991acd7d959759fe6138c12a4644e58e81/jiter-0.13.0-cp310-cp310-manylinux_2_17_ppc64le.manylinux2014_ppc64le.whl; https://files.pythonhosted.org/packages/20/4e/4223cffa9dbbbc96ed821c5aeb6bca510848c72c02086d1ed3f1da3d58a7/jiter-0.13.0-cp310-cp310-manylinux_2_17_s390x.manylinux2014_s390x.whl; https://files.pythonhosted.org/packages/fe/c9/b0489a01329ab07a83812d9ebcffe7820a38163c6d9e7da644f926ff877c/jiter-0.13.0-cp310-cp310-manylinux_2_17_x86_64.manylinux2014_x86_64.whl; https://files.pythonhosted.org/packages/05/af/53e561352a44afcba9a9bc67ee1d320b05a370aed8df54eafe714c4e454d/jiter-0.13.0-cp310-cp310-manylinux_2_5_i686.manylinux1_i686.whl; https://files.pythonhosted.org/packages/76/2a/dd805c3afb8ed5b326c5ae49e725d1b1255b9754b1b77dbecdc621b20773/jiter-0.13.0-cp310-cp310-musllinux_1_1_aarch64.whl; https://files.pythonhosted.org/packages/20/2a/7b67d76f55b8fe14c937e7640389612f05f9a4145fc28ae128aaa5e62257/jiter-0.13.0-cp310-cp310-musllinux_1_1_x86_64.whl; https://files.pythonhosted.org/packages/85/9c/57cdd64dac8f4c6ab8f994fe0eb04dc9fd1db102856a4458fcf8a99dfa62/jiter-0.13.0-cp310-cp310-win32.whl; https://files.pythonhosted.org/packages/a7/38/f4f3ea5788b8a5bae7510a678cdc747eda0c45ffe534f9878ff37e7cf3b3/jiter-0.13.0-cp310-cp310-win_amd64.whl; https://files.pythonhosted.org/packages/71/29/499f8c9eaa8a16751b1c0e45e6f5f1761d180da873d417996cc7bddc8eef/jiter-0.13.0-cp311-cp311-macosx_10_12_x86_64.whl; https://files.pythonhosted.org/packages/50/f6/566364c777d2ab450b92100bea11333c64c38d32caf8dc378b48e5b20c46/jiter-0.13.0-cp311-cp311-macosx_11_0_arm64.whl; https://files.pythonhosted.org/packages/73/dd/560f13ec5e4f116d8ad2658781646cca91b617ae3b8758d4a5076b278f70/jiter-0.13.0-cp311-cp311-manylinux_2_17_aarch64.manylinux2014_aarch64.whl; https://files.pythonhosted.org/packages/7c/0d/061faffcfe94608cbc28a0d42a77a74222bdf5055ccdbe5fd2292b94f510/jiter-0.13.0-cp311-cp311-manylinux_2_17_armv7l.manylinux2014_armv7l.whl; https://files.pythonhosted.org/packages/92/c9/c66a7864982fd38a9773ec6e932e0398d1262677b8c60faecd02ffb67bf3/jiter-0.13.0-cp311-cp311-manylinux_2_17_ppc64le.manylinux2014_ppc64le.whl; https://files.pythonhosted.org/packages/6c/86/84eb4352cd3668f16d1a88929b5888a3fe0418ea8c1dfc2ad4e7bf6e069a/jiter-0.13.0-cp311-cp311-manylinux_2_17_s390x.manylinux2014_s390x.whl; https://files.pythonhosted.org/packages/6e/09/9fe4c159358176f82d4390407a03f506a8659ed13ca3ac93a843402acecf/jiter-0.13.0-cp311-cp311-manylinux_2_17_x86_64.manylinux2014_x86_64.whl; https://files.pythonhosted.org/packages/c9/5e/85f3ab9caca0c1d0897937d378b4a515cae9e119730563572361ea0c48ae/jiter-0.13.0-cp311-cp311-manylinux_2_5_i686.manylinux1_i686.whl; https://files.pythonhosted.org/packages/12/4c/05b8629ad546191939e6f0c2f17e29f542a398f4a52fb987bc70b6d1eb8b/jiter-0.13.0-cp311-cp311-musllinux_1_1_aarch64.whl; https://files.pythonhosted.org/packages/4d/88/367ea2eb6bc582c7052e4baf5ddf57ebe5ab924a88e0e09830dfb585c02d/jiter-0.13.0-cp311-cp311-musllinux_1_1_x86_64.whl; https://files.pythonhosted.org/packages/f3/12/fa377ffb94a2f28c41afaed093e0d70cfe512035d5ecb0cad0ae4792d35e/jiter-0.13.0-cp311-cp311-win32.whl; https://files.pythonhosted.org/packages/cb/16/8e8203ce92f844dfcd3d9d6a5a7322c77077248dbb12da52d23193a839cd/jiter-0.13.0-cp311-cp311-win_amd64.whl; https://files.pythonhosted.org/packages/44/26/97cc40663deb17b9e13c3a5cf29251788c271b18ee4d262c8f94798b8336/jiter-0.13.0-cp311-cp311-win_arm64.whl; https://files.pythonhosted.org/packages/2e/30/7687e4f87086829955013ca12a9233523349767f69653ebc27036313def9/jiter-0.13.0-cp312-cp312-macosx_10_12_x86_64.whl; https://files.pythonhosted.org/packages/c3/27/e57f9a783246ed95481e6749cc5002a8a767a73177a83c63ea71f0528b90/jiter-0.13.0-cp312-cp312-macosx_11_0_arm64.whl; https://files.pythonhosted.org/packages/cf/52/e5719a60ac5d4d7c5995461a94ad5ef962a37c8bf5b088390e6fad59b2ff/jiter-0.13.0-cp312-cp312-manylinux_2_17_aarch64.manylinux2014_aarch64.whl; https://files.pythonhosted.org/packages/61/db/c1efc32b8ba4c740ab3fc2d037d8753f67685f475e26b9d6536a4322bcdd/jiter-0.13.0-cp312-cp312-manylinux_2_17_armv7l.manylinux2014_armv7l.whl; https://files.pythonhosted.org/packages/55/8a/fb75556236047c8806995671a18e4a0ad646ed255276f51a20f32dceaeec/jiter-0.13.0-cp312-cp312-manylinux_2_17_ppc64le.manylinux2014_ppc64le.whl; https://files.pythonhosted.org/packages/7e/16/43512e6ee863875693a8e6f6d532e19d650779d6ba9a81593ae40a9088ff/jiter-0.13.0-cp312-cp312-manylinux_2_17_s390x.manylinux2014_s390x.whl; https://files.pythonhosted.org/packages/f8/4c/09b93e30e984a187bc8aaa3510e1ec8dcbdcd71ca05d2f56aac0492453aa/jiter-0.13.0-cp312-cp312-manylinux_2_17_x86_64.manylinux2014_x86_64.whl; https://files.pythonhosted.org/packages/1a/1b/46c5e349019874ec5dfa508c14c37e29864ea108d376ae26d90bee238cd7/jiter-0.13.0-cp312-cp312-manylinux_2_5_i686.manylinux1_i686.whl; https://files.pythonhosted.org/packages/15/9e/26184760e85baee7162ad37b7912797d2077718476bf91517641c92b3639/jiter-0.13.0-cp312-cp312-musllinux_1_1_aarch64.whl; https://files.pythonhosted.org/packages/e9/34/2c9355247d6debad57a0a15e76ab1566ab799388042743656e566b3b7de1/jiter-0.13.0-cp312-cp312-musllinux_1_1_x86_64.whl; https://files.pythonhosted.org/packages/ac/4a/9f2c23255d04a834398b9c2e0e665382116911dc4d06b795710503cdad25/jiter-0.13.0-cp312-cp312-win32.whl; https://files.pythonhosted.org/packages/09/ee/f0ae675a957ae5a8f160be3e87acea6b11dc7b89f6b7ab057e77b2d2b13a/jiter-0.13.0-cp312-cp312-win_amd64.whl; https://files.pythonhosted.org/packages/1b/02/ae611edf913d3cbf02c97cdb90374af2082c48d7190d74c1111dde08bcdd/jiter-0.13.0-cp312-cp312-win_arm64.whl; https://files.pythonhosted.org/packages/91/9c/7ee5a6ff4b9991e1a45263bfc46731634c4a2bde27dfda6c8251df2d958c/jiter-0.13.0-cp313-cp313-macosx_10_12_x86_64.whl; https://files.pythonhosted.org/packages/7c/02/be5b870d1d2be5dd6a91bdfb90f248fbb7dcbd21338f092c6b89817c3dbf/jiter-0.13.0-cp313-cp313-macosx_11_0_arm64.whl; https://files.pythonhosted.org/packages/da/92/b25d2ec333615f5f284f3a4024f7ce68cfa0604c322c6808b2344c7f5d2b/jiter-0.13.0-cp313-cp313-manylinux_2_17_aarch64.manylinux2014_aarch64.whl; https://files.pythonhosted.org/packages/be/ec/74dcb99fef0aca9fbe56b303bf79f6bd839010cb18ad41000bf6cc71eec0/jiter-0.13.0-cp313-cp313-manylinux_2_17_armv7l.manylinux2014_armv7l.whl; https://files.pythonhosted.org/packages/1b/37/f17375e0bb2f6a812d4dd92d7616e41917f740f3e71343627da9db2824ce/jiter-0.13.0-cp313-cp313-manylinux_2_17_ppc64le.manylinux2014_ppc64le.whl; https://files.pythonhosted.org/packages/77/d2/a71160a5ae1a1e66c1395b37ef77da67513b0adba73b993a27fbe47eb048/jiter-0.13.0-cp313-cp313-manylinux_2_17_s390x.manylinux2014_s390x.whl; https://files.pythonhosted.org/packages/01/99/ed5e478ff0eb4e8aa5fd998f9d69603c9fd3f32de3bd16c2b1194f68361c/jiter-0.13.0-cp313-cp313-manylinux_2_17_x86_64.manylinux2014_x86_64.whl; https://files.pythonhosted.org/packages/16/be/7ffd08203277a813f732ba897352797fa9493faf8dc7995b31f3d9cb9488/jiter-0.13.0-cp313-cp313-manylinux_2_5_i686.manylinux1_i686.whl; https://files.pythonhosted.org/packages/d1/84/e0787856196d6d346264d6dcccb01f741e5f0bd014c1d9a2ebe149caf4f3/jiter-0.13.0-cp313-cp313-musllinux_1_1_aarch64.whl; https://files.pythonhosted.org/packages/65/50/ecbd258181c4313cf79bca6c88fb63207d04d5bf5e4f65174114d072aa55/jiter-0.13.0-cp313-cp313-musllinux_1_1_x86_64.whl; https://files.pythonhosted.org/packages/27/da/68f38d12e7111d2016cd198161b36e1f042bd115c169255bcb7ec823a3bf/jiter-0.13.0-cp313-cp313-win32.whl; https://files.pythonhosted.org/packages/25/65/3bd1a972c9a08ecd22eb3b08a95d1941ebe6938aea620c246cf426ae09c2/jiter-0.13.0-cp313-cp313-win_amd64.whl; https://files.pythonhosted.org/packages/15/fe/13bd3678a311aa67686bb303654792c48206a112068f8b0b21426eb6851e/jiter-0.13.0-cp313-cp313-win_arm64.whl; https://files.pythonhosted.org/packages/49/19/a929ec002ad3228bc97ca01dbb14f7632fffdc84a95ec92ceaf4145688ae/jiter-0.13.0-cp313-cp313t-macosx_11_0_arm64.whl; https://files.pythonhosted.org/packages/52/56/d19a9a194afa37c1728831e5fb81b7722c3de18a3109e8f282bfc23e587a/jiter-0.13.0-cp313-cp313t-manylinux_2_17_aarch64.manylinux2014_aarch64.whl; https://files.pythonhosted.org/packages/36/4a/94e831c6bf287754a8a019cb966ed39ff8be6ab78cadecf08df3bb02d505/jiter-0.13.0-cp313-cp313t-manylinux_2_17_x86_64.manylinux2014_x86_64.whl; https://files.pythonhosted.org/packages/a2/ec/a4c72c822695fa80e55d2b4142b73f0012035d9fcf90eccc56bc060db37c/jiter-0.13.0-cp313-cp313t-win_amd64.whl; https://files.pythonhosted.org/packages/b6/00/393553ec27b824fbc29047e9c7cd4a3951d7fbe4a76743f17e44034fa4e4/jiter-0.13.0-cp313-cp313t-win_arm64.whl; https://files.pythonhosted.org/packages/6e/f5/f1997e987211f6f9bd71b8083047b316208b4aca0b529bb5f8c96c89ef3e/jiter-0.13.0-cp314-cp314-macosx_10_12_x86_64.whl; https://files.pythonhosted.org/packages/cd/8f/5482a7677731fd44881f0204981ce2d7175db271f82cba2085dd2212e095/jiter-0.13.0-cp314-cp314-macosx_11_0_arm64.whl; https://files.pythonhosted.org/packages/f3/b9/7257ac59778f1cd025b26a23c5520a36a424f7f1b068f2442a5b499b7464/jiter-0.13.0-cp314-cp314-manylinux_2_17_aarch64.manylinux2014_aarch64.whl; https://files.pythonhosted.org/packages/c3/87/719eec4a3f0841dad99e3d3604ee4cba36af4419a76f3cb0b8e2e691ad67/jiter-0.13.0-cp314-cp314-manylinux_2_17_armv7l.manylinux2014_armv7l.whl; https://files.pythonhosted.org/packages/d2/65/415f0a75cf6921e43365a1bc227c565cb949caca8b7532776e430cbaa530/jiter-0.13.0-cp314-cp314-manylinux_2_17_ppc64le.manylinux2014_ppc64le.whl; https://files.pythonhosted.org/packages/54/a2/9e12b48e82c6bbc6081fd81abf915e1443add1b13d8fc586e1d90bb02bb8/jiter-0.13.0-cp314-cp314-manylinux_2_17_s390x.manylinux2014_s390x.whl; https://files.pythonhosted.org/packages/4e/c1/e4693f107a1789a239c759a432e9afc592366f04e901470c2af89cfd28e1/jiter-0.13.0-cp314-cp314-manylinux_2_17_x86_64.manylinux2014_x86_64.whl; https://files.pythonhosted.org/packages/17/08/91b9ea976c1c758240614bd88442681a87672eebc3d9a6dde476874e706b/jiter-0.13.0-cp314-cp314-manylinux_2_5_i686.manylinux1_i686.whl; https://files.pythonhosted.org/packages/18/23/58325ef99390d6d40427ed6005bf1ad54f2577866594bcf13ce55675f87d/jiter-0.13.0-cp314-cp314-musllinux_1_1_aarch64.whl; https://files.pythonhosted.org/packages/5b/25/69f1120c7c395fd276c3996bb8adefa9c6b84c12bb7111e5c6ccdcd8526d/jiter-0.13.0-cp314-cp314-musllinux_1_1_x86_64.whl; https://files.pythonhosted.org/packages/18/05/981c9669d86850c5fbb0d9e62bba144787f9fba84546ba43d624ee27ef29/jiter-0.13.0-cp314-cp314-win32.whl; https://files.pythonhosted.org/packages/8d/96/cdcf54dd0b0341db7d25413229888a346c7130bd20820530905fdb65727b/jiter-0.13.0-cp314-cp314-win_amd64.whl; https://files.pythonhosted.org/packages/fb/f9/724bcaaab7a3cd727031fe4f6995cb86c4bd344909177c186699c8dec51a/jiter-0.13.0-cp314-cp314-win_arm64.whl; https://files.pythonhosted.org/packages/62/92/1661d8b9fd6a3d7a2d89831db26fe3c1509a287d83ad7838831c7b7a5c7e/jiter-0.13.0-cp314-cp314t-macosx_11_0_arm64.whl; https://files.pythonhosted.org/packages/4f/3b/f77d342a54d4ebcd128e520fc58ec2f5b30a423b0fd26acdfc0c6fef8e26/jiter-0.13.0-cp314-cp314t-manylinux_2_17_aarch64.manylinux2014_aarch64.whl; https://files.pythonhosted.org/packages/76/b3/ba9a69f0e4209bd3331470c723c2f5509e6f0482e416b612431a5061ed71/jiter-0.13.0-cp314-cp314t-manylinux_2_17_armv7l.manylinux2014_armv7l.whl; https://files.pythonhosted.org/packages/b3/16/6cdb31fa342932602458dbb631bfbd47f601e03d2e4950740e0b2100b570/jiter-0.13.0-cp314-cp314t-manylinux_2_17_ppc64le.manylinux2014_ppc64le.whl; https://files.pythonhosted.org/packages/ed/b1/956cc7abaca8d95c13aa8d6c9b3f3797241c246cd6e792934cc4c8b250d2/jiter-0.13.0-cp314-cp314t-manylinux_2_17_s390x.manylinux2014_s390x.whl; https://files.pythonhosted.org/packages/26/c4/97ecde8b1e74f67b8598c57c6fccf6df86ea7861ed29da84629cdbba76c4/jiter-0.13.0-cp314-cp314t-manylinux_2_17_x86_64.manylinux2014_x86_64.whl; https://files.pythonhosted.org/packages/4b/d7/eabe3cf46715854ccc80be2cd78dd4c36aedeb30751dbf85a1d08c14373c/jiter-0.13.0-cp314-cp314t-manylinux_2_5_i686.manylinux1_i686.whl; https://files.pythonhosted.org/packages/df/2d/03963fc0804e6109b82decfb9974eb92df3797fe7222428cae12f8ccaa0c/jiter-0.13.0-cp314-cp314t-musllinux_1_1_aarch64.whl; https://files.pythonhosted.org/packages/f6/6c/8c83b45eb3eb1c1e18d841fe30b4b5bc5619d781267ca9bc03e005d8fd0a/jiter-0.13.0-cp314-cp314t-musllinux_1_1_x86_64.whl; https://files.pythonhosted.org/packages/47/66/eea81dfff765ed66c68fd2ed8c96245109e13c896c2a5015c7839c92367e/jiter-0.13.0-cp314-cp314t-win32.whl; https://files.pythonhosted.org/packages/ff/32/4ac9c7a76402f8f00d00842a7f6b83b284d0cf7c1e9d4227bc95aa6d17fa/jiter-0.13.0-cp314-cp314t-win_amd64.whl; https://files.pythonhosted.org/packages/f9/8e/7def204fea9f9be8b3c21a6f2dd6c020cf56c7d5ff753e0e23ed7f9ea57e/jiter-0.13.0-cp314-cp314t-win_arm64.whl; https://files.pythonhosted.org/packages/79/b3/3c29819a27178d0e461a8571fb63c6ae38be6dc36b78b3ec2876bbd6a910/jiter-0.13.0-graalpy311-graalpy242_311_native-macosx_10_12_x86_64.whl; https://files.pythonhosted.org/packages/eb/ae/60993e4b07b1ac5ebe46da7aa99fdbb802eb986c38d26e3883ac0125c4e0/jiter-0.13.0-graalpy311-graalpy242_311_native-macosx_11_0_arm64.whl; https://files.pythonhosted.org/packages/77/fa/2227e590e9cf98803db2811f172b2d6460a21539ab73006f251c66f44b14/jiter-0.13.0-graalpy311-graalpy242_311_native-manylinux_2_17_aarch64.manylinux2014_aarch64.whl; https://files.pythonhosted.org/packages/2d/92/015173281f7eb96c0ef580c997da8ef50870d4f7f4c9e03c845a1d62ae04/jiter-0.13.0-graalpy311-graalpy242_311_native-manylinux_2_17_x86_64.manylinux2014_x86_64.whl; https://files.pythonhosted.org/packages/80/60/e50fa45dd7e2eae049f0ce964663849e897300433921198aef94b6ffa23a/jiter-0.13.0-graalpy312-graalpy250_312_native-macosx_10_12_x86_64.whl; https://files.pythonhosted.org/packages/d2/73/a009f41c5eed71c49bec53036c4b33555afcdee70682a18c6f66e396c039/jiter-0.13.0-graalpy312-graalpy250_312_native-macosx_11_0_arm64.whl; https://files.pythonhosted.org/packages/c4/10/528b439290763bff3d939268085d03382471b442f212dca4ff5f12802d43/jiter-0.13.0-graalpy312-graalpy250_312_native-manylinux_2_17_aarch64.manylinux2014_aarch64.whl; https://files.pythonhosted.org/packages/67/8a/a342b2f0251f3dac4ca17618265d93bf244a2a4d089126e81e4c1056ac50/jiter-0.13.0-graalpy312-graalpy250_312_native-manylinux_2_17_x86_64.manylinux2014_x86_64.whl,https://files.pythonhosted.org/packages/0d/5e/4ec91646aee381d01cdb9974e30882c9cd3b8c5d1079d6b5ff4af522439a/jiter-0.13.0.tar.gz; https://files.pythonhosted.org/packages/d0/5a/41da76c5ea07bec1b0472b6b2fdb1b651074d504b19374d7e130e0cdfb25/jiter-0.13.0-cp310-cp310-macosx_10_12_x86_64.whl; https://files.pythonhosted.org/packages/40/cb/4a1bf994a3e869f0d39d10e11efb471b76d0ad70ecbfb591427a46c880c2/jiter-0.13.0-cp310-cp310-macosx_11_0_arm64.whl; https://files.pythonhosted.org/packages/09/82/acd71ca9b50ecebadc3979c541cd717cce2fe2bc86236f4fa597565d8f1a/jiter-0.13.0-cp310-cp310-manylinux_2_17_aarch64.manylinux2014_aarch64.whl; https://files.pythonhosted.org/packages/71/03/d1fc996f3aecfd42eb70922edecfb6dd26421c874503e241153ad41df94f/jiter-0.13.0-cp310-cp310-manylinux_2_17_armv7l.manylinux2014_armv7l.whl; https://files.pythonhosted.org/packages/f1/61/a30492366378cc7a93088858f8991acd7d959759fe6138c12a4644e58e81/jiter-0.13.0-cp310-cp310-manylinux_2_17_ppc64le.manylinux2014_ppc64le.whl; https://files.pythonhosted.org/packages/20/4e/4223cffa9dbbbc96ed821c5aeb6bca510848c72c02086d1ed3f1da3d58a7/jiter-0.13.0-cp310-cp310-manylinux_2_17_s390x.manylinux2014_s390x.whl; https://files.pythonhosted.org/packages/fe/c9/b0489a01329ab07a83812d9ebcffe7820a38163c6d9e7da644f926ff877c/jiter-0.13.0-cp310-cp310-manylinux_2_17_x86_64.manylinux2014_x86_64.whl; https://files.pythonhosted.org/packages/05/af/53e561352a44afcba9a9bc67ee1d320b05a370aed8df54eafe714c4e454d/jiter-0.13.0-cp310-cp310-manylinux_2_5_i686.manylinux1_i686.whl; https://files.pythonhosted.org/packages/76/2a/dd805c3afb8ed5b326c5ae49e725d1b1255b9754b1b77dbecdc621b20773/jiter-0.13.0-cp310-cp310-musllinux_1_1_aarch64.whl; https://files.pythonhosted.org/packages/20/2a/7b67d76f55b8fe14c937e7640389612f05f9a4145fc28ae128aaa5e62257/jiter-0.13.0-cp310-cp310-musllinux_1_1_x86_64.whl; https://files.pythonhosted.org/packages/85/9c/57cdd64dac8f4c6ab8f994fe0eb04dc9fd1db102856a4458fcf8a99dfa62/jiter-0.13.0-cp310-cp310-win32.whl; https://files.pythonhosted.org/packages/a7/38/f4f3ea5788b8a5bae7510a678cdc747eda0c45ffe534f9878ff37e7cf3b3/jiter-0.13.0-cp310-cp310-win_amd64.whl; https://files.pythonhosted.org/packages/71/29/499f8c9eaa8a16751b1c0e45e6f5f1761d180da873d417996cc7bddc8eef/jiter-0.13.0-cp311-cp311-macosx_10_12_x86_64.whl; https://files.pythonhosted.org/packages/50/f6/566364c777d2ab450b92100bea11333c64c38d32caf8dc378b48e5b20c46/jiter-0.13.0-cp311-cp311-macosx_11_0_arm64.whl; https://files.pythonhosted.org/packages/73/dd/560f13ec5e4f116d8ad2658781646cca91b617ae3b8758d4a5076b278f70/jiter-0.13.0-cp311-cp311-manylinux_2_17_aarch64.manylinux2014_aarch64.whl; https://files.pythonhosted.org/packages/7c/0d/061faffcfe94608cbc28a0d42a77a74222bdf5055ccdbe5fd2292b94f510/jiter-0.13.0-cp311-cp311-manylinux_2_17_armv7l.manylinux2014_armv7l.whl; https://files.pythonhosted.org/packages/92/c9/c66a7864982fd38a9773ec6e932e0398d1262677b8c60faecd02ffb67bf3/jiter-0.13.0-cp311-cp311-manylinux_2_17_ppc64le.manylinux2014_ppc64le.whl; https://files.pythonhosted.org/packages/6c/86/84eb4352cd3668f16d1a88929b5888a3fe0418ea8c1dfc2ad4e7bf6e069a/jiter-0.13.0-cp311-cp311-manylinux_2_17_s390x.manylinux2014_s390x.whl; https://files.pythonhosted.org/packages/6e/09/9fe4c159358176f82d4390407a03f506a8659ed13ca3ac93a843402acecf/jiter-0.13.0-cp311-cp311-manylinux_2_17_x86_64.manylinux2014_x86_64.whl; https://files.pythonhosted.org/packages/c9/5e/85f3ab9caca0c1d0897937d378b4a515cae9e119730563572361ea0c48ae/jiter-0.13.0-cp311-cp311-manylinux_2_5_i686.manylinux1_i686.whl; https://files.pythonhosted.org/packages/12/4c/05b8629ad546191939e6f0c2f17e29f542a398f4a52fb987bc70b6d1eb8b/jiter-0.13.0-cp311-cp311-musllinux_1_1_aarch64.whl; https://files.pythonhosted.org/packages/4d/88/367ea2eb6bc582c7052e4baf5ddf57ebe5ab924a88e0e09830dfb585c02d/jiter-0.13.0-cp311-cp311-musllinux_1_1_x86_64.whl; https://files.pythonhosted.org/packages/f3/12/fa377ffb94a2f28c41afaed093e0d70cfe512035d5ecb0cad0ae4792d35e/jiter-0.13.0-cp311-cp311-win32.whl; https://files.pythonhosted.org/packages/cb/16/8e8203ce92f844dfcd3d9d6a5a7322c77077248dbb12da52d23193a839cd/jiter-0.13.0-cp311-cp311-win_amd64.whl; https://files.pythonhosted.org/packages/44/26/97cc40663deb17b9e13c3a5cf29251788c271b18ee4d262c8f94798b8336/jiter-0.13.0-cp311-cp311-win_arm64.whl; https://files.pythonhosted.org/packages/2e/30/7687e4f87086829955013ca12a9233523349767f69653ebc27036313def9/jiter-0.13.0-cp312-cp312-macosx_10_12_x86_64.whl; https://files.pythonhosted.org/packages/c3/27/e57f9a783246ed95481e6749cc5002a8a767a73177a83c63ea71f0528b90/jiter-0.13.0-cp312-cp312-macosx_11_0_arm64.whl; https://files.pythonhosted.org/packages/cf/52/e5719a60ac5d4d7c5995461a94ad5ef962a37c8bf5b088390e6fad59b2ff/jiter-0.13.0-cp312-cp312-manylinux_2_17_aarch64.manylinux2014_aarch64.whl; https://files.pythonhosted.org/packages/61/db/c1efc32b8ba4c740ab3fc2d037d8753f67685f475e26b9d6536a4322bcdd/jiter-0.13.0-cp312-cp312-manylinux_2_17_armv7l.manylinux2014_armv7l.whl; https://files.pythonhosted.org/packages/55/8a/fb75556236047c8806995671a18e4a0ad646ed255276f51a20f32dceaeec/jiter-0.13.0-cp312-cp312-manylinux_2_17_ppc64le.manylinux2014_ppc64le.whl; https://files.pythonhosted.org/packages/7e/16/43512e6ee863875693a8e6f6d532e19d650779d6ba9a81593ae40a9088ff/jiter-0.13.0-cp312-cp312-manylinux_2_17_s390x.manylinux2014_s390x.whl; https://files.pythonhosted.org/packages/f8/4c/09b93e30e984a187bc8aaa3510e1ec8dcbdcd71ca05d2f56aac0492453aa/jiter-0.13.0-cp312-cp312-manylinux_2_17_x86_64.manylinux2014_x86_64.whl; https://files.pythonhosted.org/packages/1a/1b/46c5e349019874ec5dfa508c14c37e29864ea108d376ae26d90bee238cd7/jiter-0.13.0-cp312-cp312-manylinux_2_5_i686.manylinux1_i686.whl; https://files.pythonhosted.org/packages/15/9e/26184760e85baee7162ad37b7912797d2077718476bf91517641c92b3639/jiter-0.13.0-cp312-cp312-musllinux_1_1_aarch64.whl; https://files.pythonhosted.org/packages/e9/34/2c9355247d6debad57a0a15e76ab1566ab799388042743656e566b3b7de1/jiter-0.13.0-cp312-cp312-musllinux_1_1_x86_64.whl; https://files.pythonhosted.org/packages/ac/4a/9f2c23255d04a834398b9c2e0e665382116911dc4d06b795710503cdad25/jiter-0.13.0-cp312-cp312-win32.whl; https://files.pythonhosted.org/packages/09/ee/f0ae675a957ae5a8f160be3e87acea6b11dc7b89f6b7ab057e77b2d2b13a/jiter-0.13.0-cp312-cp312-win_amd64.whl; https://files.pythonhosted.org/packages/1b/02/ae611edf913d3cbf02c97cdb90374af2082c48d7190d74c1111dde08bcdd/jiter-0.13.0-cp312-cp312-win_arm64.whl; https://files.pythonhosted.org/packages/91/9c/7ee5a6ff4b9991e1a45263bfc46731634c4a2bde27dfda6c8251df2d958c/jiter-0.13.0-cp313-cp313-macosx_10_12_x86_64.whl; https://files.pythonhosted.org/packages/7c/02/be5b870d1d2be5dd6a91bdfb90f248fbb7dcbd21338f092c6b89817c3dbf/jiter-0.13.0-cp313-cp313-macosx_11_0_arm64.whl; https://files.pythonhosted.org/packages/da/92/b25d2ec333615f5f284f3a4024f7ce68cfa0604c322c6808b2344c7f5d2b/jiter-0.13.0-cp313-cp313-manylinux_2_17_aarch64.manylinux2014_aarch64.whl; https://files.pythonhosted.org/packages/be/ec/74dcb99fef0aca9fbe56b303bf79f6bd839010cb18ad41000bf6cc71eec0/jiter-0.13.0-cp313-cp313-manylinux_2_17_armv7l.manylinux2014_armv7l.whl; https://files.pythonhosted.org/packages/1b/37/f17375e0bb2f6a812d4dd92d7616e41917f740f3e71343627da9db2824ce/jiter-0.13.0-cp313-cp313-manylinux_2_17_ppc64le.manylinux2014_ppc64le.whl; https://files.pythonhosted.org/packages/77/d2/a71160a5ae1a1e66c1395b37ef77da67513b0adba73b993a27fbe47eb048/jiter-0.13.0-cp313-cp313-manylinux_2_17_s390x.manylinux2014_s390x.whl; https://files.pythonhosted.org/packages/01/99/ed5e478ff0eb4e8aa5fd998f9d69603c9fd3f32de3bd16c2b1194f68361c/jiter-0.13.0-cp313-cp313-manylinux_2_17_x86_64.manylinux2014_x86_64.whl; https://files.pythonhosted.org/packages/16/be/7ffd08203277a813f732ba897352797fa9493faf8dc7995b31f3d9cb9488/jiter-0.13.0-cp313-cp313-manylinux_2_5_i686.manylinux1_i686.whl; https://files.pythonhosted.org/packages/d1/84/e0787856196d6d346264d6dcccb01f741e5f0bd014c1d9a2ebe149caf4f3/jiter-0.13.0-cp313-cp313-musllinux_1_1_aarch64.whl; https://files.pythonhosted.org/packages/65/50/ecbd258181c4313cf79bca6c88fb63207d04d5bf5e4f65174114d072aa55/jiter-0.13.0-cp313-cp313-musllinux_1_1_x86_64.whl; https://files.pythonhosted.org/packages/27/da/68f38d12e7111d2016cd198161b36e1f042bd115c169255bcb7ec823a3bf/jiter-0.13.0-cp313-cp313-win32.whl; https://files.pythonhosted.org/packages/25/65/3bd1a972c9a08ecd22eb3b08a95d1941ebe6938aea620c246cf426ae09c2/jiter-0.13.0-cp313-cp313-win_amd64.whl; https://files.pythonhosted.org/packages/15/fe/13bd3678a311aa67686bb303654792c48206a112068f8b0b21426eb6851e/jiter-0.13.0-cp313-cp313-win_arm64.whl; https://files.pythonhosted.org/packages/49/19/a929ec002ad3228bc97ca01dbb14f7632fffdc84a95ec92ceaf4145688ae/jiter-0.13.0-cp313-cp313t-macosx_11_0_arm64.whl; https://files.pythonhosted.org/packages/52/56/d19a9a194afa37c1728831e5fb81b7722c3de18a3109e8f282bfc23e587a/jiter-0.13.0-cp313-cp313t-manylinux_2_17_aarch64.manylinux2014_aarch64.whl; https://files.pythonhosted.org/packages/36/4a/94e831c6bf287754a8a019cb966ed39ff8be6ab78cadecf08df3bb02d505/jiter-0.13.0-cp313-cp313t-manylinux_2_17_x86_64.manylinux2014_x86_64.whl; https://files.pythonhosted.org/packages/a2/ec/a4c72c822695fa80e55d2b4142b73f0012035d9fcf90eccc56bc060db37c/jiter-0.13.0-cp313-cp313t-win_amd64.whl; https://files.pythonhosted.org/packages/b6/00/393553ec27b824fbc29047e9c7cd4a3951d7fbe4a76743f17e44034fa4e4/jiter-0.13.0-cp313-cp313t-win_arm64.whl; https://files.pythonhosted.org/packages/6e/f5/f1997e987211f6f9bd71b8083047b316208b4aca0b529bb5f8c96c89ef3e/jiter-0.13.0-cp314-cp314-macosx_10_12_x86_64.whl; https://files.pythonhosted.org/packages/cd/8f/5482a7677731fd44881f0204981ce2d7175db271f82cba2085dd2212e095/jiter-0.13.0-cp314-cp314-macosx_11_0_arm64.whl; https://files.pythonhosted.org/packages/f3/b9/7257ac59778f1cd025b26a23c5520a36a424f7f1b068f2442a5b499b7464/jiter-0.13.0-cp314-cp314-manylinux_2_17_aarch64.manylinux2014_aarch64.whl; https://files.pythonhosted.org/packages/c3/87/719eec4a3f0841dad99e3d3604ee4cba36af4419a76f3cb0b8e2e691ad67/jiter-0.13.0-cp314-cp314-manylinux_2_17_armv7l.manylinux2014_armv7l.whl; https://files.pythonhosted.org/packages/d2/65/415f0a75cf6921e43365a1bc227c565cb949caca8b7532776e430cbaa530/jiter-0.13.0-cp314-cp314-manylinux_2_17_ppc64le.manylinux2014_ppc64le.whl; https://files.pythonhosted.org/packages/54/a2/9e12b48e82c6bbc6081fd81abf915e1443add1b13d8fc586e1d90bb02bb8/jiter-0.13.0-cp314-cp314-manylinux_2_17_s390x.manylinux2014_s390x.whl; https://files.pythonhosted.org/packages/4e/c1/e4693f107a1789a239c759a432e9afc592366f04e901470c2af89cfd28e1/jiter-0.13.0-cp314-cp314-manylinux_2_17_x86_64.manylinux2014_x86_64.whl; https://files.pythonhosted.org/packages/17/08/91b9ea976c1c758240614bd88442681a87672eebc3d9a6dde476874e706b/jiter-0.13.0-cp314-cp314-manylinux_2_5_i686.manylinux1_i686.whl; https://files.pythonhosted.org/packages/18/23/58325ef99390d6d40427ed6005bf1ad54f2577866594bcf13ce55675f87d/jiter-0.13.0-cp314-cp314-musllinux_1_1_aarch64.whl; https://files.pythonhosted.org/packages/5b/25/69f1120c7c395fd276c3996bb8adefa9c6b84c12bb7111e5c6ccdcd8526d/jiter-0.13.0-cp314-cp314-musllinux_1_1_x86_64.whl; https://files.pythonhosted.org/packages/18/05/981c9669d86850c5fbb0d9e62bba144787f9fba84546ba43d624ee27ef29/jiter-0.13.0-cp314-cp314-win32.whl; https://files.pythonhosted.org/packages/8d/96/cdcf54dd0b0341db7d25413229888a346c7130bd20820530905fdb65727b/jiter-0.13.0-cp314-cp314-win_amd64.whl; https://files.pythonhosted.org/packages/fb/f9/724bcaaab7a3cd727031fe4f6995cb86c4bd344909177c186699c8dec51a/jiter-0.13.0-cp314-cp314-win_arm64.whl; https://files.pythonhosted.org/packages/62/92/1661d8b9fd6a3d7a2d89831db26fe3c1509a287d83ad7838831c7b7a5c7e/jiter-0.13.0-cp314-cp314t-macosx_11_0_arm64.whl; https://files.pythonhosted.org/packages/4f/3b/f77d342a54d4ebcd128e520fc58ec2f5b30a423b0fd26acdfc0c6fef8e26/jiter-0.13.0-cp314-cp314t-manylinux_2_17_aarch64.manylinux2014_aarch64.whl; https://files.pythonhosted.org/packages/76/b3/ba9a69f0e4209bd3331470c723c2f5509e6f0482e416b612431a5061ed71/jiter-0.13.0-cp314-cp314t-manylinux_2_17_armv7l.manylinux2014_armv7l.whl; https://files.pythonhosted.org/packages/b3/16/6cdb31fa342932602458dbb631bfbd47f601e03d2e4950740e0b2100b570/jiter-0.13.0-cp314-cp314t-manylinux_2_17_ppc64le.manylinux2014_ppc64le.whl; https://files.pythonhosted.org/packages/ed/b1/956cc7abaca8d95c13aa8d6c9b3f3797241c246cd6e792934cc4c8b250d2/jiter-0.13.0-cp314-cp314t-manylinux_2_17_s390x.manylinux2014_s390x.whl; https://files.pythonhosted.org/packages/26/c4/97ecde8b1e74f67b8598c57c6fccf6df86ea7861ed29da84629cdbba76c4/jiter-0.13.0-cp314-cp314t-manylinux_2_17_x86_64.manylinux2014_x86_64.whl; https://files.pythonhosted.org/packages/4b/d7/eabe3cf46715854ccc80be2cd78dd4c36aedeb30751dbf85a1d08c14373c/jiter-0.13.0-cp314-cp314t-manylinux_2_5_i686.manylinux1_i686.whl; https://files.pythonhosted.org/packages/df/2d/03963fc0804e6109b82decfb9974eb92df3797fe7222428cae12f8ccaa0c/jiter-0.13.0-cp314-cp314t-musllinux_1_1_aarch64.whl; https://files.pythonhosted.org/packages/f6/6c/8c83b45eb3eb1c1e18d841fe30b4b5bc5619d781267ca9bc03e005d8fd0a/jiter-0.13.0-cp314-cp314t-musllinux_1_1_x86_64.whl; https://files.pythonhosted.org/packages/47/66/eea81dfff765ed66c68fd2ed8c96245109e13c896c2a5015c7839c92367e/jiter-0.13.0-cp314-cp314t-win32.whl; https://files.pythonhosted.org/packages/ff/32/4ac9c7a76402f8f00d00842a7f6b83b284d0cf7c1e9d4227bc95aa6d17fa/jiter-0.13.0-cp314-cp314t-win_amd64.whl; https://files.pythonhosted.org/packages/f9/8e/7def204fea9f9be8b3c21a6f2dd6c020cf56c7d5ff753e0e23ed7f9ea57e/jiter-0.13.0-cp314-cp314t-win_arm64.whl; https://files.pythonhosted.org/packages/79/b3/3c29819a27178d0e461a8571fb63c6ae38be6dc36b78b3ec2876bbd6a910/jiter-0.13.0-graalpy311-graalpy242_311_native-macosx_10_12_x86_64.whl; https://files.pythonhosted.org/packages/eb/ae/60993e4b07b1ac5ebe46da7aa99fdbb802eb986c38d26e3883ac0125c4e0/jiter-0.13.0-graalpy311-graalpy242_311_native-macosx_11_0_arm64.whl; https://files.pythonhosted.org/packages/77/fa/2227e590e9cf98803db2811f172b2d6460a21539ab73006f251c66f44b14/jiter-0.13.0-graalpy311-graalpy242_311_native-manylinux_2_17_aarch64.manylinux2014_aarch64.whl; https://files.pythonhosted.org/packages/2d/92/015173281f7eb96c0ef580c997da8ef50870d4f7f4c9e03c845a1d62ae04/jiter-0.13.0-graalpy311-graalpy242_311_native-manylinux_2_17_x86_64.manylinux2014_x86_64.whl; https://files.pythonhosted.org/packages/80/60/e50fa45dd7e2eae049f0ce964663849e897300433921198aef94b6ffa23a/jiter-0.13.0-graalpy312-graalpy250_312_native-macosx_10_12_x86_64.whl; https://files.pythonhosted.org/packages/d2/73/a009f41c5eed71c49bec53036c4b33555afcdee70682a18c6f66e396c039/jiter-0.13.0-graalpy312-graalpy250_312_native-macosx_11_0_arm64.whl; https://files.pythonhosted.org/packages/c4/10/528b439290763bff3d939268085d03382471b442f212dca4ff5f12802d43/jiter-0.13.0-graalpy312-graalpy250_312_native-manylinux_2_17_aarch64.manylinux2014_aarch64.whl; https://files.pythonhosted.org/packages/67/8a/a342b2f0251f3dac4ca17618265d93bf244a2a4d089126e81e4c1056ac50/jiter-0.13.0-graalpy312-graalpy250_312_native-manylinux_2_17_x86_64.manylinux2014_x86_64.whl,not_applicable,not_applicable,yes,,true,true,pkg:pypi/jiter@0.13.0,PY-01,cdxgen,sboms_raw/cdxgen/PY-01_fastapi_cyclonedx.json,97,100913,1
GT-0240,supplier,pypi,MAV-03,cdxgen,sboms_validation/cdxgen/MAV-03_flink_cyclonedx.json,1682,markupsafe,3.0.3,pkg:pypi/markupsafe@3.0.3,verified,Pallets (fiscally sponsored by the Python Software Foundation),Pallets <contact@palletsprojects.com>,incorrect,,uncertain,manual_review,SEM-SUP-04,"The retrieved party has role 'maintainer_email', which does not by itself establish that the party is the CycloneDX supplier.",out_of_scope,maintainer_email,pypi.info.maintainer_email,,False,none,False,https://files.pythonhosted.org/packages/7e/99/7690b6d4034fffd95959cbe0c02de8deb3098cc577c67bb6a24fe5d7caa7/markupsafe-3.0.3.tar.gz; https://files.pythonhosted.org/packages/e8/4b/3541d44f3937ba468b75da9eebcae497dcf67adb65caa16760b0a6807ebb/markupsafe-3.0.3-cp310-cp310-macosx_10_9_x86_64.whl; https://files.pythonhosted.org/packages/98/1b/fbd8eed11021cabd9226c37342fa6ca4e8a98d8188a8d9b66740494960e4/markupsafe-3.0.3-cp310-cp310-macosx_11_0_arm64.whl; https://files.pythonhosted.org/packages/40/01/e560d658dc0bb8ab762670ece35281dec7b6c1b33f5fbc09ebb57a185519/markupsafe-3.0.3-cp310-cp310-manylinux2014_aarch64.manylinux_2_17_aarch64.manylinux_2_28_aarch64.whl; https://files.pythonhosted.org/packages/af/cd/ce6e848bbf2c32314c9b237839119c5a564a59725b53157c856e90937b7a/markupsafe-3.0.3-cp310-cp310-manylinux2014_x86_64.manylinux_2_17_x86_64.manylinux_2_28_x86_64.whl; https://files.pythonhosted.org/packages/c9/2a/b5c12c809f1c3045c4d580b035a743d12fcde53cf685dbc44660826308da/markupsafe-3.0.3-cp310-cp310-manylinux_2_31_riscv64.manylinux_2_39_riscv64.whl; https://files.pythonhosted.org/packages/cf/e3/9427a68c82728d0a88c50f890d0fc072a1484de2f3ac1ad0bfc1a7214fd5/markupsafe-3.0.3-cp310-cp310-musllinux_1_2_aarch64.whl; https://files.pythonhosted.org/packages/bc/36/23578f29e9e582a4d0278e009b38081dbe363c5e7165113fad546918a232/markupsafe-3.0.3-cp310-cp310-musllinux_1_2_riscv64.whl; https://files.pythonhosted.org/packages/56/21/dca11354e756ebd03e036bd8ad58d6d7168c80ce1fe5e75218e4945cbab7/markupsafe-3.0.3-cp310-cp310-musllinux_1_2_x86_64.whl; https://files.pythonhosted.org/packages/87/99/faba9369a7ad6e4d10b6a5fbf71fa2a188fe4a593b15f0963b73859a1bbd/markupsafe-3.0.3-cp310-cp310-win32.whl; https://files.pythonhosted.org/packages/d6/25/55dc3ab959917602c96985cb1253efaa4ff42f71194bddeb61eb7278b8be/markupsafe-3.0.3-cp310-cp310-win_amd64.whl; https://files.pythonhosted.org/packages/d0/9e/0a02226640c255d1da0b8d12e24ac2aa6734da68bff14c05dd53b94a0fc3/markupsafe-3.0.3-cp310-cp310-win_arm64.whl; https://files.pythonhosted.org/packages/08/db/fefacb2136439fc8dd20e797950e749aa1f4997ed584c62cfb8ef7c2be0e/markupsafe-3.0.3-cp311-cp311-macosx_10_9_x86_64.whl; https://files.pythonhosted.org/packages/e1/2e/5898933336b61975ce9dc04decbc0a7f2fee78c30353c5efba7f2d6ff27a/markupsafe-3.0.3-cp311-cp311-macosx_11_0_arm64.whl; https://files.pythonhosted.org/packages/1d/09/adf2df3699d87d1d8184038df46a9c80d78c0148492323f4693df54e17bb/markupsafe-3.0.3-cp311-cp311-manylinux2014_aarch64.manylinux_2_17_aarch64.manylinux_2_28_aarch64.whl; https://files.pythonhosted.org/packages/30/ac/0273f6fcb5f42e314c6d8cd99effae6a5354604d461b8d392b5ec9530a54/markupsafe-3.0.3-cp311-cp311-manylinux2014_x86_64.manylinux_2_17_x86_64.manylinux_2_28_x86_64.whl; https://files.pythonhosted.org/packages/19/ae/31c1be199ef767124c042c6c3e904da327a2f7f0cd63a0337e1eca2967a8/markupsafe-3.0.3-cp311-cp311-manylinux_2_31_riscv64.manylinux_2_39_riscv64.whl; https://files.pythonhosted.org/packages/b2/76/7edcab99d5349a4532a459e1fe64f0b0467a3365056ae550d3bcf3f79e1e/markupsafe-3.0.3-cp311-cp311-musllinux_1_2_aarch64.whl; https://files.pythonhosted.org/packages/a4/28/6e74cdd26d7514849143d69f0bf2399f929c37dc2b31e6829fd2045b2765/markupsafe-3.0.3-cp311-cp311-musllinux_1_2_riscv64.whl; https://files.pythonhosted.org/packages/62/7e/a145f36a5c2945673e590850a6f8014318d5577ed7e5920a4b3448e0865d/markupsafe-3.0.3-cp311-cp311-musllinux_1_2_x86_64.whl; https://files.pythonhosted.org/packages/0f/62/d9c46a7f5c9adbeeeda52f5b8d802e1094e9717705a645efc71b0913a0a8/markupsafe-3.0.3-cp311-cp311-win32.whl; https://files.pythonhosted.org/packages/83/8a/4414c03d3f891739326e1783338e48fb49781cc915b2e0ee052aa490d586/markupsafe-3.0.3-cp311-cp311-win_amd64.whl; https://files.pythonhosted.org/packages/35/73/893072b42e6862f319b5207adc9ae06070f095b358655f077f69a35601f0/markupsafe-3.0.3-cp311-cp311-win_arm64.whl; https://files.pythonhosted.org/packages/5a/72/147da192e38635ada20e0a2e1a51cf8823d2119ce8883f7053879c2199b5/markupsafe-3.0.3-cp312-cp312-macosx_10_13_x86_64.whl; https://files.pythonhosted.org/packages/9a/81/7e4e08678a1f98521201c3079f77db69fb552acd56067661f8c2f534a718/markupsafe-3.0.3-cp312-cp312-macosx_11_0_arm64.whl; https://files.pythonhosted.org/packages/1e/2c/799f4742efc39633a1b54a92eec4082e4f815314869865d876824c257c1e/markupsafe-3.0.3-cp312-cp312-manylinux2014_aarch64.manylinux_2_17_aarch64.manylinux_2_28_aarch64.whl; https://files.pythonhosted.org/packages/3c/2e/8d0c2ab90a8c1d9a24f0399058ab8519a3279d1bd4289511d74e909f060e/markupsafe-3.0.3-cp312-cp312-manylinux2014_x86_64.manylinux_2_17_x86_64.manylinux_2_28_x86_64.whl; https://files.pythonhosted.org/packages/2c/54/887f3092a85238093a0b2154bd629c89444f395618842e8b0c41783898ea/markupsafe-3.0.3-cp312-cp312-manylinux_2_31_riscv64.manylinux_2_39_riscv64.whl; https://files.pythonhosted.org/packages/c9/2f/336b8c7b6f4a4d95e91119dc8521402461b74a485558d8f238a68312f11c/markupsafe-3.0.3-cp312-cp312-musllinux_1_2_aarch64.whl; https://files.pythonhosted.org/packages/32/43/67935f2b7e4982ffb50a4d169b724d74b62a3964bc1a9a527f5ac4f1ee2b/markupsafe-3.0.3-cp312-cp312-musllinux_1_2_riscv64.whl; https://files.pythonhosted.org/packages/89/e0/4486f11e51bbba8b0c041098859e869e304d1c261e59244baa3d295d47b7/markupsafe-3.0.3-cp312-cp312-musllinux_1_2_x86_64.whl; https://files.pythonhosted.org/packages/2f/e1/78ee7a023dac597a5825441ebd17170785a9dab23de95d2c7508ade94e0e/markupsafe-3.0.3-cp312-cp312-win32.whl; https://files.pythonhosted.org/packages/aa/5b/bec5aa9bbbb2c946ca2733ef9c4ca91c91b6a24580193e891b5f7dbe8e1e/markupsafe-3.0.3-cp312-cp312-win_amd64.whl; https://files.pythonhosted.org/packages/e5/f1/216fc1bbfd74011693a4fd837e7026152e89c4bcf3e77b6692fba9923123/markupsafe-3.0.3-cp312-cp312-win_arm64.whl; https://files.pythonhosted.org/packages/38/2f/907b9c7bbba283e68f20259574b13d005c121a0fa4c175f9bed27c4597ff/markupsafe-3.0.3-cp313-cp313-macosx_10_13_x86_64.whl; https://files.pythonhosted.org/packages/9c/d9/5f7756922cdd676869eca1c4e3c0cd0df60ed30199ffd775e319089cb3ed/markupsafe-3.0.3-cp313-cp313-macosx_11_0_arm64.whl; https://files.pythonhosted.org/packages/00/07/575a68c754943058c78f30db02ee03a64b3c638586fba6a6dd56830b30a3/markupsafe-3.0.3-cp313-cp313-manylinux2014_aarch64.manylinux_2_17_aarch64.manylinux_2_28_aarch64.whl; https://files.pythonhosted.org/packages/a9/21/9b05698b46f218fc0e118e1f8168395c65c8a2c750ae2bab54fc4bd4e0e8/markupsafe-3.0.3-cp313-cp313-manylinux2014_x86_64.manylinux_2_17_x86_64.manylinux_2_28_x86_64.whl; https://files.pythonhosted.org/packages/7f/71/544260864f893f18b6827315b988c146b559391e6e7e8f7252839b1b846a/markupsafe-3.0.3-cp313-cp313-manylinux_2_31_riscv64.manylinux_2_39_riscv64.whl; https://files.pythonhosted.org/packages/c2/28/b50fc2f74d1ad761af2f5dcce7492648b983d00a65b8c0e0cb457c82ebbe/markupsafe-3.0.3-cp313-cp313-musllinux_1_2_aarch64.whl; https://files.pythonhosted.org/packages/ed/76/104b2aa106a208da8b17a2fb72e033a5a9d7073c68f7e508b94916ed47a9/markupsafe-3.0.3-cp313-cp313-musllinux_1_2_riscv64.whl; https://files.pythonhosted.org/packages/b5/99/16a5eb2d140087ebd97180d95249b00a03aa87e29cc224056274f2e45fd6/markupsafe-3.0.3-cp313-cp313-musllinux_1_2_x86_64.whl; https://files.pythonhosted.org/packages/19/bc/e7140ed90c5d61d77cea142eed9f9c303f4c4806f60a1044c13e3f1471d0/markupsafe-3.0.3-cp313-cp313-win32.whl; https://files.pythonhosted.org/packages/05/73/c4abe620b841b6b791f2edc248f556900667a5a1cf023a6646967ae98335/markupsafe-3.0.3-cp313-cp313-win_amd64.whl; https://files.pythonhosted.org/packages/f0/3a/fa34a0f7cfef23cf9500d68cb7c32dd64ffd58a12b09225fb03dd37d5b80/markupsafe-3.0.3-cp313-cp313-win_arm64.whl; https://files.pythonhosted.org/packages/e4/d7/e05cd7efe43a88a17a37b3ae96e79a19e846f3f456fe79c57ca61356ef01/markupsafe-3.0.3-cp313-cp313t-macosx_10_13_x86_64.whl; https://files.pythonhosted.org/packages/99/9e/e412117548182ce2148bdeacdda3bb494260c0b0184360fe0d56389b523b/markupsafe-3.0.3-cp313-cp313t-macosx_11_0_arm64.whl; https://files.pythonhosted.org/packages/bc/e6/fa0ffcda717ef64a5108eaa7b4f5ed28d56122c9a6d70ab8b72f9f715c80/markupsafe-3.0.3-cp313-cp313t-manylinux2014_aarch64.manylinux_2_17_aarch64.manylinux_2_28_aarch64.whl; https://files.pythonhosted.org/packages/96/ec/2102e881fe9d25fc16cb4b25d5f5cde50970967ffa5dddafdb771237062d/markupsafe-3.0.3-cp313-cp313t-manylinux2014_x86_64.manylinux_2_17_x86_64.manylinux_2_28_x86_64.whl; https://files.pythonhosted.org/packages/4b/30/6f2fce1f1f205fc9323255b216ca8a235b15860c34b6798f810f05828e32/markupsafe-3.0.3-cp313-cp313t-manylinux_2_31_riscv64.manylinux_2_39_riscv64.whl; https://files.pythonhosted.org/packages/58/47/4a0ccea4ab9f5dcb6f79c0236d954acb382202721e704223a8aafa38b5c8/markupsafe-3.0.3-cp313-cp313t-musllinux_1_2_aarch64.whl; https://files.pythonhosted.org/packages/6a/70/3780e9b72180b6fecb83a4814d84c3bf4b4ae4bf0b19c27196104149734c/markupsafe-3.0.3-cp313-cp313t-musllinux_1_2_riscv64.whl; https://files.pythonhosted.org/packages/98/c5/c03c7f4125180fc215220c035beac6b9cb684bc7a067c84fc69414d315f5/markupsafe-3.0.3-cp313-cp313t-musllinux_1_2_x86_64.whl; https://files.pythonhosted.org/packages/80/d6/2d1b89f6ca4bff1036499b1e29a1d02d282259f3681540e16563f27ebc23/markupsafe-3.0.3-cp313-cp313t-win32.whl; https://files.pythonhosted.org/packages/2b/98/e48a4bfba0a0ffcf9925fe2d69240bfaa19c6f7507b8cd09c70684a53c1e/markupsafe-3.0.3-cp313-cp313t-win_amd64.whl; https://files.pythonhosted.org/packages/0e/72/e3cc540f351f316e9ed0f092757459afbc595824ca724cbc5a5d4263713f/markupsafe-3.0.3-cp313-cp313t-win_arm64.whl; https://files.pythonhosted.org/packages/33/8a/8e42d4838cd89b7dde187011e97fe6c3af66d8c044997d2183fbd6d31352/markupsafe-3.0.3-cp314-cp314-macosx_10_13_x86_64.whl; https://files.pythonhosted.org/packages/b5/64/7660f8a4a8e53c924d0fa05dc3a55c9cee10bbd82b11c5afb27d44b096ce/markupsafe-3.0.3-cp314-cp314-macosx_11_0_arm64.whl; https://files.pythonhosted.org/packages/da/ef/e648bfd021127bef5fa12e1720ffed0c6cbb8310c8d9bea7266337ff06de/markupsafe-3.0.3-cp314-cp314-manylinux2014_aarch64.manylinux_2_17_aarch64.manylinux_2_28_aarch64.whl; https://files.pythonhosted.org/packages/41/3c/a36c2450754618e62008bf7435ccb0f88053e07592e6028a34776213d877/markupsafe-3.0.3-cp314-cp314-manylinux2014_x86_64.manylinux_2_17_x86_64.manylinux_2_28_x86_64.whl; https://files.pythonhosted.org/packages/bc/20/b7fdf89a8456b099837cd1dc21974632a02a999ec9bf7ca3e490aacd98e7/markupsafe-3.0.3-cp314-cp314-manylinux_2_31_riscv64.manylinux_2_39_riscv64.whl; https://files.pythonhosted.org/packages/9a/a7/591f592afdc734f47db08a75793a55d7fbcc6902a723ae4cfbab61010cc5/markupsafe-3.0.3-cp314-cp314-musllinux_1_2_aarch64.whl; https://files.pythonhosted.org/packages/7d/33/45b24e4f44195b26521bc6f1a82197118f74df348556594bd2262bda1038/markupsafe-3.0.3-cp314-cp314-musllinux_1_2_riscv64.whl; https://files.pythonhosted.org/packages/ff/0e/53dfaca23a69fbfbbf17a4b64072090e70717344c52eaaaa9c5ddff1e5f0/markupsafe-3.0.3-cp314-cp314-musllinux_1_2_x86_64.whl; https://files.pythonhosted.org/packages/46/11/f333a06fc16236d5238bfe74daccbca41459dcd8d1fa952e8fbd5dccfb70/markupsafe-3.0.3-cp314-cp314-win32.whl; https://files.pythonhosted.org/packages/28/52/182836104b33b444e400b14f797212f720cbc9ed6ba34c800639d154e821/markupsafe-3.0.3-cp314-cp314-win_amd64.whl; https://files.pythonhosted.org/packages/6f/18/acf23e91bd94fd7b3031558b1f013adfa21a8e407a3fdb32745538730382/markupsafe-3.0.3-cp314-cp314-win_arm64.whl; https://files.pythonhosted.org/packages/3c/f0/57689aa4076e1b43b15fdfa646b04653969d50cf30c32a102762be2485da/markupsafe-3.0.3-cp314-cp314t-macosx_10_13_x86_64.whl; https://files.pythonhosted.org/packages/89/c3/2e67a7ca217c6912985ec766c6393b636fb0c2344443ff9d91404dc4c79f/markupsafe-3.0.3-cp314-cp314t-macosx_11_0_arm64.whl; https://files.pythonhosted.org/packages/f0/00/be561dce4e6ca66b15276e184ce4b8aec61fe83662cce2f7d72bd3249d28/markupsafe-3.0.3-cp314-cp314t-manylinux2014_aarch64.manylinux_2_17_aarch64.manylinux_2_28_aarch64.whl; https://files.pythonhosted.org/packages/50/09/c419f6f5a92e5fadde27efd190eca90f05e1261b10dbd8cbcb39cd8ea1dc/markupsafe-3.0.3-cp314-cp314t-manylinux2014_x86_64.manylinux_2_17_x86_64.manylinux_2_28_x86_64.whl; https://files.pythonhosted.org/packages/22/44/a0681611106e0b2921b3033fc19bc53323e0b50bc70cffdd19f7d679bb66/markupsafe-3.0.3-cp314-cp314t-manylinux_2_31_riscv64.manylinux_2_39_riscv64.whl; https://files.pythonhosted.org/packages/5f/57/1b0b3f100259dc9fffe780cfb60d4be71375510e435efec3d116b6436d43/markupsafe-3.0.3-cp314-cp314t-musllinux_1_2_aarch64.whl; https://files.pythonhosted.org/packages/26/6a/4bf6d0c97c4920f1597cc14dd720705eca0bf7c787aebc6bb4d1bead5388/markupsafe-3.0.3-cp314-cp314t-musllinux_1_2_riscv64.whl; https://files.pythonhosted.org/packages/14/c7/ca723101509b518797fedc2fdf79ba57f886b4aca8a7d31857ba3ee8281f/markupsafe-3.0.3-cp314-cp314t-musllinux_1_2_x86_64.whl; https://files.pythonhosted.org/packages/fb/df/5bd7a48c256faecd1d36edc13133e51397e41b73bb77e1a69deab746ebac/markupsafe-3.0.3-cp314-cp314t-win32.whl; https://files.pythonhosted.org/packages/1a/8a/0402ba61a2f16038b48b39bccca271134be00c5c9f0f623208399333c448/markupsafe-3.0.3-cp314-cp314t-win_amd64.whl; https://files.pythonhosted.org/packages/70/bc/6f1c2f612465f5fa89b95bead1f44dcb607670fd42891d8fdcd5d039f4f4/markupsafe-3.0.3-cp314-cp314t-win_arm64.whl; https://files.pythonhosted.org/packages/56/23/0d8c13a44bde9154821586520840643467aee574d8ce79a17da539ee7fed/markupsafe-3.0.3-cp39-cp39-macosx_10_9_x86_64.whl; https://files.pythonhosted.org/packages/fd/23/07a2cb9a8045d5f3f0890a8c3bc0859d7a47bfd9a560b563899bec7b72ed/markupsafe-3.0.3-cp39-cp39-macosx_11_0_arm64.whl; https://files.pythonhosted.org/packages/bc/e4/6be85eb81503f8e11b61c0b6369b6e077dcf0a74adbd9ebf6b349937b4e9/markupsafe-3.0.3-cp39-cp39-manylinux2014_aarch64.manylinux_2_17_aarch64.manylinux_2_28_aarch64.whl; https://files.pythonhosted.org/packages/6f/bc/4dc914ead3fe6ddaef035341fee0fc956949bbd27335b611829292b89ee2/markupsafe-3.0.3-cp39-cp39-manylinux2014_x86_64.manylinux_2_17_x86_64.manylinux_2_28_x86_64.whl; https://files.pythonhosted.org/packages/89/6e/5fe81fbcfba4aef4093d5f856e5c774ec2057946052d18d168219b7bd9f9/markupsafe-3.0.3-cp39-cp39-manylinux_2_31_riscv64.manylinux_2_39_riscv64.whl; https://files.pythonhosted.org/packages/f6/f6/e0e5a3d3ae9c4020f696cd055f940ef86b64fe88de26f3a0308b9d3d048c/markupsafe-3.0.3-cp39-cp39-musllinux_1_2_aarch64.whl; https://files.pythonhosted.org/packages/c8/25/651753ef4dea08ea790f4fbb65146a9a44a014986996ca40102e237aa49a/markupsafe-3.0.3-cp39-cp39-musllinux_1_2_riscv64.whl; https://files.pythonhosted.org/packages/dc/0a/c3cf2b4fef5f0426e8a6d7fce3cb966a17817c568ce59d76b92a233fdbec/markupsafe-3.0.3-cp39-cp39-musllinux_1_2_x86_64.whl; https://files.pythonhosted.org/packages/cd/1b/a7782984844bd519ad4ffdbebbba2671ec5d0ebbeac34736c15fb86399e8/markupsafe-3.0.3-cp39-cp39-win32.whl; https://files.pythonhosted.org/packages/18/1f/8d9c20e1c9440e215a44be5ab64359e207fcb4f675543f1cf9a2a7f648d0/markupsafe-3.0.3-cp39-cp39-win_amd64.whl; https://files.pythonhosted.org/packages/4e/d3/fe08482b5cd995033556d45041a4f4e76e7f0521112a9c9991d40d39825f/markupsafe-3.0.3-cp39-cp39-win_arm64.whl,https://files.pythonhosted.org/packages/7e/99/7690b6d4034fffd95959cbe0c02de8deb3098cc577c67bb6a24fe5d7caa7/markupsafe-3.0.3.tar.gz; https://files.pythonhosted.org/packages/e8/4b/3541d44f3937ba468b75da9eebcae497dcf67adb65caa16760b0a6807ebb/markupsafe-3.0.3-cp310-cp310-macosx_10_9_x86_64.whl; https://files.pythonhosted.org/packages/98/1b/fbd8eed11021cabd9226c37342fa6ca4e8a98d8188a8d9b66740494960e4/markupsafe-3.0.3-cp310-cp310-macosx_11_0_arm64.whl; https://files.pythonhosted.org/packages/40/01/e560d658dc0bb8ab762670ece35281dec7b6c1b33f5fbc09ebb57a185519/markupsafe-3.0.3-cp310-cp310-manylinux2014_aarch64.manylinux_2_17_aarch64.manylinux_2_28_aarch64.whl; https://files.pythonhosted.org/packages/af/cd/ce6e848bbf2c32314c9b237839119c5a564a59725b53157c856e90937b7a/markupsafe-3.0.3-cp310-cp310-manylinux2014_x86_64.manylinux_2_17_x86_64.manylinux_2_28_x86_64.whl; https://files.pythonhosted.org/packages/c9/2a/b5c12c809f1c3045c4d580b035a743d12fcde53cf685dbc44660826308da/markupsafe-3.0.3-cp310-cp310-manylinux_2_31_riscv64.manylinux_2_39_riscv64.whl; https://files.pythonhosted.org/packages/cf/e3/9427a68c82728d0a88c50f890d0fc072a1484de2f3ac1ad0bfc1a7214fd5/markupsafe-3.0.3-cp310-cp310-musllinux_1_2_aarch64.whl; https://files.pythonhosted.org/packages/bc/36/23578f29e9e582a4d0278e009b38081dbe363c5e7165113fad546918a232/markupsafe-3.0.3-cp310-cp310-musllinux_1_2_riscv64.whl; https://files.pythonhosted.org/packages/56/21/dca11354e756ebd03e036bd8ad58d6d7168c80ce1fe5e75218e4945cbab7/markupsafe-3.0.3-cp310-cp310-musllinux_1_2_x86_64.whl; https://files.pythonhosted.org/packages/87/99/faba9369a7ad6e4d10b6a5fbf71fa2a188fe4a593b15f0963b73859a1bbd/markupsafe-3.0.3-cp310-cp310-win32.whl; https://files.pythonhosted.org/packages/d6/25/55dc3ab959917602c96985cb1253efaa4ff42f71194bddeb61eb7278b8be/markupsafe-3.0.3-cp310-cp310-win_amd64.whl; https://files.pythonhosted.org/packages/d0/9e/0a02226640c255d1da0b8d12e24ac2aa6734da68bff14c05dd53b94a0fc3/markupsafe-3.0.3-cp310-cp310-win_arm64.whl; https://files.pythonhosted.org/packages/08/db/fefacb2136439fc8dd20e797950e749aa1f4997ed584c62cfb8ef7c2be0e/markupsafe-3.0.3-cp311-cp311-macosx_10_9_x86_64.whl; https://files.pythonhosted.org/packages/e1/2e/5898933336b61975ce9dc04decbc0a7f2fee78c30353c5efba7f2d6ff27a/markupsafe-3.0.3-cp311-cp311-macosx_11_0_arm64.whl; https://files.pythonhosted.org/packages/1d/09/adf2df3699d87d1d8184038df46a9c80d78c0148492323f4693df54e17bb/markupsafe-3.0.3-cp311-cp311-manylinux2014_aarch64.manylinux_2_17_aarch64.manylinux_2_28_aarch64.whl; https://files.pythonhosted.org/packages/30/ac/0273f6fcb5f42e314c6d8cd99effae6a5354604d461b8d392b5ec9530a54/markupsafe-3.0.3-cp311-cp311-manylinux2014_x86_64.manylinux_2_17_x86_64.manylinux_2_28_x86_64.whl; https://files.pythonhosted.org/packages/19/ae/31c1be199ef767124c042c6c3e904da327a2f7f0cd63a0337e1eca2967a8/markupsafe-3.0.3-cp311-cp311-manylinux_2_31_riscv64.manylinux_2_39_riscv64.whl; https://files.pythonhosted.org/packages/b2/76/7edcab99d5349a4532a459e1fe64f0b0467a3365056ae550d3bcf3f79e1e/markupsafe-3.0.3-cp311-cp311-musllinux_1_2_aarch64.whl; https://files.pythonhosted.org/packages/a4/28/6e74cdd26d7514849143d69f0bf2399f929c37dc2b31e6829fd2045b2765/markupsafe-3.0.3-cp311-cp311-musllinux_1_2_riscv64.whl; https://files.pythonhosted.org/packages/62/7e/a145f36a5c2945673e590850a6f8014318d5577ed7e5920a4b3448e0865d/markupsafe-3.0.3-cp311-cp311-musllinux_1_2_x86_64.whl; https://files.pythonhosted.org/packages/0f/62/d9c46a7f5c9adbeeeda52f5b8d802e1094e9717705a645efc71b0913a0a8/markupsafe-3.0.3-cp311-cp311-win32.whl; https://files.pythonhosted.org/packages/83/8a/4414c03d3f891739326e1783338e48fb49781cc915b2e0ee052aa490d586/markupsafe-3.0.3-cp311-cp311-win_amd64.whl; https://files.pythonhosted.org/packages/35/73/893072b42e6862f319b5207adc9ae06070f095b358655f077f69a35601f0/markupsafe-3.0.3-cp311-cp311-win_arm64.whl; https://files.pythonhosted.org/packages/5a/72/147da192e38635ada20e0a2e1a51cf8823d2119ce8883f7053879c2199b5/markupsafe-3.0.3-cp312-cp312-macosx_10_13_x86_64.whl; https://files.pythonhosted.org/packages/9a/81/7e4e08678a1f98521201c3079f77db69fb552acd56067661f8c2f534a718/markupsafe-3.0.3-cp312-cp312-macosx_11_0_arm64.whl; https://files.pythonhosted.org/packages/1e/2c/799f4742efc39633a1b54a92eec4082e4f815314869865d876824c257c1e/markupsafe-3.0.3-cp312-cp312-manylinux2014_aarch64.manylinux_2_17_aarch64.manylinux_2_28_aarch64.whl; https://files.pythonhosted.org/packages/3c/2e/8d0c2ab90a8c1d9a24f0399058ab8519a3279d1bd4289511d74e909f060e/markupsafe-3.0.3-cp312-cp312-manylinux2014_x86_64.manylinux_2_17_x86_64.manylinux_2_28_x86_64.whl; https://files.pythonhosted.org/packages/2c/54/887f3092a85238093a0b2154bd629c89444f395618842e8b0c41783898ea/markupsafe-3.0.3-cp312-cp312-manylinux_2_31_riscv64.manylinux_2_39_riscv64.whl; https://files.pythonhosted.org/packages/c9/2f/336b8c7b6f4a4d95e91119dc8521402461b74a485558d8f238a68312f11c/markupsafe-3.0.3-cp312-cp312-musllinux_1_2_aarch64.whl; https://files.pythonhosted.org/packages/32/43/67935f2b7e4982ffb50a4d169b724d74b62a3964bc1a9a527f5ac4f1ee2b/markupsafe-3.0.3-cp312-cp312-musllinux_1_2_riscv64.whl; https://files.pythonhosted.org/packages/89/e0/4486f11e51bbba8b0c041098859e869e304d1c261e59244baa3d295d47b7/markupsafe-3.0.3-cp312-cp312-musllinux_1_2_x86_64.whl; https://files.pythonhosted.org/packages/2f/e1/78ee7a023dac597a5825441ebd17170785a9dab23de95d2c7508ade94e0e/markupsafe-3.0.3-cp312-cp312-win32.whl; https://files.pythonhosted.org/packages/aa/5b/bec5aa9bbbb2c946ca2733ef9c4ca91c91b6a24580193e891b5f7dbe8e1e/markupsafe-3.0.3-cp312-cp312-win_amd64.whl; https://files.pythonhosted.org/packages/e5/f1/216fc1bbfd74011693a4fd837e7026152e89c4bcf3e77b6692fba9923123/markupsafe-3.0.3-cp312-cp312-win_arm64.whl; https://files.pythonhosted.org/packages/38/2f/907b9c7bbba283e68f20259574b13d005c121a0fa4c175f9bed27c4597ff/markupsafe-3.0.3-cp313-cp313-macosx_10_13_x86_64.whl; https://files.pythonhosted.org/packages/9c/d9/5f7756922cdd676869eca1c4e3c0cd0df60ed30199ffd775e319089cb3ed/markupsafe-3.0.3-cp313-cp313-macosx_11_0_arm64.whl; https://files.pythonhosted.org/packages/00/07/575a68c754943058c78f30db02ee03a64b3c638586fba6a6dd56830b30a3/markupsafe-3.0.3-cp313-cp313-manylinux2014_aarch64.manylinux_2_17_aarch64.manylinux_2_28_aarch64.whl; https://files.pythonhosted.org/packages/a9/21/9b05698b46f218fc0e118e1f8168395c65c8a2c750ae2bab54fc4bd4e0e8/markupsafe-3.0.3-cp313-cp313-manylinux2014_x86_64.manylinux_2_17_x86_64.manylinux_2_28_x86_64.whl; https://files.pythonhosted.org/packages/7f/71/544260864f893f18b6827315b988c146b559391e6e7e8f7252839b1b846a/markupsafe-3.0.3-cp313-cp313-manylinux_2_31_riscv64.manylinux_2_39_riscv64.whl; https://files.pythonhosted.org/packages/c2/28/b50fc2f74d1ad761af2f5dcce7492648b983d00a65b8c0e0cb457c82ebbe/markupsafe-3.0.3-cp313-cp313-musllinux_1_2_aarch64.whl; https://files.pythonhosted.org/packages/ed/76/104b2aa106a208da8b17a2fb72e033a5a9d7073c68f7e508b94916ed47a9/markupsafe-3.0.3-cp313-cp313-musllinux_1_2_riscv64.whl; https://files.pythonhosted.org/packages/b5/99/16a5eb2d140087ebd97180d95249b00a03aa87e29cc224056274f2e45fd6/markupsafe-3.0.3-cp313-cp313-musllinux_1_2_x86_64.whl; https://files.pythonhosted.org/packages/19/bc/e7140ed90c5d61d77cea142eed9f9c303f4c4806f60a1044c13e3f1471d0/markupsafe-3.0.3-cp313-cp313-win32.whl; https://files.pythonhosted.org/packages/05/73/c4abe620b841b6b791f2edc248f556900667a5a1cf023a6646967ae98335/markupsafe-3.0.3-cp313-cp313-win_amd64.whl; https://files.pythonhosted.org/packages/f0/3a/fa34a0f7cfef23cf9500d68cb7c32dd64ffd58a12b09225fb03dd37d5b80/markupsafe-3.0.3-cp313-cp313-win_arm64.whl; https://files.pythonhosted.org/packages/e4/d7/e05cd7efe43a88a17a37b3ae96e79a19e846f3f456fe79c57ca61356ef01/markupsafe-3.0.3-cp313-cp313t-macosx_10_13_x86_64.whl; https://files.pythonhosted.org/packages/99/9e/e412117548182ce2148bdeacdda3bb494260c0b0184360fe0d56389b523b/markupsafe-3.0.3-cp313-cp313t-macosx_11_0_arm64.whl; https://files.pythonhosted.org/packages/bc/e6/fa0ffcda717ef64a5108eaa7b4f5ed28d56122c9a6d70ab8b72f9f715c80/markupsafe-3.0.3-cp313-cp313t-manylinux2014_aarch64.manylinux_2_17_aarch64.manylinux_2_28_aarch64.whl; https://files.pythonhosted.org/packages/96/ec/2102e881fe9d25fc16cb4b25d5f5cde50970967ffa5dddafdb771237062d/markupsafe-3.0.3-cp313-cp313t-manylinux2014_x86_64.manylinux_2_17_x86_64.manylinux_2_28_x86_64.whl; https://files.pythonhosted.org/packages/4b/30/6f2fce1f1f205fc9323255b216ca8a235b15860c34b6798f810f05828e32/markupsafe-3.0.3-cp313-cp313t-manylinux_2_31_riscv64.manylinux_2_39_riscv64.whl; https://files.pythonhosted.org/packages/58/47/4a0ccea4ab9f5dcb6f79c0236d954acb382202721e704223a8aafa38b5c8/markupsafe-3.0.3-cp313-cp313t-musllinux_1_2_aarch64.whl; https://files.pythonhosted.org/packages/6a/70/3780e9b72180b6fecb83a4814d84c3bf4b4ae4bf0b19c27196104149734c/markupsafe-3.0.3-cp313-cp313t-musllinux_1_2_riscv64.whl; https://files.pythonhosted.org/packages/98/c5/c03c7f4125180fc215220c035beac6b9cb684bc7a067c84fc69414d315f5/markupsafe-3.0.3-cp313-cp313t-musllinux_1_2_x86_64.whl; https://files.pythonhosted.org/packages/80/d6/2d1b89f6ca4bff1036499b1e29a1d02d282259f3681540e16563f27ebc23/markupsafe-3.0.3-cp313-cp313t-win32.whl; https://files.pythonhosted.org/packages/2b/98/e48a4bfba0a0ffcf9925fe2d69240bfaa19c6f7507b8cd09c70684a53c1e/markupsafe-3.0.3-cp313-cp313t-win_amd64.whl; https://files.pythonhosted.org/packages/0e/72/e3cc540f351f316e9ed0f092757459afbc595824ca724cbc5a5d4263713f/markupsafe-3.0.3-cp313-cp313t-win_arm64.whl; https://files.pythonhosted.org/packages/33/8a/8e42d4838cd89b7dde187011e97fe6c3af66d8c044997d2183fbd6d31352/markupsafe-3.0.3-cp314-cp314-macosx_10_13_x86_64.whl; https://files.pythonhosted.org/packages/b5/64/7660f8a4a8e53c924d0fa05dc3a55c9cee10bbd82b11c5afb27d44b096ce/markupsafe-3.0.3-cp314-cp314-macosx_11_0_arm64.whl; https://files.pythonhosted.org/packages/da/ef/e648bfd021127bef5fa12e1720ffed0c6cbb8310c8d9bea7266337ff06de/markupsafe-3.0.3-cp314-cp314-manylinux2014_aarch64.manylinux_2_17_aarch64.manylinux_2_28_aarch64.whl; https://files.pythonhosted.org/packages/41/3c/a36c2450754618e62008bf7435ccb0f88053e07592e6028a34776213d877/markupsafe-3.0.3-cp314-cp314-manylinux2014_x86_64.manylinux_2_17_x86_64.manylinux_2_28_x86_64.whl; https://files.pythonhosted.org/packages/bc/20/b7fdf89a8456b099837cd1dc21974632a02a999ec9bf7ca3e490aacd98e7/markupsafe-3.0.3-cp314-cp314-manylinux_2_31_riscv64.manylinux_2_39_riscv64.whl; https://files.pythonhosted.org/packages/9a/a7/591f592afdc734f47db08a75793a55d7fbcc6902a723ae4cfbab61010cc5/markupsafe-3.0.3-cp314-cp314-musllinux_1_2_aarch64.whl; https://files.pythonhosted.org/packages/7d/33/45b24e4f44195b26521bc6f1a82197118f74df348556594bd2262bda1038/markupsafe-3.0.3-cp314-cp314-musllinux_1_2_riscv64.whl; https://files.pythonhosted.org/packages/ff/0e/53dfaca23a69fbfbbf17a4b64072090e70717344c52eaaaa9c5ddff1e5f0/markupsafe-3.0.3-cp314-cp314-musllinux_1_2_x86_64.whl; https://files.pythonhosted.org/packages/46/11/f333a06fc16236d5238bfe74daccbca41459dcd8d1fa952e8fbd5dccfb70/markupsafe-3.0.3-cp314-cp314-win32.whl; https://files.pythonhosted.org/packages/28/52/182836104b33b444e400b14f797212f720cbc9ed6ba34c800639d154e821/markupsafe-3.0.3-cp314-cp314-win_amd64.whl; https://files.pythonhosted.org/packages/6f/18/acf23e91bd94fd7b3031558b1f013adfa21a8e407a3fdb32745538730382/markupsafe-3.0.3-cp314-cp314-win_arm64.whl; https://files.pythonhosted.org/packages/3c/f0/57689aa4076e1b43b15fdfa646b04653969d50cf30c32a102762be2485da/markupsafe-3.0.3-cp314-cp314t-macosx_10_13_x86_64.whl; https://files.pythonhosted.org/packages/89/c3/2e67a7ca217c6912985ec766c6393b636fb0c2344443ff9d91404dc4c79f/markupsafe-3.0.3-cp314-cp314t-macosx_11_0_arm64.whl; https://files.pythonhosted.org/packages/f0/00/be561dce4e6ca66b15276e184ce4b8aec61fe83662cce2f7d72bd3249d28/markupsafe-3.0.3-cp314-cp314t-manylinux2014_aarch64.manylinux_2_17_aarch64.manylinux_2_28_aarch64.whl; https://files.pythonhosted.org/packages/50/09/c419f6f5a92e5fadde27efd190eca90f05e1261b10dbd8cbcb39cd8ea1dc/markupsafe-3.0.3-cp314-cp314t-manylinux2014_x86_64.manylinux_2_17_x86_64.manylinux_2_28_x86_64.whl; https://files.pythonhosted.org/packages/22/44/a0681611106e0b2921b3033fc19bc53323e0b50bc70cffdd19f7d679bb66/markupsafe-3.0.3-cp314-cp314t-manylinux_2_31_riscv64.manylinux_2_39_riscv64.whl; https://files.pythonhosted.org/packages/5f/57/1b0b3f100259dc9fffe780cfb60d4be71375510e435efec3d116b6436d43/markupsafe-3.0.3-cp314-cp314t-musllinux_1_2_aarch64.whl; https://files.pythonhosted.org/packages/26/6a/4bf6d0c97c4920f1597cc14dd720705eca0bf7c787aebc6bb4d1bead5388/markupsafe-3.0.3-cp314-cp314t-musllinux_1_2_riscv64.whl; https://files.pythonhosted.org/packages/14/c7/ca723101509b518797fedc2fdf79ba57f886b4aca8a7d31857ba3ee8281f/markupsafe-3.0.3-cp314-cp314t-musllinux_1_2_x86_64.whl; https://files.pythonhosted.org/packages/fb/df/5bd7a48c256faecd1d36edc13133e51397e41b73bb77e1a69deab746ebac/markupsafe-3.0.3-cp314-cp314t-win32.whl; https://files.pythonhosted.org/packages/1a/8a/0402ba61a2f16038b48b39bccca271134be00c5c9f0f623208399333c448/markupsafe-3.0.3-cp314-cp314t-win_amd64.whl; https://files.pythonhosted.org/packages/70/bc/6f1c2f612465f5fa89b95bead1f44dcb607670fd42891d8fdcd5d039f4f4/markupsafe-3.0.3-cp314-cp314t-win_arm64.whl; https://files.pythonhosted.org/packages/56/23/0d8c13a44bde9154821586520840643467aee574d8ce79a17da539ee7fed/markupsafe-3.0.3-cp39-cp39-macosx_10_9_x86_64.whl; https://files.pythonhosted.org/packages/fd/23/07a2cb9a8045d5f3f0890a8c3bc0859d7a47bfd9a560b563899bec7b72ed/markupsafe-3.0.3-cp39-cp39-macosx_11_0_arm64.whl; https://files.pythonhosted.org/packages/bc/e4/6be85eb81503f8e11b61c0b6369b6e077dcf0a74adbd9ebf6b349937b4e9/markupsafe-3.0.3-cp39-cp39-manylinux2014_aarch64.manylinux_2_17_aarch64.manylinux_2_28_aarch64.whl; https://files.pythonhosted.org/packages/6f/bc/4dc914ead3fe6ddaef035341fee0fc956949bbd27335b611829292b89ee2/markupsafe-3.0.3-cp39-cp39-manylinux2014_x86_64.manylinux_2_17_x86_64.manylinux_2_28_x86_64.whl; https://files.pythonhosted.org/packages/89/6e/5fe81fbcfba4aef4093d5f856e5c774ec2057946052d18d168219b7bd9f9/markupsafe-3.0.3-cp39-cp39-manylinux_2_31_riscv64.manylinux_2_39_riscv64.whl; https://files.pythonhosted.org/packages/f6/f6/e0e5a3d3ae9c4020f696cd055f940ef86b64fe88de26f3a0308b9d3d048c/markupsafe-3.0.3-cp39-cp39-musllinux_1_2_aarch64.whl; https://files.pythonhosted.org/packages/c8/25/651753ef4dea08ea790f4fbb65146a9a44a014986996ca40102e237aa49a/markupsafe-3.0.3-cp39-cp39-musllinux_1_2_riscv64.whl; https://files.pythonhosted.org/packages/dc/0a/c3cf2b4fef5f0426e8a6d7fce3cb966a17817c568ce59d76b92a233fdbec/markupsafe-3.0.3-cp39-cp39-musllinux_1_2_x86_64.whl; https://files.pythonhosted.org/packages/cd/1b/a7782984844bd519ad4ffdbebbba2671ec5d0ebbeac34736c15fb86399e8/markupsafe-3.0.3-cp39-cp39-win32.whl; https://files.pythonhosted.org/packages/18/1f/8d9c20e1c9440e215a44be5ab64359e207fcb4f675543f1cf9a2a7f648d0/markupsafe-3.0.3-cp39-cp39-win_amd64.whl; https://files.pythonhosted.org/packages/4e/d3/fe08482b5cd995033556d45041a4f4e76e7f0521112a9c9991d40d39825f/markupsafe-3.0.3-cp39-cp39-win_arm64.whl,not_applicable,not_applicable,yes,,true,true,pkg:pypi/markupsafe@3.0.3,MAV-03,cdxgen,sboms_raw/cdxgen/MAV-03_flink_cyclonedx.json,1682,106553,1
GT-0241,supplier,pypi,PY-01,cdxgen,sboms_validation/cdxgen/PY-01_fastapi_cyclonedx.json,113,mcp,1.26.0,pkg:pypi/mcp@1.26.0,verified,"Anthropic, PBC.","Model Context Protocol a Series of LF Projects, LLC.",incorrect,,uncertain,manual_review,SEM-SUP-04,"The retrieved party has role 'author', which does not by itself establish that the party is the CycloneDX supplier.",out_of_scope,author,pypi.info.author,,False,none,False,https://files.pythonhosted.org/packages/fc/6d/62e76bbb8144d6ed86e202b5edd8a4cb631e7c8130f3f4893c3f90262b10/mcp-1.26.0.tar.gz; https://files.pythonhosted.org/packages/fd/d9/eaa1f80170d2b7c5ba23f3b59f766f3a0bb41155fbc32a69adfa1adaaef9/mcp-1.26.0-py3-none-any.whl,https://files.pythonhosted.org/packages/fc/6d/62e76bbb8144d6ed86e202b5edd8a4cb631e7c8130f3f4893c3f90262b10/mcp-1.26.0.tar.gz; https://files.pythonhosted.org/packages/fd/d9/eaa1f80170d2b7c5ba23f3b59f766f3a0bb41155fbc32a69adfa1adaaef9/mcp-1.26.0-py3-none-any.whl,not_applicable,not_applicable,yes,,true,true,pkg:pypi/mcp@1.26.0,PY-01,cdxgen,sboms_raw/cdxgen/PY-01_fastapi_cyclonedx.json,113,100949,1
GT-0243,supplier,pypi,PY-01,cdxgen,sboms_validation/cdxgen/PY-01_fastapi_cyclonedx.json,117,mistralai,2.4.1,pkg:pypi/mistralai@2.4.1,verified,Mistral AI,Mistral,incorrect,,uncertain,manual_review,SEM-SUP-04,"The retrieved party has role 'author', which does not by itself establish that the party is the CycloneDX supplier.",out_of_scope,author,pypi.info.author,,False,none,False,https://files.pythonhosted.org/packages/88/e2/fb226b81fdfba702a59ad50635fd9e72d6321cb92b2b4e76adfef7fe1903/mistralai-2.4.1.tar.gz; https://files.pythonhosted.org/packages/0c/03/1ab3de0cb123c0b5e4df612bacce65a5ad4c4f322dcdf95db2786092ea6d/mistralai-2.4.1-py3-none-any.whl,https://files.pythonhosted.org/packages/88/e2/fb226b81fdfba702a59ad50635fd9e72d6321cb92b2b4e76adfef7fe1903/mistralai-2.4.1.tar.gz; https://files.pythonhosted.org/packages/0c/03/1ab3de0cb123c0b5e4df612bacce65a5ad4c4f322dcdf95db2786092ea6d/mistralai-2.4.1-py3-none-any.whl,not_applicable,not_applicable,yes,,true,true,pkg:pypi/mistralai@2.4.1,PY-01,cdxgen,sboms_raw/cdxgen/PY-01_fastapi_cyclonedx.json,117,100957,1
GT-0247,supplier,pypi,PY-01,cdxgen,sboms_validation/cdxgen/PY-01_fastapi_cyclonedx.json,125,mypy,2.1.0,pkg:pypi/mypy@2.1.0,verified,Python Software Foundation / Python core team,Jukka Lehtosalo <jukka.lehtosalo@iki.fi>,incorrect,,uncertain,manual_review,SEM-SUP-04,"The retrieved party has role 'author_email', which does not by itself establish that the party is the CycloneDX supplier.",out_of_scope,author_email,pypi.info.author_email,,False,none,False,https://files.pythonhosted.org/packages/82/15/cca9d88503549ed6fedeaa1d448cdddd542ee8a490232d732e278036fbf2/mypy-2.1.0.tar.gz; https://files.pythonhosted.org/packages/a4/71/d351dca3e9b30da2328ee9d445c88b8388072808ebfbc49eb69d30b67749/mypy-2.1.0-cp310-cp310-macosx_10_9_x86_64.whl; https://files.pythonhosted.org/packages/2f/45/7d51594b644c17c0bcf74ed8cd5fc33b324276d708e8506f220b70dab9d9/mypy-2.1.0-cp310-cp310-macosx_11_0_arm64.whl; https://files.pythonhosted.org/packages/65/01/455c31b170e9468265074840bf18863a8482a24103fdaabe4e199392aa5f/mypy-2.1.0-cp310-cp310-manylinux2014_aarch64.manylinux_2_17_aarch64.manylinux_2_28_aarch64.whl; https://files.pythonhosted.org/packages/41/5a/93093f0b29a9e982deafde698f740a2eb2e05886e79ccf0594c7fd5413a3/mypy-2.1.0-cp310-cp310-manylinux2014_x86_64.manylinux_2_17_x86_64.manylinux_2_28_x86_64.whl; https://files.pythonhosted.org/packages/7f/2f/a196f5331d96170ad3d28f144d2aba690d4b2911381f68d51e489c7ab82a/mypy-2.1.0-cp310-cp310-musllinux_1_2_x86_64.whl; https://files.pythonhosted.org/packages/54/de/94d321cc12da9f71341ac0c270efbed5c725750c7b4c334d957de9a087d9/mypy-2.1.0-cp310-cp310-win_amd64.whl; https://files.pythonhosted.org/packages/e1/62/0c27ca55219a7c764a7fb88c7bb2b7b2f9780ade8bbf16bc8ed8400eef6b/mypy-2.1.0-cp310-cp310-win_arm64.whl; https://files.pythonhosted.org/packages/0a/a1/639f3024794a2a15899cb90707fe02e044c4412794c39c5769fd3df2e2ef/mypy-2.1.0-cp311-cp311-macosx_10_9_x86_64.whl; https://files.pythonhosted.org/packages/3b/08/9a585dea4325f20d8b80dc78623fa50d1fd2173b710f6237afd6ba6ab39b/mypy-2.1.0-cp311-cp311-macosx_11_0_arm64.whl; https://files.pythonhosted.org/packages/81/dc/7c42cc9c6cb01e8eb09961f1f738741d3e9c7e9d5c5b30ec69222625cd5f/mypy-2.1.0-cp311-cp311-manylinux2014_aarch64.manylinux_2_17_aarch64.manylinux_2_28_aarch64.whl; https://files.pythonhosted.org/packages/d4/fa/285946c33bce716e082c11dfeee9ee196eaf1f5042efb3581a31f9f205e4/mypy-2.1.0-cp311-cp311-manylinux2014_x86_64.manylinux_2_17_x86_64.manylinux_2_28_x86_64.whl; https://files.pythonhosted.org/packages/2b/83/82397f48af6c27e295d57979ded8490c9829040152cf7571b2f026aeb9a0/mypy-2.1.0-cp311-cp311-musllinux_1_2_x86_64.whl; https://files.pythonhosted.org/packages/40/68/b02dec39057b88eb03dc0aa854732e26e8361f34f9d0e20c7614967d1eba/mypy-2.1.0-cp311-cp311-win_amd64.whl; https://files.pythonhosted.org/packages/cf/a8/ea3dcbef31f99b634f2ee23bb0321cbc8c1b388b76a861eb849f13c347dc/mypy-2.1.0-cp311-cp311-win_arm64.whl; https://files.pythonhosted.org/packages/95/b1/55861beb5c339b44f9a2ba92df9e2cb1eeb4ae1eee674cdf7772c797778b/mypy-2.1.0-cp312-cp312-macosx_10_13_x86_64.whl; https://files.pythonhosted.org/packages/0b/b3/b7f770114b7d0ac92d0f76e8d93c2780844a70488a90e91821927850da86/mypy-2.1.0-cp312-cp312-macosx_11_0_arm64.whl; https://files.pythonhosted.org/packages/b6/f3/8ae2037967e2126689a0c11d99e2b707134a565191e92c60ca2572aec60a/mypy-2.1.0-cp312-cp312-manylinux2014_aarch64.manylinux_2_17_aarch64.manylinux_2_28_aarch64.whl; https://files.pythonhosted.org/packages/a0/32/615eb5911859e43d054941b0d0a7d06cfa2870eba86529cf385b052b111c/mypy-2.1.0-cp312-cp312-manylinux2014_x86_64.manylinux_2_17_x86_64.manylinux_2_28_x86_64.whl; https://files.pythonhosted.org/packages/d4/03/4eafbfff8bfab1b87082741eae6e6a624028c984e6708b73bce2a8570c9d/mypy-2.1.0-cp312-cp312-musllinux_1_2_x86_64.whl; https://files.pythonhosted.org/packages/99/ee/919661478e5891a3c96e549c036e467e64563ab85995b10c53c8358e16a3/mypy-2.1.0-cp312-cp312-win_amd64.whl; https://files.pythonhosted.org/packages/24/0a/6a12b9782ca0831a553192f351679f4548abc9d19a7cc93bb7feb02084c7/mypy-2.1.0-cp312-cp312-win_arm64.whl; https://files.pythonhosted.org/packages/6e/dd/c7191469c777f07689c032a8f7326e393ea34c92d6d76eb7ce5ba57ea66d/mypy-2.1.0-cp313-cp313-macosx_10_13_x86_64.whl; https://files.pythonhosted.org/packages/55/8c/aed55408879043d72bb9135f4d0d19a02b886dd569631e113e3d2706cb8d/mypy-2.1.0-cp313-cp313-macosx_11_0_arm64.whl; https://files.pythonhosted.org/packages/3a/8e/f371a824b1f1fa8ea6e3dbb8703d232977d572be2329554a3bc4d960302f/mypy-2.1.0-cp313-cp313-manylinux2014_aarch64.manylinux_2_17_aarch64.manylinux_2_28_aarch64.whl; https://files.pythonhosted.org/packages/94/21/f54be870d6dd53a82c674407e0f8eed7174b05ec78d42e5abd7b42e84fd5/mypy-2.1.0-cp313-cp313-manylinux2014_x86_64.manylinux_2_17_x86_64.manylinux_2_28_x86_64.whl; https://files.pythonhosted.org/packages/17/99/bf21748626a40ce59fd29a39386ab46afec88b7bd2f0fa6c3a97c995523f/mypy-2.1.0-cp313-cp313-musllinux_1_2_x86_64.whl; https://files.pythonhosted.org/packages/d6/d7/9e90d2cf47100bea550ed2bc7b0d4de3a62181d84d5e37da0003e8462637/mypy-2.1.0-cp313-cp313-win_amd64.whl; https://files.pythonhosted.org/packages/ec/46/e5c449e858798e35ffc90946282a27c62a77be743fe17480e4977374eb91/mypy-2.1.0-cp313-cp313-win_arm64.whl; https://files.pythonhosted.org/packages/b0/ca/b279a672e874aedd5498ae25f722dacc8aa86bbffb939b3f97cbb1cf6686/mypy-2.1.0-cp314-cp314-macosx_10_15_x86_64.whl; https://files.pythonhosted.org/packages/27/e6/3efe56c631d959b9b4454e208b0ac4b7f4f58b404c89f8bec7b49efdfc21/mypy-2.1.0-cp314-cp314-macosx_11_0_arm64.whl; https://files.pythonhosted.org/packages/84/7f/8107ea87a44fd1f1b59882442f033c9c3488c127201b1d1d15f1cbd6022e/mypy-2.1.0-cp314-cp314-manylinux2014_aarch64.manylinux_2_17_aarch64.manylinux_2_28_aarch64.whl; https://files.pythonhosted.org/packages/51/4d/b6d34db183133b83761b9199a82d31557cdbb70a380d8c3b3438e11882a3/mypy-2.1.0-cp314-cp314-manylinux2014_x86_64.manylinux_2_17_x86_64.manylinux_2_28_x86_64.whl; https://files.pythonhosted.org/packages/ff/d7/f08360c691d758acb02f45022c34d98b92892f4ea756644e1000d4b9f3d8/mypy-2.1.0-cp314-cp314-musllinux_1_2_x86_64.whl; https://files.pythonhosted.org/packages/67/1b/09460a13719530a19bce27bd3bc8449e83569dd2ba7faf51c9c3c30c0b61/mypy-2.1.0-cp314-cp314-win_amd64.whl; https://files.pythonhosted.org/packages/40/62/75dbf0f82f7b6680340efc614af29dd0b3c17b8a4f1cd09b8bd2fd6bc814/mypy-2.1.0-cp314-cp314-win_arm64.whl; https://files.pythonhosted.org/packages/b2/66/caca04ed7d972fb6eb6dd1ccd6df1de5c38fae8c5b3dc1c4e8e0d85ee6b9/mypy-2.1.0-cp314-cp314t-macosx_10_15_x86_64.whl; https://files.pythonhosted.org/packages/ed/52/2d90cbe49d014b13ed7ff337930c30bad35893fe38a1e4641e756bb62191/mypy-2.1.0-cp314-cp314t-macosx_11_0_arm64.whl; https://files.pythonhosted.org/packages/ac/37/d98f4a14e081b238992d0ed96b6d39c7cc0148c9699eb71eaa68629665ea/mypy-2.1.0-cp314-cp314t-manylinux2014_aarch64.manylinux_2_17_aarch64.manylinux_2_28_aarch64.whl; https://files.pythonhosted.org/packages/a3/c2/15c46613b24a84fad2aea1248bf9619b99c2767ae9071fe224c179a0b7d4/mypy-2.1.0-cp314-cp314t-manylinux2014_x86_64.manylinux_2_17_x86_64.manylinux_2_28_x86_64.whl; https://files.pythonhosted.org/packages/5c/90/9c16a57f482c76d25f6379762b56bbf65c711d8158cf271fb2802cfb0640/mypy-2.1.0-cp314-cp314t-musllinux_1_2_x86_64.whl; https://files.pythonhosted.org/packages/0f/4c/215a4eeb63cacc5f17f516691ea7285d11e249802b942476bff15922a314/mypy-2.1.0-cp314-cp314t-win_amd64.whl; https://files.pythonhosted.org/packages/4b/50/1043e1db5f455ffe4c9ab22747cd8ca2bc492b1e4f4e21b130a44ee2b217/mypy-2.1.0-cp314-cp314t-win_arm64.whl; https://files.pythonhosted.org/packages/0d/2a/13ca1f292f6db1b98ff495ef3467736b331621c5917cad984b7043e7348d/mypy-2.1.0-py3-none-any.whl,https://files.pythonhosted.org/packages/82/15/cca9d88503549ed6fedeaa1d448cdddd542ee8a490232d732e278036fbf2/mypy-2.1.0.tar.gz; https://files.pythonhosted.org/packages/a4/71/d351dca3e9b30da2328ee9d445c88b8388072808ebfbc49eb69d30b67749/mypy-2.1.0-cp310-cp310-macosx_10_9_x86_64.whl; https://files.pythonhosted.org/packages/2f/45/7d51594b644c17c0bcf74ed8cd5fc33b324276d708e8506f220b70dab9d9/mypy-2.1.0-cp310-cp310-macosx_11_0_arm64.whl; https://files.pythonhosted.org/packages/65/01/455c31b170e9468265074840bf18863a8482a24103fdaabe4e199392aa5f/mypy-2.1.0-cp310-cp310-manylinux2014_aarch64.manylinux_2_17_aarch64.manylinux_2_28_aarch64.whl; https://files.pythonhosted.org/packages/41/5a/93093f0b29a9e982deafde698f740a2eb2e05886e79ccf0594c7fd5413a3/mypy-2.1.0-cp310-cp310-manylinux2014_x86_64.manylinux_2_17_x86_64.manylinux_2_28_x86_64.whl; https://files.pythonhosted.org/packages/7f/2f/a196f5331d96170ad3d28f144d2aba690d4b2911381f68d51e489c7ab82a/mypy-2.1.0-cp310-cp310-musllinux_1_2_x86_64.whl; https://files.pythonhosted.org/packages/54/de/94d321cc12da9f71341ac0c270efbed5c725750c7b4c334d957de9a087d9/mypy-2.1.0-cp310-cp310-win_amd64.whl; https://files.pythonhosted.org/packages/e1/62/0c27ca55219a7c764a7fb88c7bb2b7b2f9780ade8bbf16bc8ed8400eef6b/mypy-2.1.0-cp310-cp310-win_arm64.whl; https://files.pythonhosted.org/packages/0a/a1/639f3024794a2a15899cb90707fe02e044c4412794c39c5769fd3df2e2ef/mypy-2.1.0-cp311-cp311-macosx_10_9_x86_64.whl; https://files.pythonhosted.org/packages/3b/08/9a585dea4325f20d8b80dc78623fa50d1fd2173b710f6237afd6ba6ab39b/mypy-2.1.0-cp311-cp311-macosx_11_0_arm64.whl; https://files.pythonhosted.org/packages/81/dc/7c42cc9c6cb01e8eb09961f1f738741d3e9c7e9d5c5b30ec69222625cd5f/mypy-2.1.0-cp311-cp311-manylinux2014_aarch64.manylinux_2_17_aarch64.manylinux_2_28_aarch64.whl; https://files.pythonhosted.org/packages/d4/fa/285946c33bce716e082c11dfeee9ee196eaf1f5042efb3581a31f9f205e4/mypy-2.1.0-cp311-cp311-manylinux2014_x86_64.manylinux_2_17_x86_64.manylinux_2_28_x86_64.whl; https://files.pythonhosted.org/packages/2b/83/82397f48af6c27e295d57979ded8490c9829040152cf7571b2f026aeb9a0/mypy-2.1.0-cp311-cp311-musllinux_1_2_x86_64.whl; https://files.pythonhosted.org/packages/40/68/b02dec39057b88eb03dc0aa854732e26e8361f34f9d0e20c7614967d1eba/mypy-2.1.0-cp311-cp311-win_amd64.whl; https://files.pythonhosted.org/packages/cf/a8/ea3dcbef31f99b634f2ee23bb0321cbc8c1b388b76a861eb849f13c347dc/mypy-2.1.0-cp311-cp311-win_arm64.whl; https://files.pythonhosted.org/packages/95/b1/55861beb5c339b44f9a2ba92df9e2cb1eeb4ae1eee674cdf7772c797778b/mypy-2.1.0-cp312-cp312-macosx_10_13_x86_64.whl; https://files.pythonhosted.org/packages/0b/b3/b7f770114b7d0ac92d0f76e8d93c2780844a70488a90e91821927850da86/mypy-2.1.0-cp312-cp312-macosx_11_0_arm64.whl; https://files.pythonhosted.org/packages/b6/f3/8ae2037967e2126689a0c11d99e2b707134a565191e92c60ca2572aec60a/mypy-2.1.0-cp312-cp312-manylinux2014_aarch64.manylinux_2_17_aarch64.manylinux_2_28_aarch64.whl; https://files.pythonhosted.org/packages/a0/32/615eb5911859e43d054941b0d0a7d06cfa2870eba86529cf385b052b111c/mypy-2.1.0-cp312-cp312-manylinux2014_x86_64.manylinux_2_17_x86_64.manylinux_2_28_x86_64.whl; https://files.pythonhosted.org/packages/d4/03/4eafbfff8bfab1b87082741eae6e6a624028c984e6708b73bce2a8570c9d/mypy-2.1.0-cp312-cp312-musllinux_1_2_x86_64.whl; https://files.pythonhosted.org/packages/99/ee/919661478e5891a3c96e549c036e467e64563ab85995b10c53c8358e16a3/mypy-2.1.0-cp312-cp312-win_amd64.whl; https://files.pythonhosted.org/packages/24/0a/6a12b9782ca0831a553192f351679f4548abc9d19a7cc93bb7feb02084c7/mypy-2.1.0-cp312-cp312-win_arm64.whl; https://files.pythonhosted.org/packages/6e/dd/c7191469c777f07689c032a8f7326e393ea34c92d6d76eb7ce5ba57ea66d/mypy-2.1.0-cp313-cp313-macosx_10_13_x86_64.whl; https://files.pythonhosted.org/packages/55/8c/aed55408879043d72bb9135f4d0d19a02b886dd569631e113e3d2706cb8d/mypy-2.1.0-cp313-cp313-macosx_11_0_arm64.whl; https://files.pythonhosted.org/packages/3a/8e/f371a824b1f1fa8ea6e3dbb8703d232977d572be2329554a3bc4d960302f/mypy-2.1.0-cp313-cp313-manylinux2014_aarch64.manylinux_2_17_aarch64.manylinux_2_28_aarch64.whl; https://files.pythonhosted.org/packages/94/21/f54be870d6dd53a82c674407e0f8eed7174b05ec78d42e5abd7b42e84fd5/mypy-2.1.0-cp313-cp313-manylinux2014_x86_64.manylinux_2_17_x86_64.manylinux_2_28_x86_64.whl; https://files.pythonhosted.org/packages/17/99/bf21748626a40ce59fd29a39386ab46afec88b7bd2f0fa6c3a97c995523f/mypy-2.1.0-cp313-cp313-musllinux_1_2_x86_64.whl; https://files.pythonhosted.org/packages/d6/d7/9e90d2cf47100bea550ed2bc7b0d4de3a62181d84d5e37da0003e8462637/mypy-2.1.0-cp313-cp313-win_amd64.whl; https://files.pythonhosted.org/packages/ec/46/e5c449e858798e35ffc90946282a27c62a77be743fe17480e4977374eb91/mypy-2.1.0-cp313-cp313-win_arm64.whl; https://files.pythonhosted.org/packages/b0/ca/b279a672e874aedd5498ae25f722dacc8aa86bbffb939b3f97cbb1cf6686/mypy-2.1.0-cp314-cp314-macosx_10_15_x86_64.whl; https://files.pythonhosted.org/packages/27/e6/3efe56c631d959b9b4454e208b0ac4b7f4f58b404c89f8bec7b49efdfc21/mypy-2.1.0-cp314-cp314-macosx_11_0_arm64.whl; https://files.pythonhosted.org/packages/84/7f/8107ea87a44fd1f1b59882442f033c9c3488c127201b1d1d15f1cbd6022e/mypy-2.1.0-cp314-cp314-manylinux2014_aarch64.manylinux_2_17_aarch64.manylinux_2_28_aarch64.whl; https://files.pythonhosted.org/packages/51/4d/b6d34db183133b83761b9199a82d31557cdbb70a380d8c3b3438e11882a3/mypy-2.1.0-cp314-cp314-manylinux2014_x86_64.manylinux_2_17_x86_64.manylinux_2_28_x86_64.whl; https://files.pythonhosted.org/packages/ff/d7/f08360c691d758acb02f45022c34d98b92892f4ea756644e1000d4b9f3d8/mypy-2.1.0-cp314-cp314-musllinux_1_2_x86_64.whl; https://files.pythonhosted.org/packages/67/1b/09460a13719530a19bce27bd3bc8449e83569dd2ba7faf51c9c3c30c0b61/mypy-2.1.0-cp314-cp314-win_amd64.whl; https://files.pythonhosted.org/packages/40/62/75dbf0f82f7b6680340efc614af29dd0b3c17b8a4f1cd09b8bd2fd6bc814/mypy-2.1.0-cp314-cp314-win_arm64.whl; https://files.pythonhosted.org/packages/b2/66/caca04ed7d972fb6eb6dd1ccd6df1de5c38fae8c5b3dc1c4e8e0d85ee6b9/mypy-2.1.0-cp314-cp314t-macosx_10_15_x86_64.whl; https://files.pythonhosted.org/packages/ed/52/2d90cbe49d014b13ed7ff337930c30bad35893fe38a1e4641e756bb62191/mypy-2.1.0-cp314-cp314t-macosx_11_0_arm64.whl; https://files.pythonhosted.org/packages/ac/37/d98f4a14e081b238992d0ed96b6d39c7cc0148c9699eb71eaa68629665ea/mypy-2.1.0-cp314-cp314t-manylinux2014_aarch64.manylinux_2_17_aarch64.manylinux_2_28_aarch64.whl; https://files.pythonhosted.org/packages/a3/c2/15c46613b24a84fad2aea1248bf9619b99c2767ae9071fe224c179a0b7d4/mypy-2.1.0-cp314-cp314t-manylinux2014_x86_64.manylinux_2_17_x86_64.manylinux_2_28_x86_64.whl; https://files.pythonhosted.org/packages/5c/90/9c16a57f482c76d25f6379762b56bbf65c711d8158cf271fb2802cfb0640/mypy-2.1.0-cp314-cp314t-musllinux_1_2_x86_64.whl; https://files.pythonhosted.org/packages/0f/4c/215a4eeb63cacc5f17f516691ea7285d11e249802b942476bff15922a314/mypy-2.1.0-cp314-cp314t-win_amd64.whl; https://files.pythonhosted.org/packages/4b/50/1043e1db5f455ffe4c9ab22747cd8ca2bc492b1e4f4e21b130a44ee2b217/mypy-2.1.0-cp314-cp314t-win_arm64.whl; https://files.pythonhosted.org/packages/0d/2a/13ca1f292f6db1b98ff495ef3467736b331621c5917cad984b7043e7348d/mypy-2.1.0-py3-none-any.whl,not_applicable,not_applicable,yes,,true,true,pkg:pypi/mypy@2.1.0,PY-01,cdxgen,sboms_raw/cdxgen/PY-01_fastapi_cyclonedx.json,125,100974,1
GT-0250,supplier,pypi,PY-01,cdxgen,sboms_validation/cdxgen/PY-01_fastapi_cyclonedx.json,128,openai,2.32.0,pkg:pypi/openai@2.32.0,verified,OpenAI,OpenAI <support@openai.com>,incorrect,,uncertain,manual_review,SEM-SUP-04,"The retrieved party has role 'author_email', which does not by itself establish that the party is the CycloneDX supplier.",out_of_scope,author_email,pypi.info.author_email,,False,none,False,https://files.pythonhosted.org/packages/ed/59/bdcc6b759b8c42dd73afaf5bf8f902c04b37987a5514dbc1c64dba390fef/openai-2.32.0.tar.gz; https://files.pythonhosted.org/packages/1e/c1/d6e64ccd0536bf616556f0cad2b6d94a8125f508d25cfd814b1d2db4e2f1/openai-2.32.0-py3-none-any.whl,https://files.pythonhosted.org/packages/ed/59/bdcc6b759b8c42dd73afaf5bf8f902c04b37987a5514dbc1c64dba390fef/openai-2.32.0.tar.gz; https://files.pythonhosted.org/packages/1e/c1/d6e64ccd0536bf616556f0cad2b6d94a8125f508d25cfd814b1d2db4e2f1/openai-2.32.0-py3-none-any.whl,not_applicable,not_applicable,yes,,true,true,pkg:pypi/openai@2.32.0,PY-01,cdxgen,sboms_raw/cdxgen/PY-01_fastapi_cyclonedx.json,128,100979,1
GT-0252,supplier,pypi,PY-01,cdxgen,sboms_validation/cdxgen/PY-01_fastapi_cyclonedx.json,130,opentelemetry-api,1.39.1,pkg:pypi/opentelemetry-api@1.39.1,verified,Cloud Native Computing Foundation (CNCF),OpenTelemetry Authors <cncf-opentelemetry-contributors@lists.cncf.io>,incorrect,,uncertain,manual_review,SEM-SUP-04,"The retrieved party has role 'author_email', which does not by itself establish that the party is the CycloneDX supplier.",out_of_scope,author_email,pypi.info.author_email,,False,none,False,https://files.pythonhosted.org/packages/97/b9/3161be15bb8e3ad01be8be5a968a9237c3027c5be504362ff800fca3e442/opentelemetry_api-1.39.1.tar.gz; https://files.pythonhosted.org/packages/cf/df/d3f1ddf4bb4cb50ed9b1139cc7b1c54c34a1e7ce8fd1b9a37c0d1551a6bd/opentelemetry_api-1.39.1-py3-none-any.whl,https://files.pythonhosted.org/packages/97/b9/3161be15bb8e3ad01be8be5a968a9237c3027c5be504362ff800fca3e442/opentelemetry_api-1.39.1.tar.gz; https://files.pythonhosted.org/packages/cf/df/d3f1ddf4bb4cb50ed9b1139cc7b1c54c34a1e7ce8fd1b9a37c0d1551a6bd/opentelemetry_api-1.39.1-py3-none-any.whl,not_applicable,not_applicable,yes,,true,true,pkg:pypi/opentelemetry-api@1.39.1,PY-01,cdxgen,sboms_raw/cdxgen/PY-01_fastapi_cyclonedx.json,130,100984,1
GT-0253,supplier,pypi,PY-01,cdxgen,sboms_validation/cdxgen/PY-01_fastapi_cyclonedx.json,134,opentelemetry-instrumentation-httpx,0.60b1,pkg:pypi/opentelemetry-instrumentation-httpx@0.60b1,verified,Cloud Native Computing Foundation (CNCF),OpenTelemetry Authors <cncf-opentelemetry-contributors@lists.cncf.io>,incorrect,,uncertain,manual_review,SEM-SUP-04,"The retrieved party has role 'author_email', which does not by itself establish that the party is the CycloneDX supplier.",out_of_scope,author_email,pypi.info.author_email,,False,none,False,https://files.pythonhosted.org/packages/86/08/11208bcfcab4fc2023252c3f322aa397fd9ad948355fea60f5fc98648603/opentelemetry_instrumentation_httpx-0.60b1.tar.gz; https://files.pythonhosted.org/packages/43/59/b98e84eebf745ffc75397eaad4763795bff8a30cbf2373a50ed4e70646c5/opentelemetry_instrumentation_httpx-0.60b1-py3-none-any.whl,https://files.pythonhosted.org/packages/86/08/11208bcfcab4fc2023252c3f322aa397fd9ad948355fea60f5fc98648603/opentelemetry_instrumentation_httpx-0.60b1.tar.gz; https://files.pythonhosted.org/packages/43/59/b98e84eebf745ffc75397eaad4763795bff8a30cbf2373a50ed4e70646c5/opentelemetry_instrumentation_httpx-0.60b1-py3-none-any.whl,not_applicable,not_applicable,yes,,true,true,pkg:pypi/opentelemetry-instrumentation-httpx@0.60b1,PY-01,cdxgen,sboms_raw/cdxgen/PY-01_fastapi_cyclonedx.json,134,100994,1
GT-0254,supplier,pypi,PY-01,cdxgen,sboms_validation/cdxgen/PY-01_fastapi_cyclonedx.json,136,opentelemetry-sdk,1.39.1,pkg:pypi/opentelemetry-sdk@1.39.1,verified,Cloud Native Computing Foundation (CNCF),OpenTelemetry Authors <cncf-opentelemetry-contributors@lists.cncf.io>,incorrect,,uncertain,manual_review,SEM-SUP-04,"The retrieved party has role 'author_email', which does not by itself establish that the party is the CycloneDX supplier.",out_of_scope,author_email,pypi.info.author_email,,False,none,False,https://files.pythonhosted.org/packages/eb/fb/c76080c9ba07e1e8235d24cdcc4d125ef7aa3edf23eb4e497c2e50889adc/opentelemetry_sdk-1.39.1.tar.gz; https://files.pythonhosted.org/packages/7c/98/e91cf858f203d86f4eccdf763dcf01cf03f1dae80c3750f7e635bfa206b6/opentelemetry_sdk-1.39.1-py3-none-any.whl,https://files.pythonhosted.org/packages/eb/fb/c76080c9ba07e1e8235d24cdcc4d125ef7aa3edf23eb4e497c2e50889adc/opentelemetry_sdk-1.39.1.tar.gz; https://files.pythonhosted.org/packages/7c/98/e91cf858f203d86f4eccdf763dcf01cf03f1dae80c3750f7e635bfa206b6/opentelemetry_sdk-1.39.1-py3-none-any.whl,not_applicable,not_applicable,yes,,true,true,pkg:pypi/opentelemetry-sdk@1.39.1,PY-01,cdxgen,sboms_raw/cdxgen/PY-01_fastapi_cyclonedx.json,136,100998,1
GT-0255,supplier,pypi,PY-01,cdxgen,sboms_validation/cdxgen/PY-01_fastapi_cyclonedx.json,137,opentelemetry-semantic-conventions,0.60b1,pkg:pypi/opentelemetry-semantic-conventions@0.60b1,verified,Cloud Native Computing Foundation (CNCF),OpenTelemetry Authors <cncf-opentelemetry-contributors@lists.cncf.io>,incorrect,,uncertain,manual_review,SEM-SUP-04,"The retrieved party has role 'author_email', which does not by itself establish that the party is the CycloneDX supplier.",out_of_scope,author_email,pypi.info.author_email,,False,none,False,https://files.pythonhosted.org/packages/91/df/553f93ed38bf22f4b999d9be9c185adb558982214f33eae539d3b5cd0858/opentelemetry_semantic_conventions-0.60b1.tar.gz; https://files.pythonhosted.org/packages/7a/5e/5958555e09635d09b75de3c4f8b9cae7335ca545d77392ffe7331534c402/opentelemetry_semantic_conventions-0.60b1-py3-none-any.whl,https://files.pythonhosted.org/packages/91/df/553f93ed38bf22f4b999d9be9c185adb558982214f33eae539d3b5cd0858/opentelemetry_semantic_conventions-0.60b1.tar.gz; https://files.pythonhosted.org/packages/7a/5e/5958555e09635d09b75de3c4f8b9cae7335ca545d77392ffe7331534c402/opentelemetry_semantic_conventions-0.60b1-py3-none-any.whl,not_applicable,not_applicable,yes,,true,true,pkg:pypi/opentelemetry-semantic-conventions@0.60b1,PY-01,cdxgen,sboms_raw/cdxgen/PY-01_fastapi_cyclonedx.json,137,101000,1
GT-0258,supplier,pypi,PY-01,cdxgen,sboms_validation/cdxgen/PY-01_fastapi_cyclonedx.json,140,packaging,25.0,pkg:pypi/packaging@25.0,verified,Python Packaging Authority (PyPA),Donald Stufft <donald@stufft.io>,incorrect,,uncertain,manual_review,SEM-SUP-04,"The retrieved party has role 'author_email', which does not by itself establish that the party is the CycloneDX supplier.",out_of_scope,author_email,pypi.info.author_email,,False,none,False,https://files.pythonhosted.org/packages/a1/d4/1fc4078c65507b51b96ca8f8c3ba19e6a61c8253c72794544580a7b6c24d/packaging-25.0.tar.gz; https://files.pythonhosted.org/packages/20/12/38679034af332785aac8774540895e234f4d07f7545804097de4b666afd8/packaging-25.0-py3-none-any.whl,https://files.pythonhosted.org/packages/a1/d4/1fc4078c65507b51b96ca8f8c3ba19e6a61c8253c72794544580a7b6c24d/packaging-25.0.tar.gz; https://files.pythonhosted.org/packages/20/12/38679034af332785aac8774540895e234f4d07f7545804097de4b666afd8/packaging-25.0-py3-none-any.whl,not_applicable,not_applicable,yes,,true,true,pkg:pypi/packaging@25.0,PY-01,cdxgen,sboms_raw/cdxgen/PY-01_fastapi_cyclonedx.json,140,101007,1
GT-0261,supplier,pypi,PY-01,cdxgen,sboms_validation/cdxgen/PY-01_fastapi_cyclonedx.json,145,playwright,1.60.0,pkg:pypi/playwright@1.60.0,verified,Microsoft Corporation,Microsoft Corporation,correct,,uncertain,manual_review,SEM-SUP-04,"The retrieved party has role 'author', which does not by itself establish that the party is the CycloneDX supplier.",out_of_scope,author,pypi.info.author,,False,none,False,https://files.pythonhosted.org/packages/21/f0/832bd9677194908da118064eef20082f2791e3d18215cc6d9391ee2c5a67/playwright-1.60.0-py3-none-macosx_10_13_x86_64.whl; https://files.pythonhosted.org/packages/59/7b/e1d32ae8a3ed937ec2be3721c5f728b13d731a0b7c6442e0b3bec5094ac0/playwright-1.60.0-py3-none-macosx_11_0_arm64.whl; https://files.pythonhosted.org/packages/d7/bc/23de499ded6411c188a20c5a0dea6f0cd4ed5d2b3cc6042a5dbd3ed609aa/playwright-1.60.0-py3-none-macosx_11_0_universal2.whl; https://files.pythonhosted.org/packages/22/7b/1d679f4fced4ea94efadd17103856d8c565384f68382a1681264e46f5925/playwright-1.60.0-py3-none-manylinux1_x86_64.whl; https://files.pythonhosted.org/packages/84/c2/1528d267d4442bd2c6b8eaeab819dd52c2030bf80e89293f0ba1f687473b/playwright-1.60.0-py3-none-manylinux_2_17_aarch64.manylinux2014_aarch64.whl; https://files.pythonhosted.org/packages/bb/4e/b008b6440a7a1624378041da94829956d4b8f7ab9ef5aad22d0dc3f2e26d/playwright-1.60.0-py3-none-win32.whl; https://files.pythonhosted.org/packages/55/f0/0541524133104f9cc20bf900870ff4a736b76a23483f3a55295ddfa58409/playwright-1.60.0-py3-none-win_amd64.whl; https://files.pythonhosted.org/packages/80/c8/210f282d278e4709cdd71b12a31af45a30a22ab3207b387e29b37e478713/playwright-1.60.0-py3-none-win_arm64.whl,https://files.pythonhosted.org/packages/21/f0/832bd9677194908da118064eef20082f2791e3d18215cc6d9391ee2c5a67/playwright-1.60.0-py3-none-macosx_10_13_x86_64.whl; https://files.pythonhosted.org/packages/59/7b/e1d32ae8a3ed937ec2be3721c5f728b13d731a0b7c6442e0b3bec5094ac0/playwright-1.60.0-py3-none-macosx_11_0_arm64.whl; https://files.pythonhosted.org/packages/d7/bc/23de499ded6411c188a20c5a0dea6f0cd4ed5d2b3cc6042a5dbd3ed609aa/playwright-1.60.0-py3-none-macosx_11_0_universal2.whl; https://files.pythonhosted.org/packages/22/7b/1d679f4fced4ea94efadd17103856d8c565384f68382a1681264e46f5925/playwright-1.60.0-py3-none-manylinux1_x86_64.whl; https://files.pythonhosted.org/packages/84/c2/1528d267d4442bd2c6b8eaeab819dd52c2030bf80e89293f0ba1f687473b/playwright-1.60.0-py3-none-manylinux_2_17_aarch64.manylinux2014_aarch64.whl; https://files.pythonhosted.org/packages/bb/4e/b008b6440a7a1624378041da94829956d4b8f7ab9ef5aad22d0dc3f2e26d/playwright-1.60.0-py3-none-win32.whl; https://files.pythonhosted.org/packages/55/f0/0541524133104f9cc20bf900870ff4a736b76a23483f3a55295ddfa58409/playwright-1.60.0-py3-none-win_amd64.whl; https://files.pythonhosted.org/packages/80/c8/210f282d278e4709cdd71b12a31af45a30a22ab3207b387e29b37e478713/playwright-1.60.0-py3-none-win_arm64.whl,not_applicable,not_applicable,yes,,true,true,pkg:pypi/playwright@1.60.0,PY-01,cdxgen,sboms_raw/cdxgen/PY-01_fastapi_cyclonedx.json,145,101019,1
GT-0265,supplier,pypi,PY-01,cdxgen,sboms_validation/cdxgen/PY-01_fastapi_cyclonedx.json,150,protobuf,6.33.5,pkg:pypi/protobuf@6.33.5,verified,Google LLC,protobuf@googlegroups.com,incorrect,,uncertain,manual_review,SEM-SUP-04,"The retrieved party has role 'author', which does not by itself establish that the party is the CycloneDX supplier.",out_of_scope,author,pypi.info.author,,False,none,False,https://files.pythonhosted.org/packages/ba/25/7c72c307aafc96fa87062aa6291d9f7c94836e43214d43722e86037aac02/protobuf-6.33.5.tar.gz; https://files.pythonhosted.org/packages/b1/79/af92d0a8369732b027e6d6084251dd8e782c685c72da161bd4a2e00fbabb/protobuf-6.33.5-cp310-abi3-win32.whl; https://files.pythonhosted.org/packages/55/75/bb9bc917d10e9ee13dee8607eb9ab963b7cf8be607c46e7862c748aa2af7/protobuf-6.33.5-cp310-abi3-win_amd64.whl; https://files.pythonhosted.org/packages/a2/6b/e48dfc1191bc5b52950246275bf4089773e91cb5ba3592621723cdddca62/protobuf-6.33.5-cp39-abi3-macosx_10_9_universal2.whl; https://files.pythonhosted.org/packages/4e/b1/c79468184310de09d75095ed1314b839eb2f72df71097db9d1404a1b2717/protobuf-6.33.5-cp39-abi3-manylinux2014_aarch64.whl; https://files.pythonhosted.org/packages/c5/f5/65d838092fd01c44d16037953fd4c2cc851e783de9b8f02b27ec4ffd906f/protobuf-6.33.5-cp39-abi3-manylinux2014_s390x.whl; https://files.pythonhosted.org/packages/9b/53/a9443aa3ca9ba8724fdfa02dd1887c1bcd8e89556b715cfbacca6b63dbec/protobuf-6.33.5-cp39-abi3-manylinux2014_x86_64.whl; https://files.pythonhosted.org/packages/57/bf/2086963c69bdac3d7cff1cc7ff79b8ce5ea0bec6797a017e1be338a46248/protobuf-6.33.5-py3-none-any.whl,https://files.pythonhosted.org/packages/ba/25/7c72c307aafc96fa87062aa6291d9f7c94836e43214d43722e86037aac02/protobuf-6.33.5.tar.gz; https://files.pythonhosted.org/packages/b1/79/af92d0a8369732b027e6d6084251dd8e782c685c72da161bd4a2e00fbabb/protobuf-6.33.5-cp310-abi3-win32.whl; https://files.pythonhosted.org/packages/55/75/bb9bc917d10e9ee13dee8607eb9ab963b7cf8be607c46e7862c748aa2af7/protobuf-6.33.5-cp310-abi3-win_amd64.whl; https://files.pythonhosted.org/packages/a2/6b/e48dfc1191bc5b52950246275bf4089773e91cb5ba3592621723cdddca62/protobuf-6.33.5-cp39-abi3-macosx_10_9_universal2.whl; https://files.pythonhosted.org/packages/4e/b1/c79468184310de09d75095ed1314b839eb2f72df71097db9d1404a1b2717/protobuf-6.33.5-cp39-abi3-manylinux2014_aarch64.whl; https://files.pythonhosted.org/packages/c5/f5/65d838092fd01c44d16037953fd4c2cc851e783de9b8f02b27ec4ffd906f/protobuf-6.33.5-cp39-abi3-manylinux2014_s390x.whl; https://files.pythonhosted.org/packages/9b/53/a9443aa3ca9ba8724fdfa02dd1887c1bcd8e89556b715cfbacca6b63dbec/protobuf-6.33.5-cp39-abi3-manylinux2014_x86_64.whl; https://files.pythonhosted.org/packages/57/bf/2086963c69bdac3d7cff1cc7ff79b8ce5ea0bec6797a017e1be338a46248/protobuf-6.33.5-py3-none-any.whl,not_applicable,not_applicable,yes,,true,true,pkg:pypi/protobuf@6.33.5,PY-01,cdxgen,sboms_raw/cdxgen/PY-01_fastapi_cyclonedx.json,150,101029,1
GT-0268,supplier,pypi,PY-01,cdxgen,sboms_validation/cdxgen/PY-01_fastapi_cyclonedx.json,157,pydantic,2.13.4,pkg:pypi/pydantic@2.13.4,verified,Pydantic Services Inc.,"Samuel Colvin <s@muelcolvin.com>, Eric Jolibois <em.jolibois@gmail.com>, Hasan Ramezani <hasan.r67@gmail.com>, Adrian Garcia Badaracco <1755071+adriangb@users.noreply.github.com>, Terrence Dorsey <terry@pydantic.dev>, David Montague <david@pydantic.dev>, Serge Matveenko <lig@countzero.co>, Marcelo Trylesinski <marcelotryle@gmail.com>, Sydney Runkle <sydneymarierunkle@gmail.com>, David Hewitt <mail@davidhewitt.dev>, Alex Hall <alex.mojaki@gmail.com>, Victorien Plot <contact@vctrn.dev>",incorrect,,incorrect,reject,SEM-STATIC-01,The proposal failed deterministic static validation and is not reconsidered as an automatic repair by the semantic layer.,fail,author_email,pypi.info.author_email,,False,none,False,https://files.pythonhosted.org/packages/18/a5/b60d21ac674192f8ab0ba4e9fd860690f9b4a6e51ca5df118733b487d8d6/pydantic-2.13.4.tar.gz; https://files.pythonhosted.org/packages/fd/7b/122376b1fd3c62c1ed9dc80c931ace4844b3c55407b6fb2d199377c9736f/pydantic-2.13.4-py3-none-any.whl,https://files.pythonhosted.org/packages/18/a5/b60d21ac674192f8ab0ba4e9fd860690f9b4a6e51ca5df118733b487d8d6/pydantic-2.13.4.tar.gz; https://files.pythonhosted.org/packages/fd/7b/122376b1fd3c62c1ed9dc80c931ace4844b3c55407b6fb2d199377c9736f/pydantic-2.13.4-py3-none-any.whl,not_applicable,not_applicable,yes,,true,true,pkg:pypi/pydantic@2.13.4,PY-01,cdxgen,sboms_raw/cdxgen/PY-01_fastapi_cyclonedx.json,157,101043,1
GT-0269,supplier,pypi,PY-01,cdxgen,sboms_validation/cdxgen/PY-01_fastapi_cyclonedx.json,158,pydantic-ai,1.107.0,pkg:pypi/pydantic-ai@1.107.0,verified,Pydantic Services Inc.,"Douwe Maan <douwe@pydantic.dev>, David Sanchez <david.sanchez@pydantic.dev>, Aditya Vardhan <aditya@pydantic.dev>, David Montague <david@pydantic.dev>, Marcelo Trylesinski <marcelotryle@gmail.com>, Alex Hall <alex@pydantic.dev>, Samuel Colvin <samuel@pydantic.dev>",incorrect,,uncertain,manual_review,SEM-SUP-04,"The retrieved party has role 'author_email', which does not by itself establish that the party is the CycloneDX supplier.",out_of_scope,author_email,pypi.info.author_email,,False,none,False,https://files.pythonhosted.org/packages/17/71/7132293bc7ce791d8f3ee7f56b696b216a104bb30a08113f7b3db30a0c9a/pydantic_ai-1.107.0.tar.gz; https://files.pythonhosted.org/packages/65/38/db37ab59fced191a75babbbbe99470e512c91fe730b27d113e3280fdbe44/pydantic_ai-1.107.0-py3-none-any.whl,https://files.pythonhosted.org/packages/17/71/7132293bc7ce791d8f3ee7f56b696b216a104bb30a08113f7b3db30a0c9a/pydantic_ai-1.107.0.tar.gz; https://files.pythonhosted.org/packages/65/38/db37ab59fced191a75babbbbe99470e512c91fe730b27d113e3280fdbe44/pydantic_ai-1.107.0-py3-none-any.whl,not_applicable,not_applicable,yes,,true,true,pkg:pypi/pydantic-ai@1.107.0,PY-01,cdxgen,sboms_raw/cdxgen/PY-01_fastapi_cyclonedx.json,158,101045,1
GT-0270,supplier,pypi,PY-01,cdxgen,sboms_validation/cdxgen/PY-01_fastapi_cyclonedx.json,159,pydantic-ai-slim,1.107.0,pkg:pypi/pydantic-ai-slim@1.107.0,verified,Pydantic Services Inc.,"Douwe Maan <douwe@pydantic.dev>, David Sanchez <david.sanchez@pydantic.dev>, Aditya Vardhan <aditya@pydantic.dev>, David Montague <david@pydantic.dev>, Marcelo Trylesinski <marcelotryle@gmail.com>, Alex Hall <alex@pydantic.dev>, Samuel Colvin <samuel@pydantic.dev>",incorrect,,uncertain,manual_review,SEM-SUP-04,"The retrieved party has role 'author_email', which does not by itself establish that the party is the CycloneDX supplier.",out_of_scope,author_email,pypi.info.author_email,,False,none,False,https://files.pythonhosted.org/packages/4c/26/ced63dfaabbc77f3beb86d59689cdea748e7ccffb6b419dbaf4780f211e8/pydantic_ai_slim-1.107.0.tar.gz; https://files.pythonhosted.org/packages/15/57/71044e17f931b08cc3930bc0fe5a1e1fd37fa474ae826be004729ef1cb4a/pydantic_ai_slim-1.107.0-py3-none-any.whl,https://files.pythonhosted.org/packages/4c/26/ced63dfaabbc77f3beb86d59689cdea748e7ccffb6b419dbaf4780f211e8/pydantic_ai_slim-1.107.0.tar.gz; https://files.pythonhosted.org/packages/15/57/71044e17f931b08cc3930bc0fe5a1e1fd37fa474ae826be004729ef1cb4a/pydantic_ai_slim-1.107.0-py3-none-any.whl,not_applicable,not_applicable,yes,,true,true,pkg:pypi/pydantic-ai-slim@1.107.0,PY-01,cdxgen,sboms_raw/cdxgen/PY-01_fastapi_cyclonedx.json,159,101048,1
GT-0271,supplier,pypi,PY-01,cdxgen,sboms_validation/cdxgen/PY-01_fastapi_cyclonedx.json,160,pydantic-core,2.46.4,pkg:pypi/pydantic-core@2.46.4,verified,Pydantic Services Inc.,"Samuel Colvin <s@muelcolvin.com>, Adrian Garcia Badaracco <1755071+adriangb@users.noreply.github.com>, David Montague <david@pydantic.dev>, David Hewitt <mail@davidhewitt.dev>, Sydney Runkle <sydneymarierunkle@gmail.com>, Victorien Plot <contact@vctrn.dev>",incorrect,,uncertain,manual_review,SEM-SUP-04,"The retrieved party has role 'author_email', which does not by itself establish that the party is the CycloneDX supplier.",out_of_scope,author_email,pypi.info.author_email,,False,none,False,https://files.pythonhosted.org/packages/9d/56/921726b776ace8d8f5db44c4ef961006580d91dc52b803c489fafd1aa249/pydantic_core-2.46.4.tar.gz; https://files.pythonhosted.org/packages/e7/08/f1ba952f1c8ae5581c70fa9c6da89f247b83e3dd8c09c035d5d7931fc23d/pydantic_core-2.46.4-cp310-cp310-macosx_10_12_x86_64.whl; https://files.pythonhosted.org/packages/56/c6/65f646c7ff09bd257f660434adb45c4dfcbbcebcc030562fecf6f5bf887d/pydantic_core-2.46.4-cp310-cp310-macosx_11_0_arm64.whl; https://files.pythonhosted.org/packages/64/ba/bfb1d928fd5b49e1258935ff104ae356e9fd89384a55bf9f847e9193ad40/pydantic_core-2.46.4-cp310-cp310-manylinux_2_17_aarch64.manylinux2014_aarch64.whl; https://files.pythonhosted.org/packages/4e/74/76223bfb117b64af743c9b6670d1364516f5c0604f96b48f3272f6af6cc6/pydantic_core-2.46.4-cp310-cp310-manylinux_2_17_armv7l.manylinux2014_armv7l.whl; https://files.pythonhosted.org/packages/cb/7b/848732968bc8f48f3187542f08358b9d842db564147b256669426ebb1652/pydantic_core-2.46.4-cp310-cp310-manylinux_2_17_ppc64le.manylinux2014_ppc64le.whl; https://files.pythonhosted.org/packages/b5/2f/e90b63ee2e14bd8d3db8f705a6d75d64e6ee1b7c2c8833747ce706e1e0ce/pydantic_core-2.46.4-cp310-cp310-manylinux_2_17_s390x.manylinux2014_s390x.whl; https://files.pythonhosted.org/packages/ba/1e/acc4d70f88a0a277e4a1fa77ebb985ceabaf900430f875bf9338e11c9420/pydantic_core-2.46.4-cp310-cp310-manylinux_2_17_x86_64.manylinux2014_x86_64.whl; https://files.pythonhosted.org/packages/a9/da/0a422b57bf8504102bf3c4ccea9c41bab5a5cee6a54650acf8faf67f5a24/pydantic_core-2.46.4-cp310-cp310-manylinux_2_31_riscv64.whl; https://files.pythonhosted.org/packages/bd/2a/2ac13c3af305843e23c5078c53d135656b3f05a2fd78cb7bbbb12e97b473/pydantic_core-2.46.4-cp310-cp310-manylinux_2_5_i686.manylinux1_i686.whl; https://files.pythonhosted.org/packages/72/04/2beacf7e1607e93eefe4aed1b4709f079b905fb77530179d4f7c71745f22/pydantic_core-2.46.4-cp310-cp310-musllinux_1_1_aarch64.whl; https://files.pythonhosted.org/packages/9e/29/d2b9fd9f539133548eaf622c06a4ce176cb46ac59f32d0359c4abc0de047/pydantic_core-2.46.4-cp310-cp310-musllinux_1_1_armv7l.whl; https://files.pythonhosted.org/packages/7c/af/0f7a5b85fec6075bea96e3ef9187de38fccced0de92c1e7feda8d5cc7bb9/pydantic_core-2.46.4-cp310-cp310-musllinux_1_1_x86_64.whl; https://files.pythonhosted.org/packages/25/a4/73363fec545fd3ec025490bdda2743c56d0dd5b6266b1a53bbe9e4265375/pydantic_core-2.46.4-cp310-cp310-win32.whl; https://files.pythonhosted.org/packages/01/aa/62f082da2c91fac1c234bc9ee0066257ce83f0604abd72e4c9d5991f2d84/pydantic_core-2.46.4-cp310-cp310-win_amd64.whl; https://files.pythonhosted.org/packages/5c/fa/6d7708d2cfc1a832acb6aeb0cd16e801902df8a0f583bb3b4b527fde022e/pydantic_core-2.46.4-cp311-cp311-macosx_10_12_x86_64.whl; https://files.pythonhosted.org/packages/ae/6f/aa064a3e74b5745afbdf250594f38e7ead05e2d651bcb35994b9417a0d4d/pydantic_core-2.46.4-cp311-cp311-macosx_11_0_arm64.whl; https://files.pythonhosted.org/packages/43/3a/41114a9f7569b84b4d84e7a018c57c56347dac30c0d4a872946ec4e36c46/pydantic_core-2.46.4-cp311-cp311-manylinux_2_17_aarch64.manylinux2014_aarch64.whl; https://files.pythonhosted.org/packages/ef/25/1ab42e8048fe551934d9884e8d64daa7e990ad386f310a15981aeb6a5b08/pydantic_core-2.46.4-cp311-cp311-manylinux_2_17_armv7l.manylinux2014_armv7l.whl; https://files.pythonhosted.org/packages/94/c2/1a934597ddf08da410385b3b7aae91956a5a76c635effef456074fad7e88/pydantic_core-2.46.4-cp311-cp311-manylinux_2_17_ppc64le.manylinux2014_ppc64le.whl; https://files.pythonhosted.org/packages/02/6d/9e8ad178c9c4df27ad3c8f25d1fe2a7ab0d2ba0559fad4aee5d3d1f16771/pydantic_core-2.46.4-cp311-cp311-manylinux_2_17_s390x.manylinux2014_s390x.whl; https://files.pythonhosted.org/packages/80/50/540cd3aeefc041beb111125c4bff779831a2111fc6b15a9138cda277d32c/pydantic_core-2.46.4-cp311-cp311-manylinux_2_17_x86_64.manylinux2014_x86_64.whl; https://files.pythonhosted.org/packages/6b/a4/b440ad35f05f6a38f89fa0f149accb3f0e02be94ca5e15f3c449a61b4bc9/pydantic_core-2.46.4-cp311-cp311-manylinux_2_31_riscv64.whl; https://files.pythonhosted.org/packages/99/61/de4f55db8dfd57bfdfa9a12ec90fe1b57c4f41062f7ca86f08586b3e0ac0/pydantic_core-2.46.4-cp311-cp311-manylinux_2_5_i686.manylinux1_i686.whl; https://files.pythonhosted.org/packages/f7/52/7c529d7bdb2d1068bd52f51fe32572c8301f9a4febf1948f10639f1436f5/pydantic_core-2.46.4-cp311-cp311-musllinux_1_1_aarch64.whl; https://files.pythonhosted.org/packages/37/b3/7c40325848ba78247f2812dcf9c7274e38cd801820ca6dd9fe63bcfb0eb4/pydantic_core-2.46.4-cp311-cp311-musllinux_1_1_armv7l.whl; https://files.pythonhosted.org/packages/d9/37/f913f81a657c865b75da6c0dbed79876073c2a43b5bd9edbe8da785e4d49/pydantic_core-2.46.4-cp311-cp311-musllinux_1_1_x86_64.whl; https://files.pythonhosted.org/packages/c4/67/6acaa1be2567f9256b056d8477158cac7240813956ce86e49deae8e173b4/pydantic_core-2.46.4-cp311-cp311-win32.whl; https://files.pythonhosted.org/packages/aa/e6/c505f83dfeda9a2e5c995cfd872949e4d05e12f7feb3dca72f633daefa94/pydantic_core-2.46.4-cp311-cp311-win_amd64.whl; https://files.pythonhosted.org/packages/0f/da/7a263a96d965d9d0df5e8de8a475f33495451117035b09acb110288c381f/pydantic_core-2.46.4-cp311-cp311-win_arm64.whl; https://files.pythonhosted.org/packages/ce/8c/af022f0af448d7747c5154288d46b5f2bc5f17366eaa0e23e9aa04d59f3b/pydantic_core-2.46.4-cp312-cp312-macosx_10_12_x86_64.whl; https://files.pythonhosted.org/packages/19/95/6195171e385007300f0f5574592e467c568becce2d937a0b6804f218bc49/pydantic_core-2.46.4-cp312-cp312-macosx_11_0_arm64.whl; https://files.pythonhosted.org/packages/8e/bc/f47d1ff9cbb1620e1b5b697eef06010035735f07820180e74178226b27b3/pydantic_core-2.46.4-cp312-cp312-manylinux_2_17_aarch64.manylinux2014_aarch64.whl; https://files.pythonhosted.org/packages/5b/11/9b9a5b0306345664a2da6410877af6e8082481b5884b3ddd78d47c6013ce/pydantic_core-2.46.4-cp312-cp312-manylinux_2_17_armv7l.manylinux2014_armv7l.whl; https://files.pythonhosted.org/packages/f1/b7/a65fec226f5d78fc39f4a13c4cc0c768c22b113438f60c14adc9d2865038/pydantic_core-2.46.4-cp312-cp312-manylinux_2_17_ppc64le.manylinux2014_ppc64le.whl; https://files.pythonhosted.org/packages/68/f0/92039db98b907ef49269a8271f67db9cb78ae2fc68062ef7e4e77adb5f61/pydantic_core-2.46.4-cp312-cp312-manylinux_2_17_s390x.manylinux2014_s390x.whl; https://files.pythonhosted.org/packages/5f/97/2aab507d3d00ca626e8e57c1eac6a79e4e5fbcc63eb99733ff55d1717f65/pydantic_core-2.46.4-cp312-cp312-manylinux_2_17_x86_64.manylinux2014_x86_64.whl; https://files.pythonhosted.org/packages/22/37/a8aca44d40d737dde2bc05b3c6c07dff0de07ce6f82e9f3167aeaf4d5dea/pydantic_core-2.46.4-cp312-cp312-manylinux_2_31_riscv64.whl; https://files.pythonhosted.org/packages/24/99/fcef1b79238c06a8cbec70819ac722ba76e02bc8ada9b0fd66eba40da01b/pydantic_core-2.46.4-cp312-cp312-manylinux_2_5_i686.manylinux1_i686.whl; https://files.pythonhosted.org/packages/ae/6c/fc44000918855b42779d007ae63b0532794739027b2f417321cddbc44f6a/pydantic_core-2.46.4-cp312-cp312-musllinux_1_1_aarch64.whl; https://files.pythonhosted.org/packages/6b/65/d9cadc9f1920d7a127ad2edba16c1db7916e59719285cd6c94600b0080ba/pydantic_core-2.46.4-cp312-cp312-musllinux_1_1_armv7l.whl; https://files.pythonhosted.org/packages/d0/cf/c873d91679f3a30bcf5e7ac280ce5573483e72295307685120d0d5ad3416/pydantic_core-2.46.4-cp312-cp312-musllinux_1_1_x86_64.whl; https://files.pythonhosted.org/packages/47/bd/6f2fc8188f31bf10590f1e98e7b306336161fac930a8c514cd7bd828c7dc/pydantic_core-2.46.4-cp312-cp312-win32.whl; https://files.pythonhosted.org/packages/40/8c/985c1d41ea1107c2534abd9870e4ed5c8e7669b5c308297835c001e7a1c4/pydantic_core-2.46.4-cp312-cp312-win_amd64.whl; https://files.pythonhosted.org/packages/c4/ba/f463d006e0c47373ca7ec5e1a261c59dc01ef4d62b2657af925fb0deee3a/pydantic_core-2.46.4-cp312-cp312-win_arm64.whl; https://files.pythonhosted.org/packages/51/a2/5d30b469c5267a17b39dec53208222f76a8d351dfac4af661888c5aee77d/pydantic_core-2.46.4-cp313-cp313-macosx_10_12_x86_64.whl; https://files.pythonhosted.org/packages/c1/81/4fa520eaffa8bd7d1525e644cd6d39e7d60b1592bc5b516693c7340b50f1/pydantic_core-2.46.4-cp313-cp313-macosx_11_0_arm64.whl; https://files.pythonhosted.org/packages/03/d5/fd02da45b659668b05923b17ba3a0100a0a3d5541e3bd8fcc4ecb711309e/pydantic_core-2.46.4-cp313-cp313-manylinux_2_17_aarch64.manylinux2014_aarch64.whl; https://files.pythonhosted.org/packages/21/f2/95727e1368be3d3ed485eaab7adbd7dda408f33f7a36e8b48e0144002b91/pydantic_core-2.46.4-cp313-cp313-manylinux_2_17_armv7l.manylinux2014_armv7l.whl; https://files.pythonhosted.org/packages/9c/86/5d99feea3f77c7234b8718075b23db11532773c1a0dbd9b9490215dc2eeb/pydantic_core-2.46.4-cp313-cp313-manylinux_2_17_ppc64le.manylinux2014_ppc64le.whl; https://files.pythonhosted.org/packages/d2/3a/508ac615935ef7588cf6d9e9b91309fdc2da751af865e02a9098de88258c/pydantic_core-2.46.4-cp313-cp313-manylinux_2_17_s390x.manylinux2014_s390x.whl; https://files.pythonhosted.org/packages/07/f8/41db9de19d7987d6b04715a02b3b40aea467000275d9d758ffaa31af7d50/pydantic_core-2.46.4-cp313-cp313-manylinux_2_17_x86_64.manylinux2014_x86_64.whl; https://files.pythonhosted.org/packages/2c/e2/f35033184cb11d0052daf4416e8e10a502ea2ac006fc4f459aee872727d1/pydantic_core-2.46.4-cp313-cp313-manylinux_2_31_riscv64.whl; https://files.pythonhosted.org/packages/7e/7b/6ceeb1cc90e193862f444ebe373d8fdf613f0a82572dde03fb10734c6c71/pydantic_core-2.46.4-cp313-cp313-manylinux_2_5_i686.manylinux1_i686.whl; https://files.pythonhosted.org/packages/5a/f2/c8d7773ede6af08036423a00ae0ceffce266c3c52a096c435d68c896083f/pydantic_core-2.46.4-cp313-cp313-musllinux_1_1_aarch64.whl; https://files.pythonhosted.org/packages/59/31/0c864784e31f09f05cdd87606f08923b9c9e7f6e51dd27f20f62f975ce9f/pydantic_core-2.46.4-cp313-cp313-musllinux_1_1_armv7l.whl; https://files.pythonhosted.org/packages/c2/eb/4f6c8a41efa30baa755590f4141abf3a8c370fab610915733e74134a7270/pydantic_core-2.46.4-cp313-cp313-musllinux_1_1_x86_64.whl; https://files.pythonhosted.org/packages/5b/24/b375a480d53113860c299764bfe9f349a3dc9108b3adc0d7f0d786492ebf/pydantic_core-2.46.4-cp313-cp313-win32.whl; https://files.pythonhosted.org/packages/7e/e8/cff247591966f2d22ec8c003cd7587e27b7ba7b81ab2fb888e3ab75dc285/pydantic_core-2.46.4-cp313-cp313-win_amd64.whl; https://files.pythonhosted.org/packages/c6/1a/f4aee670d5670e9e148e0c82c7db98d780be566c6e6a97ee8035528ca0b3/pydantic_core-2.46.4-cp313-cp313-win_arm64.whl; https://files.pythonhosted.org/packages/8d/74/228a26ddad29c6672b805d9fd78e8d251cd04004fa7eed0e622096cd0250/pydantic_core-2.46.4-cp314-cp314-macosx_10_12_x86_64.whl; https://files.pythonhosted.org/packages/ad/1f/8970b150a4b4365623ae00fc88603491f763c627311ae8031e3111356d6e/pydantic_core-2.46.4-cp314-cp314-macosx_11_0_arm64.whl; https://files.pythonhosted.org/packages/95/30/5211a831ae054928054b2f79731661087a2bc5c01e825c672b3a4a8f1b3e/pydantic_core-2.46.4-cp314-cp314-manylinux_2_17_aarch64.manylinux2014_aarch64.whl; https://files.pythonhosted.org/packages/57/e9/689668733b1eb67adeef047db3c2e8788fcf65a7fd9c9e2b46b7744fe245/pydantic_core-2.46.4-cp314-cp314-manylinux_2_17_armv7l.manylinux2014_armv7l.whl; https://files.pythonhosted.org/packages/60/d9/6715260422ff50a2109878fd24d948a6c3446bb2664f34ee78cd972b3acd/pydantic_core-2.46.4-cp314-cp314-manylinux_2_17_ppc64le.manylinux2014_ppc64le.whl; https://files.pythonhosted.org/packages/18/ae/fdb2f64316afca925640f8e70bb1a564b0ec2721c1389e25b8eb4bf9a299/pydantic_core-2.46.4-cp314-cp314-manylinux_2_17_s390x.manylinux2014_s390x.whl; https://files.pythonhosted.org/packages/89/1d/8eff589b45bb8190a9d12c49cfad0f176a5cbd1534908a6b5125e2886239/pydantic_core-2.46.4-cp314-cp314-manylinux_2_17_x86_64.manylinux2014_x86_64.whl; https://files.pythonhosted.org/packages/06/d5/ee5a3366637fee41dee51a1fc91562dcf12ddbc68fda34e6b253da2324bb/pydantic_core-2.46.4-cp314-cp314-manylinux_2_31_riscv64.whl; https://files.pythonhosted.org/packages/94/33/2414be571d2c6a6c4d08be21f9292b6d3fdb08949a97b6dfe985017821db/pydantic_core-2.46.4-cp314-cp314-manylinux_2_5_i686.manylinux1_i686.whl; https://files.pythonhosted.org/packages/7b/79/7daa95be995be0eecc4cf75064cb33f9bbbfe3fe0158caf2f0d4a996a5c7/pydantic_core-2.46.4-cp314-cp314-musllinux_1_1_aarch64.whl; https://files.pythonhosted.org/packages/9f/cb/d0a382f5c0de8a222dc61c65348e0ce831b1f68e0a018450d31c2cace3a5/pydantic_core-2.46.4-cp314-cp314-musllinux_1_1_armv7l.whl; https://files.pythonhosted.org/packages/05/db/d9ba624cc4a5aced1598e88c04fdbd8310c8a69b9d38b9a3d39ce3a61ed7/pydantic_core-2.46.4-cp314-cp314-musllinux_1_1_x86_64.whl; https://files.pythonhosted.org/packages/f2/20/d15df15ba918c423461905802bfd2981c3af0bfa0e40d05e13edbfa48bc3/pydantic_core-2.46.4-cp314-cp314-win32.whl; https://files.pythonhosted.org/packages/fc/b6/6b8de4c0a7d7ab3004c439c80c5c1e0a3e8d78bbae19379b01960383d9e5/pydantic_core-2.46.4-cp314-cp314-win_amd64.whl; https://files.pythonhosted.org/packages/32/36/51eb763beec1f4cf59b1db243a7dcc39cbb41230f050a09b9d69faaf0a48/pydantic_core-2.46.4-cp314-cp314-win_arm64.whl; https://files.pythonhosted.org/packages/e8/91/855af51d625b23aa987116a19e231d2aaef9c4a415273ddc189b79a45fee/pydantic_core-2.46.4-cp314-cp314t-macosx_10_12_x86_64.whl; https://files.pythonhosted.org/packages/fb/1b/8784a54c65edb5f49f0a14d6977cf1b209bba85a4c77445b255c2de58ab3/pydantic_core-2.46.4-cp314-cp314t-macosx_11_0_arm64.whl; https://files.pythonhosted.org/packages/e8/e7/1955d28d1afc56dd4b3ad7cc0cf39df1b9852964cf16e5d13912756d6d6b/pydantic_core-2.46.4-cp314-cp314t-manylinux_2_17_aarch64.manylinux2014_aarch64.whl; https://files.pythonhosted.org/packages/93/e2/3fedbf0ba7a22850e6e9fd78117f1c0f10f950182344d8a6c535d468fdd8/pydantic_core-2.46.4-cp314-cp314t-manylinux_2_17_armv7l.manylinux2014_armv7l.whl; https://files.pythonhosted.org/packages/f8/61/46be275fcaaba0b4f5b9669dd852267ce1ff616592dccf7a7845588df091/pydantic_core-2.46.4-cp314-cp314t-manylinux_2_17_ppc64le.manylinux2014_ppc64le.whl; https://files.pythonhosted.org/packages/60/db/12e93e46a8bac9988be3c016860f83293daea8c716c029c9ace279036f2f/pydantic_core-2.46.4-cp314-cp314t-manylinux_2_17_s390x.manylinux2014_s390x.whl; https://files.pythonhosted.org/packages/e2/4a/4d8b19008f38d31c53b8219cfedc2e3d5de5fe99d90076b7e767de29274f/pydantic_core-2.46.4-cp314-cp314t-manylinux_2_17_x86_64.manylinux2014_x86_64.whl; https://files.pythonhosted.org/packages/88/70/3cbc40978fefb7bb09c6708d40d4ad1a5d70fd7213c3d17f971de868ec1f/pydantic_core-2.46.4-cp314-cp314t-manylinux_2_31_riscv64.whl; https://files.pythonhosted.org/packages/9d/20/b8d36736216e29491125531685b2f9e61aa5b4b2599893f8268551da3338/pydantic_core-2.46.4-cp314-cp314t-manylinux_2_5_i686.manylinux1_i686.whl; https://files.pythonhosted.org/packages/1d/a2/367df868eb584dacf6bf82a389272406d7178e301c4ac82545ab98bc2dd9/pydantic_core-2.46.4-cp314-cp314t-musllinux_1_1_aarch64.whl; https://files.pythonhosted.org/packages/c1/b8/4460f77f7e201893f649a29ab355dddd3beee8a97bcb1a320db414f9a06e/pydantic_core-2.46.4-cp314-cp314t-musllinux_1_1_armv7l.whl; https://files.pythonhosted.org/packages/64/c4/be2639293acd87dc8ddbcec41a73cee9b2ebf996fe6d892a1a74e88ad3f7/pydantic_core-2.46.4-cp314-cp314t-musllinux_1_1_x86_64.whl; https://files.pythonhosted.org/packages/30/a6/9f9f380dbb301f67023bf8f707aaa75daadf84f7152d95c410fd7e81d994/pydantic_core-2.46.4-cp314-cp314t-win32.whl; https://files.pythonhosted.org/packages/40/1f/f1eb9eb350e795d1af8586289746f5c5677d16043040d63710e22abc43c9/pydantic_core-2.46.4-cp314-cp314t-win_amd64.whl; https://files.pythonhosted.org/packages/f6/d2/42dd53d0a85c27606f316d3aa5d2869c4e8470a5ed6dec30e4a1abe19192/pydantic_core-2.46.4-cp314-cp314t-win_arm64.whl; https://files.pythonhosted.org/packages/ee/a4/73995fd4ebbb46ba0ee51e6fa049b8f02c40daebb762208feda8a6b7894d/pydantic_core-2.46.4-graalpy311-graalpy242_311_native-macosx_10_12_x86_64.whl; https://files.pythonhosted.org/packages/fb/7f/f37d3a5e8bfcc2e403f5c57a730f2d815693fb42119e8ea48b3789335af1/pydantic_core-2.46.4-graalpy311-graalpy242_311_native-macosx_11_0_arm64.whl; https://files.pythonhosted.org/packages/15/3c/d7eb777b3ff43e8433a4efb39a17aa8fd98a4ee8561a24a67ef5db07b2d6/pydantic_core-2.46.4-graalpy311-graalpy242_311_native-manylinux_2_17_aarch64.manylinux2014_aarch64.whl; https://files.pythonhosted.org/packages/63/87/70b9f40170a81afd55ca26c9b2acb25c20d64bcfbf888fafecb3ba077d4c/pydantic_core-2.46.4-graalpy311-graalpy242_311_native-manylinux_2_17_x86_64.manylinux2014_x86_64.whl; https://files.pythonhosted.org/packages/9d/1d/8987ad40f65ae1432753072f214fb5c74fe47ffbd0698bb9cbbb585664f8/pydantic_core-2.46.4-graalpy312-graalpy250_312_native-macosx_10_12_x86_64.whl; https://files.pythonhosted.org/packages/64/d3/84c282a7eee1d3ac4c0377546ef5a1ea436ce26840d9ac3b7ed54a377507/pydantic_core-2.46.4-graalpy312-graalpy250_312_native-macosx_11_0_arm64.whl; https://files.pythonhosted.org/packages/d7/ca/eac61596cdeb4d7e174d3dc0bd8a6238f14f75f97a24e7b7db4c7e7340a0/pydantic_core-2.46.4-graalpy312-graalpy250_312_native-manylinux_2_17_aarch64.manylinux2014_aarch64.whl; https://files.pythonhosted.org/packages/fa/c3/7c8b240552251faf6b3a957db200fcfbbcec36763c050428b601e0c9b83b/pydantic_core-2.46.4-graalpy312-graalpy250_312_native-manylinux_2_17_x86_64.manylinux2014_x86_64.whl; https://files.pythonhosted.org/packages/11/cb/428de0385b6c8d44b716feba566abfacfbd23ee3c4439faa789a1456242f/pydantic_core-2.46.4-pp311-pypy311_pp73-macosx_10_12_x86_64.whl; https://files.pythonhosted.org/packages/0b/b5/6a17bdadd0fc1f170adfd05a20d37c832f52b117b4d9131da1f41bb097ce/pydantic_core-2.46.4-pp311-pypy311_pp73-macosx_11_0_arm64.whl; https://files.pythonhosted.org/packages/2a/dc/03734d80e362cd43ef65428e9de77c730ce7f2f11c60d2b1e1b39f0fbf99/pydantic_core-2.46.4-pp311-pypy311_pp73-manylinux_2_17_x86_64.manylinux2014_x86_64.whl; https://files.pythonhosted.org/packages/de/df/5e5ffc085ed07cc22d298134d3d911c63e91f6a0eb91fe646750a3209910/pydantic_core-2.46.4-pp311-pypy311_pp73-manylinux_2_5_i686.manylinux1_i686.whl; https://files.pythonhosted.org/packages/81/44/6e112a4253e56f5705467cbab7ab5e91ee7398ba3d56d358635958893d3e/pydantic_core-2.46.4-pp311-pypy311_pp73-musllinux_1_1_aarch64.whl; https://files.pythonhosted.org/packages/ac/ad/5565071e937d8e752842ac241463944c9eb14c87e2d269f2658a5bd05e98/pydantic_core-2.46.4-pp311-pypy311_pp73-musllinux_1_1_armv7l.whl; https://files.pythonhosted.org/packages/4f/c3/66883a5cec183e7fba4d024b4cbbe61851a63750ef606b0afecc46d1f2bf/pydantic_core-2.46.4-pp311-pypy311_pp73-musllinux_1_1_x86_64.whl; https://files.pythonhosted.org/packages/4b/2d/69abac8f838090bbecd5df894befb2c2619e7996a98ddb949db9f3b93225/pydantic_core-2.46.4-pp311-pypy311_pp73-win_amd64.whl,https://files.pythonhosted.org/packages/9d/56/921726b776ace8d8f5db44c4ef961006580d91dc52b803c489fafd1aa249/pydantic_core-2.46.4.tar.gz; https://files.pythonhosted.org/packages/e7/08/f1ba952f1c8ae5581c70fa9c6da89f247b83e3dd8c09c035d5d7931fc23d/pydantic_core-2.46.4-cp310-cp310-macosx_10_12_x86_64.whl; https://files.pythonhosted.org/packages/56/c6/65f646c7ff09bd257f660434adb45c4dfcbbcebcc030562fecf6f5bf887d/pydantic_core-2.46.4-cp310-cp310-macosx_11_0_arm64.whl; https://files.pythonhosted.org/packages/64/ba/bfb1d928fd5b49e1258935ff104ae356e9fd89384a55bf9f847e9193ad40/pydantic_core-2.46.4-cp310-cp310-manylinux_2_17_aarch64.manylinux2014_aarch64.whl; https://files.pythonhosted.org/packages/4e/74/76223bfb117b64af743c9b6670d1364516f5c0604f96b48f3272f6af6cc6/pydantic_core-2.46.4-cp310-cp310-manylinux_2_17_armv7l.manylinux2014_armv7l.whl; https://files.pythonhosted.org/packages/cb/7b/848732968bc8f48f3187542f08358b9d842db564147b256669426ebb1652/pydantic_core-2.46.4-cp310-cp310-manylinux_2_17_ppc64le.manylinux2014_ppc64le.whl; https://files.pythonhosted.org/packages/b5/2f/e90b63ee2e14bd8d3db8f705a6d75d64e6ee1b7c2c8833747ce706e1e0ce/pydantic_core-2.46.4-cp310-cp310-manylinux_2_17_s390x.manylinux2014_s390x.whl; https://files.pythonhosted.org/packages/ba/1e/acc4d70f88a0a277e4a1fa77ebb985ceabaf900430f875bf9338e11c9420/pydantic_core-2.46.4-cp310-cp310-manylinux_2_17_x86_64.manylinux2014_x86_64.whl; https://files.pythonhosted.org/packages/a9/da/0a422b57bf8504102bf3c4ccea9c41bab5a5cee6a54650acf8faf67f5a24/pydantic_core-2.46.4-cp310-cp310-manylinux_2_31_riscv64.whl; https://files.pythonhosted.org/packages/bd/2a/2ac13c3af305843e23c5078c53d135656b3f05a2fd78cb7bbbb12e97b473/pydantic_core-2.46.4-cp310-cp310-manylinux_2_5_i686.manylinux1_i686.whl; https://files.pythonhosted.org/packages/72/04/2beacf7e1607e93eefe4aed1b4709f079b905fb77530179d4f7c71745f22/pydantic_core-2.46.4-cp310-cp310-musllinux_1_1_aarch64.whl; https://files.pythonhosted.org/packages/9e/29/d2b9fd9f539133548eaf622c06a4ce176cb46ac59f32d0359c4abc0de047/pydantic_core-2.46.4-cp310-cp310-musllinux_1_1_armv7l.whl; https://files.pythonhosted.org/packages/7c/af/0f7a5b85fec6075bea96e3ef9187de38fccced0de92c1e7feda8d5cc7bb9/pydantic_core-2.46.4-cp310-cp310-musllinux_1_1_x86_64.whl; https://files.pythonhosted.org/packages/25/a4/73363fec545fd3ec025490bdda2743c56d0dd5b6266b1a53bbe9e4265375/pydantic_core-2.46.4-cp310-cp310-win32.whl; https://files.pythonhosted.org/packages/01/aa/62f082da2c91fac1c234bc9ee0066257ce83f0604abd72e4c9d5991f2d84/pydantic_core-2.46.4-cp310-cp310-win_amd64.whl; https://files.pythonhosted.org/packages/5c/fa/6d7708d2cfc1a832acb6aeb0cd16e801902df8a0f583bb3b4b527fde022e/pydantic_core-2.46.4-cp311-cp311-macosx_10_12_x86_64.whl; https://files.pythonhosted.org/packages/ae/6f/aa064a3e74b5745afbdf250594f38e7ead05e2d651bcb35994b9417a0d4d/pydantic_core-2.46.4-cp311-cp311-macosx_11_0_arm64.whl; https://files.pythonhosted.org/packages/43/3a/41114a9f7569b84b4d84e7a018c57c56347dac30c0d4a872946ec4e36c46/pydantic_core-2.46.4-cp311-cp311-manylinux_2_17_aarch64.manylinux2014_aarch64.whl; https://files.pythonhosted.org/packages/ef/25/1ab42e8048fe551934d9884e8d64daa7e990ad386f310a15981aeb6a5b08/pydantic_core-2.46.4-cp311-cp311-manylinux_2_17_armv7l.manylinux2014_armv7l.whl; https://files.pythonhosted.org/packages/94/c2/1a934597ddf08da410385b3b7aae91956a5a76c635effef456074fad7e88/pydantic_core-2.46.4-cp311-cp311-manylinux_2_17_ppc64le.manylinux2014_ppc64le.whl; https://files.pythonhosted.org/packages/02/6d/9e8ad178c9c4df27ad3c8f25d1fe2a7ab0d2ba0559fad4aee5d3d1f16771/pydantic_core-2.46.4-cp311-cp311-manylinux_2_17_s390x.manylinux2014_s390x.whl; https://files.pythonhosted.org/packages/80/50/540cd3aeefc041beb111125c4bff779831a2111fc6b15a9138cda277d32c/pydantic_core-2.46.4-cp311-cp311-manylinux_2_17_x86_64.manylinux2014_x86_64.whl; https://files.pythonhosted.org/packages/6b/a4/b440ad35f05f6a38f89fa0f149accb3f0e02be94ca5e15f3c449a61b4bc9/pydantic_core-2.46.4-cp311-cp311-manylinux_2_31_riscv64.whl; https://files.pythonhosted.org/packages/99/61/de4f55db8dfd57bfdfa9a12ec90fe1b57c4f41062f7ca86f08586b3e0ac0/pydantic_core-2.46.4-cp311-cp311-manylinux_2_5_i686.manylinux1_i686.whl; https://files.pythonhosted.org/packages/f7/52/7c529d7bdb2d1068bd52f51fe32572c8301f9a4febf1948f10639f1436f5/pydantic_core-2.46.4-cp311-cp311-musllinux_1_1_aarch64.whl; https://files.pythonhosted.org/packages/37/b3/7c40325848ba78247f2812dcf9c7274e38cd801820ca6dd9fe63bcfb0eb4/pydantic_core-2.46.4-cp311-cp311-musllinux_1_1_armv7l.whl; https://files.pythonhosted.org/packages/d9/37/f913f81a657c865b75da6c0dbed79876073c2a43b5bd9edbe8da785e4d49/pydantic_core-2.46.4-cp311-cp311-musllinux_1_1_x86_64.whl; https://files.pythonhosted.org/packages/c4/67/6acaa1be2567f9256b056d8477158cac7240813956ce86e49deae8e173b4/pydantic_core-2.46.4-cp311-cp311-win32.whl; https://files.pythonhosted.org/packages/aa/e6/c505f83dfeda9a2e5c995cfd872949e4d05e12f7feb3dca72f633daefa94/pydantic_core-2.46.4-cp311-cp311-win_amd64.whl; https://files.pythonhosted.org/packages/0f/da/7a263a96d965d9d0df5e8de8a475f33495451117035b09acb110288c381f/pydantic_core-2.46.4-cp311-cp311-win_arm64.whl; https://files.pythonhosted.org/packages/ce/8c/af022f0af448d7747c5154288d46b5f2bc5f17366eaa0e23e9aa04d59f3b/pydantic_core-2.46.4-cp312-cp312-macosx_10_12_x86_64.whl; https://files.pythonhosted.org/packages/19/95/6195171e385007300f0f5574592e467c568becce2d937a0b6804f218bc49/pydantic_core-2.46.4-cp312-cp312-macosx_11_0_arm64.whl; https://files.pythonhosted.org/packages/8e/bc/f47d1ff9cbb1620e1b5b697eef06010035735f07820180e74178226b27b3/pydantic_core-2.46.4-cp312-cp312-manylinux_2_17_aarch64.manylinux2014_aarch64.whl; https://files.pythonhosted.org/packages/5b/11/9b9a5b0306345664a2da6410877af6e8082481b5884b3ddd78d47c6013ce/pydantic_core-2.46.4-cp312-cp312-manylinux_2_17_armv7l.manylinux2014_armv7l.whl; https://files.pythonhosted.org/packages/f1/b7/a65fec226f5d78fc39f4a13c4cc0c768c22b113438f60c14adc9d2865038/pydantic_core-2.46.4-cp312-cp312-manylinux_2_17_ppc64le.manylinux2014_ppc64le.whl; https://files.pythonhosted.org/packages/68/f0/92039db98b907ef49269a8271f67db9cb78ae2fc68062ef7e4e77adb5f61/pydantic_core-2.46.4-cp312-cp312-manylinux_2_17_s390x.manylinux2014_s390x.whl; https://files.pythonhosted.org/packages/5f/97/2aab507d3d00ca626e8e57c1eac6a79e4e5fbcc63eb99733ff55d1717f65/pydantic_core-2.46.4-cp312-cp312-manylinux_2_17_x86_64.manylinux2014_x86_64.whl; https://files.pythonhosted.org/packages/22/37/a8aca44d40d737dde2bc05b3c6c07dff0de07ce6f82e9f3167aeaf4d5dea/pydantic_core-2.46.4-cp312-cp312-manylinux_2_31_riscv64.whl; https://files.pythonhosted.org/packages/24/99/fcef1b79238c06a8cbec70819ac722ba76e02bc8ada9b0fd66eba40da01b/pydantic_core-2.46.4-cp312-cp312-manylinux_2_5_i686.manylinux1_i686.whl; https://files.pythonhosted.org/packages/ae/6c/fc44000918855b42779d007ae63b0532794739027b2f417321cddbc44f6a/pydantic_core-2.46.4-cp312-cp312-musllinux_1_1_aarch64.whl; https://files.pythonhosted.org/packages/6b/65/d9cadc9f1920d7a127ad2edba16c1db7916e59719285cd6c94600b0080ba/pydantic_core-2.46.4-cp312-cp312-musllinux_1_1_armv7l.whl; https://files.pythonhosted.org/packages/d0/cf/c873d91679f3a30bcf5e7ac280ce5573483e72295307685120d0d5ad3416/pydantic_core-2.46.4-cp312-cp312-musllinux_1_1_x86_64.whl; https://files.pythonhosted.org/packages/47/bd/6f2fc8188f31bf10590f1e98e7b306336161fac930a8c514cd7bd828c7dc/pydantic_core-2.46.4-cp312-cp312-win32.whl; https://files.pythonhosted.org/packages/40/8c/985c1d41ea1107c2534abd9870e4ed5c8e7669b5c308297835c001e7a1c4/pydantic_core-2.46.4-cp312-cp312-win_amd64.whl; https://files.pythonhosted.org/packages/c4/ba/f463d006e0c47373ca7ec5e1a261c59dc01ef4d62b2657af925fb0deee3a/pydantic_core-2.46.4-cp312-cp312-win_arm64.whl; https://files.pythonhosted.org/packages/51/a2/5d30b469c5267a17b39dec53208222f76a8d351dfac4af661888c5aee77d/pydantic_core-2.46.4-cp313-cp313-macosx_10_12_x86_64.whl; https://files.pythonhosted.org/packages/c1/81/4fa520eaffa8bd7d1525e644cd6d39e7d60b1592bc5b516693c7340b50f1/pydantic_core-2.46.4-cp313-cp313-macosx_11_0_arm64.whl; https://files.pythonhosted.org/packages/03/d5/fd02da45b659668b05923b17ba3a0100a0a3d5541e3bd8fcc4ecb711309e/pydantic_core-2.46.4-cp313-cp313-manylinux_2_17_aarch64.manylinux2014_aarch64.whl; https://files.pythonhosted.org/packages/21/f2/95727e1368be3d3ed485eaab7adbd7dda408f33f7a36e8b48e0144002b91/pydantic_core-2.46.4-cp313-cp313-manylinux_2_17_armv7l.manylinux2014_armv7l.whl; https://files.pythonhosted.org/packages/9c/86/5d99feea3f77c7234b8718075b23db11532773c1a0dbd9b9490215dc2eeb/pydantic_core-2.46.4-cp313-cp313-manylinux_2_17_ppc64le.manylinux2014_ppc64le.whl; https://files.pythonhosted.org/packages/d2/3a/508ac615935ef7588cf6d9e9b91309fdc2da751af865e02a9098de88258c/pydantic_core-2.46.4-cp313-cp313-manylinux_2_17_s390x.manylinux2014_s390x.whl; https://files.pythonhosted.org/packages/07/f8/41db9de19d7987d6b04715a02b3b40aea467000275d9d758ffaa31af7d50/pydantic_core-2.46.4-cp313-cp313-manylinux_2_17_x86_64.manylinux2014_x86_64.whl; https://files.pythonhosted.org/packages/2c/e2/f35033184cb11d0052daf4416e8e10a502ea2ac006fc4f459aee872727d1/pydantic_core-2.46.4-cp313-cp313-manylinux_2_31_riscv64.whl; https://files.pythonhosted.org/packages/7e/7b/6ceeb1cc90e193862f444ebe373d8fdf613f0a82572dde03fb10734c6c71/pydantic_core-2.46.4-cp313-cp313-manylinux_2_5_i686.manylinux1_i686.whl; https://files.pythonhosted.org/packages/5a/f2/c8d7773ede6af08036423a00ae0ceffce266c3c52a096c435d68c896083f/pydantic_core-2.46.4-cp313-cp313-musllinux_1_1_aarch64.whl; https://files.pythonhosted.org/packages/59/31/0c864784e31f09f05cdd87606f08923b9c9e7f6e51dd27f20f62f975ce9f/pydantic_core-2.46.4-cp313-cp313-musllinux_1_1_armv7l.whl; https://files.pythonhosted.org/packages/c2/eb/4f6c8a41efa30baa755590f4141abf3a8c370fab610915733e74134a7270/pydantic_core-2.46.4-cp313-cp313-musllinux_1_1_x86_64.whl; https://files.pythonhosted.org/packages/5b/24/b375a480d53113860c299764bfe9f349a3dc9108b3adc0d7f0d786492ebf/pydantic_core-2.46.4-cp313-cp313-win32.whl; https://files.pythonhosted.org/packages/7e/e8/cff247591966f2d22ec8c003cd7587e27b7ba7b81ab2fb888e3ab75dc285/pydantic_core-2.46.4-cp313-cp313-win_amd64.whl; https://files.pythonhosted.org/packages/c6/1a/f4aee670d5670e9e148e0c82c7db98d780be566c6e6a97ee8035528ca0b3/pydantic_core-2.46.4-cp313-cp313-win_arm64.whl; https://files.pythonhosted.org/packages/8d/74/228a26ddad29c6672b805d9fd78e8d251cd04004fa7eed0e622096cd0250/pydantic_core-2.46.4-cp314-cp314-macosx_10_12_x86_64.whl; https://files.pythonhosted.org/packages/ad/1f/8970b150a4b4365623ae00fc88603491f763c627311ae8031e3111356d6e/pydantic_core-2.46.4-cp314-cp314-macosx_11_0_arm64.whl; https://files.pythonhosted.org/packages/95/30/5211a831ae054928054b2f79731661087a2bc5c01e825c672b3a4a8f1b3e/pydantic_core-2.46.4-cp314-cp314-manylinux_2_17_aarch64.manylinux2014_aarch64.whl; https://files.pythonhosted.org/packages/57/e9/689668733b1eb67adeef047db3c2e8788fcf65a7fd9c9e2b46b7744fe245/pydantic_core-2.46.4-cp314-cp314-manylinux_2_17_armv7l.manylinux2014_armv7l.whl; https://files.pythonhosted.org/packages/60/d9/6715260422ff50a2109878fd24d948a6c3446bb2664f34ee78cd972b3acd/pydantic_core-2.46.4-cp314-cp314-manylinux_2_17_ppc64le.manylinux2014_ppc64le.whl; https://files.pythonhosted.org/packages/18/ae/fdb2f64316afca925640f8e70bb1a564b0ec2721c1389e25b8eb4bf9a299/pydantic_core-2.46.4-cp314-cp314-manylinux_2_17_s390x.manylinux2014_s390x.whl; https://files.pythonhosted.org/packages/89/1d/8eff589b45bb8190a9d12c49cfad0f176a5cbd1534908a6b5125e2886239/pydantic_core-2.46.4-cp314-cp314-manylinux_2_17_x86_64.manylinux2014_x86_64.whl; https://files.pythonhosted.org/packages/06/d5/ee5a3366637fee41dee51a1fc91562dcf12ddbc68fda34e6b253da2324bb/pydantic_core-2.46.4-cp314-cp314-manylinux_2_31_riscv64.whl; https://files.pythonhosted.org/packages/94/33/2414be571d2c6a6c4d08be21f9292b6d3fdb08949a97b6dfe985017821db/pydantic_core-2.46.4-cp314-cp314-manylinux_2_5_i686.manylinux1_i686.whl; https://files.pythonhosted.org/packages/7b/79/7daa95be995be0eecc4cf75064cb33f9bbbfe3fe0158caf2f0d4a996a5c7/pydantic_core-2.46.4-cp314-cp314-musllinux_1_1_aarch64.whl; https://files.pythonhosted.org/packages/9f/cb/d0a382f5c0de8a222dc61c65348e0ce831b1f68e0a018450d31c2cace3a5/pydantic_core-2.46.4-cp314-cp314-musllinux_1_1_armv7l.whl; https://files.pythonhosted.org/packages/05/db/d9ba624cc4a5aced1598e88c04fdbd8310c8a69b9d38b9a3d39ce3a61ed7/pydantic_core-2.46.4-cp314-cp314-musllinux_1_1_x86_64.whl; https://files.pythonhosted.org/packages/f2/20/d15df15ba918c423461905802bfd2981c3af0bfa0e40d05e13edbfa48bc3/pydantic_core-2.46.4-cp314-cp314-win32.whl; https://files.pythonhosted.org/packages/fc/b6/6b8de4c0a7d7ab3004c439c80c5c1e0a3e8d78bbae19379b01960383d9e5/pydantic_core-2.46.4-cp314-cp314-win_amd64.whl; https://files.pythonhosted.org/packages/32/36/51eb763beec1f4cf59b1db243a7dcc39cbb41230f050a09b9d69faaf0a48/pydantic_core-2.46.4-cp314-cp314-win_arm64.whl; https://files.pythonhosted.org/packages/e8/91/855af51d625b23aa987116a19e231d2aaef9c4a415273ddc189b79a45fee/pydantic_core-2.46.4-cp314-cp314t-macosx_10_12_x86_64.whl; https://files.pythonhosted.org/packages/fb/1b/8784a54c65edb5f49f0a14d6977cf1b209bba85a4c77445b255c2de58ab3/pydantic_core-2.46.4-cp314-cp314t-macosx_11_0_arm64.whl; https://files.pythonhosted.org/packages/e8/e7/1955d28d1afc56dd4b3ad7cc0cf39df1b9852964cf16e5d13912756d6d6b/pydantic_core-2.46.4-cp314-cp314t-manylinux_2_17_aarch64.manylinux2014_aarch64.whl; https://files.pythonhosted.org/packages/93/e2/3fedbf0ba7a22850e6e9fd78117f1c0f10f950182344d8a6c535d468fdd8/pydantic_core-2.46.4-cp314-cp314t-manylinux_2_17_armv7l.manylinux2014_armv7l.whl; https://files.pythonhosted.org/packages/f8/61/46be275fcaaba0b4f5b9669dd852267ce1ff616592dccf7a7845588df091/pydantic_core-2.46.4-cp314-cp314t-manylinux_2_17_ppc64le.manylinux2014_ppc64le.whl; https://files.pythonhosted.org/packages/60/db/12e93e46a8bac9988be3c016860f83293daea8c716c029c9ace279036f2f/pydantic_core-2.46.4-cp314-cp314t-manylinux_2_17_s390x.manylinux2014_s390x.whl; https://files.pythonhosted.org/packages/e2/4a/4d8b19008f38d31c53b8219cfedc2e3d5de5fe99d90076b7e767de29274f/pydantic_core-2.46.4-cp314-cp314t-manylinux_2_17_x86_64.manylinux2014_x86_64.whl; https://files.pythonhosted.org/packages/88/70/3cbc40978fefb7bb09c6708d40d4ad1a5d70fd7213c3d17f971de868ec1f/pydantic_core-2.46.4-cp314-cp314t-manylinux_2_31_riscv64.whl; https://files.pythonhosted.org/packages/9d/20/b8d36736216e29491125531685b2f9e61aa5b4b2599893f8268551da3338/pydantic_core-2.46.4-cp314-cp314t-manylinux_2_5_i686.manylinux1_i686.whl; https://files.pythonhosted.org/packages/1d/a2/367df868eb584dacf6bf82a389272406d7178e301c4ac82545ab98bc2dd9/pydantic_core-2.46.4-cp314-cp314t-musllinux_1_1_aarch64.whl; https://files.pythonhosted.org/packages/c1/b8/4460f77f7e201893f649a29ab355dddd3beee8a97bcb1a320db414f9a06e/pydantic_core-2.46.4-cp314-cp314t-musllinux_1_1_armv7l.whl; https://files.pythonhosted.org/packages/64/c4/be2639293acd87dc8ddbcec41a73cee9b2ebf996fe6d892a1a74e88ad3f7/pydantic_core-2.46.4-cp314-cp314t-musllinux_1_1_x86_64.whl; https://files.pythonhosted.org/packages/30/a6/9f9f380dbb301f67023bf8f707aaa75daadf84f7152d95c410fd7e81d994/pydantic_core-2.46.4-cp314-cp314t-win32.whl; https://files.pythonhosted.org/packages/40/1f/f1eb9eb350e795d1af8586289746f5c5677d16043040d63710e22abc43c9/pydantic_core-2.46.4-cp314-cp314t-win_amd64.whl; https://files.pythonhosted.org/packages/f6/d2/42dd53d0a85c27606f316d3aa5d2869c4e8470a5ed6dec30e4a1abe19192/pydantic_core-2.46.4-cp314-cp314t-win_arm64.whl; https://files.pythonhosted.org/packages/ee/a4/73995fd4ebbb46ba0ee51e6fa049b8f02c40daebb762208feda8a6b7894d/pydantic_core-2.46.4-graalpy311-graalpy242_311_native-macosx_10_12_x86_64.whl; https://files.pythonhosted.org/packages/fb/7f/f37d3a5e8bfcc2e403f5c57a730f2d815693fb42119e8ea48b3789335af1/pydantic_core-2.46.4-graalpy311-graalpy242_311_native-macosx_11_0_arm64.whl; https://files.pythonhosted.org/packages/15/3c/d7eb777b3ff43e8433a4efb39a17aa8fd98a4ee8561a24a67ef5db07b2d6/pydantic_core-2.46.4-graalpy311-graalpy242_311_native-manylinux_2_17_aarch64.manylinux2014_aarch64.whl; https://files.pythonhosted.org/packages/63/87/70b9f40170a81afd55ca26c9b2acb25c20d64bcfbf888fafecb3ba077d4c/pydantic_core-2.46.4-graalpy311-graalpy242_311_native-manylinux_2_17_x86_64.manylinux2014_x86_64.whl; https://files.pythonhosted.org/packages/9d/1d/8987ad40f65ae1432753072f214fb5c74fe47ffbd0698bb9cbbb585664f8/pydantic_core-2.46.4-graalpy312-graalpy250_312_native-macosx_10_12_x86_64.whl; https://files.pythonhosted.org/packages/64/d3/84c282a7eee1d3ac4c0377546ef5a1ea436ce26840d9ac3b7ed54a377507/pydantic_core-2.46.4-graalpy312-graalpy250_312_native-macosx_11_0_arm64.whl; https://files.pythonhosted.org/packages/d7/ca/eac61596cdeb4d7e174d3dc0bd8a6238f14f75f97a24e7b7db4c7e7340a0/pydantic_core-2.46.4-graalpy312-graalpy250_312_native-manylinux_2_17_aarch64.manylinux2014_aarch64.whl; https://files.pythonhosted.org/packages/fa/c3/7c8b240552251faf6b3a957db200fcfbbcec36763c050428b601e0c9b83b/pydantic_core-2.46.4-graalpy312-graalpy250_312_native-manylinux_2_17_x86_64.manylinux2014_x86_64.whl; https://files.pythonhosted.org/packages/11/cb/428de0385b6c8d44b716feba566abfacfbd23ee3c4439faa789a1456242f/pydantic_core-2.46.4-pp311-pypy311_pp73-macosx_10_12_x86_64.whl; https://files.pythonhosted.org/packages/0b/b5/6a17bdadd0fc1f170adfd05a20d37c832f52b117b4d9131da1f41bb097ce/pydantic_core-2.46.4-pp311-pypy311_pp73-macosx_11_0_arm64.whl; https://files.pythonhosted.org/packages/2a/dc/03734d80e362cd43ef65428e9de77c730ce7f2f11c60d2b1e1b39f0fbf99/pydantic_core-2.46.4-pp311-pypy311_pp73-manylinux_2_17_x86_64.manylinux2014_x86_64.whl; https://files.pythonhosted.org/packages/de/df/5e5ffc085ed07cc22d298134d3d911c63e91f6a0eb91fe646750a3209910/pydantic_core-2.46.4-pp311-pypy311_pp73-manylinux_2_5_i686.manylinux1_i686.whl; https://files.pythonhosted.org/packages/81/44/6e112a4253e56f5705467cbab7ab5e91ee7398ba3d56d358635958893d3e/pydantic_core-2.46.4-pp311-pypy311_pp73-musllinux_1_1_aarch64.whl; https://files.pythonhosted.org/packages/ac/ad/5565071e937d8e752842ac241463944c9eb14c87e2d269f2658a5bd05e98/pydantic_core-2.46.4-pp311-pypy311_pp73-musllinux_1_1_armv7l.whl; https://files.pythonhosted.org/packages/4f/c3/66883a5cec183e7fba4d024b4cbbe61851a63750ef606b0afecc46d1f2bf/pydantic_core-2.46.4-pp311-pypy311_pp73-musllinux_1_1_x86_64.whl; https://files.pythonhosted.org/packages/4b/2d/69abac8f838090bbecd5df894befb2c2619e7996a98ddb949db9f3b93225/pydantic_core-2.46.4-pp311-pypy311_pp73-win_amd64.whl,not_applicable,not_applicable,yes,,true,true,pkg:pypi/pydantic-core@2.46.4,PY-01,cdxgen,sboms_raw/cdxgen/PY-01_fastapi_cyclonedx.json,160,101050,1
GT-0272,supplier,pypi,PY-01,cdxgen,sboms_validation/cdxgen/PY-01_fastapi_cyclonedx.json,161,pydantic-evals,1.107.0,pkg:pypi/pydantic-evals@1.107.0,verified,Pydantic Services Inc.,"Samuel Colvin <samuel@pydantic.dev>, Marcelo Trylesinski <marcelotryle@gmail.com>, David Montague <david@pydantic.dev>, Alex Hall <alex@pydantic.dev>, Douwe Maan <douwe@pydantic.dev>",incorrect,,uncertain,manual_review,SEM-SUP-04,"The retrieved party has role 'author_email', which does not by itself establish that the party is the CycloneDX supplier.",out_of_scope,author_email,pypi.info.author_email,,False,none,False,https://files.pythonhosted.org/packages/26/ad/f33306cf668d33cabce8af5e82b58ae367cc8422a2078c2df13327c13532/pydantic_evals-1.107.0.tar.gz; https://files.pythonhosted.org/packages/23/ea/ecdaab037479f3b26c0efd47598f7caaad506fc53837196c1cf7e4701263/pydantic_evals-1.107.0-py3-none-any.whl,https://files.pythonhosted.org/packages/26/ad/f33306cf668d33cabce8af5e82b58ae367cc8422a2078c2df13327c13532/pydantic_evals-1.107.0.tar.gz; https://files.pythonhosted.org/packages/23/ea/ecdaab037479f3b26c0efd47598f7caaad506fc53837196c1cf7e4701263/pydantic_evals-1.107.0-py3-none-any.whl,not_applicable,not_applicable,yes,,true,true,pkg:pypi/pydantic-evals@1.107.0,PY-01,cdxgen,sboms_raw/cdxgen/PY-01_fastapi_cyclonedx.json,161,101053,1
GT-0273,supplier,pypi,PY-01,cdxgen,sboms_validation/cdxgen/PY-01_fastapi_cyclonedx.json,163,pydantic-graph,1.107.0,pkg:pypi/pydantic-graph@1.107.0,verified,Pydantic Services Inc.,"Samuel Colvin <samuel@pydantic.dev>, Marcelo Trylesinski <marcelotryle@gmail.com>, David Montague <david@pydantic.dev>, Alex Hall <alex@pydantic.dev>, Douwe Maan <douwe@pydantic.dev>",incorrect,,uncertain,manual_review,SEM-SUP-04,"The retrieved party has role 'author_email', which does not by itself establish that the party is the CycloneDX supplier.",out_of_scope,author_email,pypi.info.author_email,,False,none,False,https://files.pythonhosted.org/packages/dd/c3/6e8c2d13b8701041f1b3eac5deb41f25d4dbfa479a190d5c6becc23f2a49/pydantic_graph-1.107.0.tar.gz; https://files.pythonhosted.org/packages/fc/72/621556e3f5068400d43a0375d38e5963de30256eaa5a702aba12e82ed0ff/pydantic_graph-1.107.0-py3-none-any.whl,https://files.pythonhosted.org/packages/dd/c3/6e8c2d13b8701041f1b3eac5deb41f25d4dbfa479a190d5c6becc23f2a49/pydantic_graph-1.107.0.tar.gz; https://files.pythonhosted.org/packages/fc/72/621556e3f5068400d43a0375d38e5963de30256eaa5a702aba12e82ed0ff/pydantic_graph-1.107.0-py3-none-any.whl,not_applicable,not_applicable,yes,,true,true,pkg:pypi/pydantic-graph@1.107.0,PY-01,cdxgen,sboms_raw/cdxgen/PY-01_fastapi_cyclonedx.json,163,101059,1
GT-0274,supplier,pypi,PY-01,cdxgen,sboms_validation/cdxgen/PY-01_fastapi_cyclonedx.json,164,pydantic-handlebars,0.1.0,pkg:pypi/pydantic-handlebars@0.1.0,verified,Pydantic Services Inc.,Pydantic Services Inc.,correct,,uncertain,manual_review,SEM-SUP-04,"The retrieved party has role 'author', which does not by itself establish that the party is the CycloneDX supplier.",out_of_scope,author,pypi.info.author,,False,none,False,https://files.pythonhosted.org/packages/90/16/d41768bd3fd77e6250c20be11a3e68fee5fff07c3356455e6708f6a60f2a/pydantic_handlebars-0.1.0.tar.gz; https://files.pythonhosted.org/packages/99/5f/86b1630be61bdebf253c2f953a6c3f073ec21bb0725565ea3896802e1ca3/pydantic_handlebars-0.1.0-py3-none-any.whl,https://files.pythonhosted.org/packages/90/16/d41768bd3fd77e6250c20be11a3e68fee5fff07c3356455e6708f6a60f2a/pydantic_handlebars-0.1.0.tar.gz; https://files.pythonhosted.org/packages/99/5f/86b1630be61bdebf253c2f953a6c3f073ec21bb0725565ea3896802e1ca3/pydantic_handlebars-0.1.0-py3-none-any.whl,not_applicable,not_applicable,yes,,true,true,pkg:pypi/pydantic-handlebars@0.1.0,PY-01,cdxgen,sboms_raw/cdxgen/PY-01_fastapi_cyclonedx.json,164,101062,1
GT-0275,supplier,pypi,PY-01,cdxgen,sboms_validation/cdxgen/PY-01_fastapi_cyclonedx.json,165,pydantic-settings,2.14.2,pkg:pypi/pydantic-settings@2.14.2,verified,Pydantic Services Inc.,"Samuel Colvin <s@muelcolvin.com>, Eric Jolibois <em.jolibois@gmail.com>, Hasan Ramezani <hasan.r67@gmail.com>",incorrect,,uncertain,manual_review,SEM-SUP-04,"The retrieved party has role 'author_email', which does not by itself establish that the party is the CycloneDX supplier.",out_of_scope,author_email,pypi.info.author_email,,False,none,False,https://files.pythonhosted.org/packages/5c/b5/8f48e906c3e0205276e8bd8cb7512217a87b2685304d64be27cad5b3019f/pydantic_settings-2.14.2.tar.gz; https://files.pythonhosted.org/packages/77/c1/6e422f34e569cf8e18df68d1939c81c099d2b61e4f7d9621c8a77560799c/pydantic_settings-2.14.2-py3-none-any.whl,https://files.pythonhosted.org/packages/5c/b5/8f48e906c3e0205276e8bd8cb7512217a87b2685304d64be27cad5b3019f/pydantic_settings-2.14.2.tar.gz; https://files.pythonhosted.org/packages/77/c1/6e422f34e569cf8e18df68d1939c81c099d2b61e4f7d9621c8a77560799c/pydantic_settings-2.14.2-py3-none-any.whl,not_applicable,not_applicable,yes,,true,true,pkg:pypi/pydantic-settings@2.14.2,PY-01,cdxgen,sboms_raw/cdxgen/PY-01_fastapi_cyclonedx.json,165,101065,1
GT-0285,supplier,pypi,PY-01,cdxgen,sboms_validation/cdxgen/PY-01_fastapi_cyclonedx.json,174,pytest-codspeed,5.0.3,pkg:pypi/pytest-codspeed@5.0.3,verified,CodSpeed Technology,Arthur Pastel <arthur@codspeed.io>,incorrect,,uncertain,manual_review,SEM-SUP-04,"The retrieved party has role 'author_email', which does not by itself establish that the party is the CycloneDX supplier.",out_of_scope,author_email,pypi.info.author_email,,False,none,False,https://files.pythonhosted.org/packages/e1/b4/cf932fcd1960a2fd6d9b09eb403253a8709aeee975961afa6299239a830e/pytest_codspeed-5.0.3.tar.gz; https://files.pythonhosted.org/packages/a7/f5/a8f70147216e4b84046ca406d03ecc8e83e3ea56ba1bdca0bb79cca79fee/pytest_codspeed-5.0.3-cp310-cp310-macosx_11_0_arm64.whl; https://files.pythonhosted.org/packages/f6/bd/7a4dbcf457fcc3ed788c55d402f3af2671e0e342b6098090fd590aa8712e/pytest_codspeed-5.0.3-cp310-cp310-manylinux2014_aarch64.manylinux_2_17_aarch64.manylinux_2_28_aarch64.whl; https://files.pythonhosted.org/packages/b1/e1/414ea4c66559f24ec06aeb6db62bfc7079582dac1452e648affe1eb5cfb4/pytest_codspeed-5.0.3-cp310-cp310-manylinux2014_x86_64.manylinux_2_17_x86_64.manylinux_2_28_x86_64.whl; https://files.pythonhosted.org/packages/ac/ef/32ce60d42a4aa43e728d988e13eb6568fbc7b10a514517b459bafd3f2b94/pytest_codspeed-5.0.3-cp311-cp311-macosx_11_0_arm64.whl; https://files.pythonhosted.org/packages/2a/15/c66ef90a793c5d2c039e63a1726a5e55c678be2618b0f5f1660d0f79e25f/pytest_codspeed-5.0.3-cp311-cp311-manylinux2014_aarch64.manylinux_2_17_aarch64.manylinux_2_28_aarch64.whl; https://files.pythonhosted.org/packages/1a/7b/d231279301967f05b7909160489e85ee3a1b9da76094ea25343faba1abc2/pytest_codspeed-5.0.3-cp311-cp311-manylinux2014_x86_64.manylinux_2_17_x86_64.manylinux_2_28_x86_64.whl; https://files.pythonhosted.org/packages/c2/22/456c48160b761d5028c8afa119f085a9fc42855a783a13d73918078969f0/pytest_codspeed-5.0.3-cp312-cp312-macosx_11_0_arm64.whl; https://files.pythonhosted.org/packages/74/33/ac7441fa937c9d9f158083a8c46920a5a5c81ed3c5f96240fc8d650db5c2/pytest_codspeed-5.0.3-cp312-cp312-manylinux2014_aarch64.manylinux_2_17_aarch64.manylinux_2_28_aarch64.whl; https://files.pythonhosted.org/packages/77/bc/8b994adcb9e9016e7d9a808056a3dd9cca21441e432ef456eae2b697d7fe/pytest_codspeed-5.0.3-cp312-cp312-manylinux2014_x86_64.manylinux_2_17_x86_64.manylinux_2_28_x86_64.whl; https://files.pythonhosted.org/packages/dc/8e/e032451e9e0a06b0c4bff53105f62b693d9a54595dd8c024693741ce3380/pytest_codspeed-5.0.3-cp313-cp313-macosx_11_0_arm64.whl; https://files.pythonhosted.org/packages/a9/7b/ae76fd8ac656b9695806a6aafd5f22ec32e6ce20e266a58f9112e01d3cd8/pytest_codspeed-5.0.3-cp313-cp313-manylinux2014_aarch64.manylinux_2_17_aarch64.manylinux_2_28_aarch64.whl; https://files.pythonhosted.org/packages/a6/4a/dfd43d943fdb143be4fd62f34c2793ba349dc27aa188e521d19d629aa7ab/pytest_codspeed-5.0.3-cp313-cp313-manylinux2014_x86_64.manylinux_2_17_x86_64.manylinux_2_28_x86_64.whl; https://files.pythonhosted.org/packages/04/6a/fdcec19c7f267c195f147c51d3fd2245f6b8d09b80495ed0a90c008e0842/pytest_codspeed-5.0.3-cp314-cp314-macosx_11_0_arm64.whl; https://files.pythonhosted.org/packages/6a/96/c6b03b81dcd21ae3d6b32cca0b3c10149fa378eb21b338d4b63c9eb8050b/pytest_codspeed-5.0.3-cp314-cp314-manylinux2014_aarch64.manylinux_2_17_aarch64.manylinux_2_28_aarch64.whl; https://files.pythonhosted.org/packages/96/08/56ad8f1cc7d6962f8a680141b361e93467a2abc53d976cd9d5e1edd740e3/pytest_codspeed-5.0.3-cp314-cp314-manylinux2014_x86_64.manylinux_2_17_x86_64.manylinux_2_28_x86_64.whl; https://files.pythonhosted.org/packages/0b/54/9096c4545f09da94b1b00f3be2fe4952949e86c9bcafca9a29b26aed1a75/pytest_codspeed-5.0.3-cp314-cp314t-macosx_11_0_arm64.whl; https://files.pythonhosted.org/packages/a7/3c/24c53f67a38ad48cb087105ac30a8aa0923223ee274ea9bf2dc705edaa59/pytest_codspeed-5.0.3-cp314-cp314t-manylinux2014_aarch64.manylinux_2_17_aarch64.manylinux_2_28_aarch64.whl; https://files.pythonhosted.org/packages/d1/de/2213f868fa7694f743f96cccbc07e757f45c920c523cccc2da97bc8652df/pytest_codspeed-5.0.3-cp314-cp314t-manylinux2014_x86_64.manylinux_2_17_x86_64.manylinux_2_28_x86_64.whl; https://files.pythonhosted.org/packages/df/85/5dfea1c031d6cccc11653464828edf205c30f798caf5b2a85375aacd914a/pytest_codspeed-5.0.3-cp315-cp315-macosx_11_0_arm64.whl; https://files.pythonhosted.org/packages/3c/2b/af4d1b612f03b98a6cf3c7d5f62678917a60110a8bf380d49ab408b31137/pytest_codspeed-5.0.3-cp315-cp315-manylinux2014_aarch64.manylinux_2_17_aarch64.manylinux_2_28_aarch64.whl; https://files.pythonhosted.org/packages/f5/a2/c7ec45e36a61b418efb2a3cccaa67a0c2fcf1f21d5880f64c33114f0c249/pytest_codspeed-5.0.3-cp315-cp315-manylinux2014_x86_64.manylinux_2_17_x86_64.manylinux_2_28_x86_64.whl; https://files.pythonhosted.org/packages/cf/c7/d5bada9618a0af56a5c8065fc61280849cab8e7c1e24025807a51c3157ce/pytest_codspeed-5.0.3-cp315-cp315t-macosx_11_0_arm64.whl; https://files.pythonhosted.org/packages/a8/37/fb27aeb40a81320e7349553b877a21333c897b27c8dfe215630452908f36/pytest_codspeed-5.0.3-cp315-cp315t-manylinux2014_aarch64.manylinux_2_17_aarch64.manylinux_2_28_aarch64.whl; https://files.pythonhosted.org/packages/f3/d9/6f2d69e96deaf0475a695fc9195af59e7a3b5fab50782855e65c63a7bc28/pytest_codspeed-5.0.3-cp315-cp315t-manylinux2014_x86_64.manylinux_2_17_x86_64.manylinux_2_28_x86_64.whl; https://files.pythonhosted.org/packages/c5/b2/1d2a993c532146dce9eca5b5942d51898021c3579ce18b2454f932a915f8/pytest_codspeed-5.0.3-py3-none-any.whl,https://files.pythonhosted.org/packages/e1/b4/cf932fcd1960a2fd6d9b09eb403253a8709aeee975961afa6299239a830e/pytest_codspeed-5.0.3.tar.gz; https://files.pythonhosted.org/packages/a7/f5/a8f70147216e4b84046ca406d03ecc8e83e3ea56ba1bdca0bb79cca79fee/pytest_codspeed-5.0.3-cp310-cp310-macosx_11_0_arm64.whl; https://files.pythonhosted.org/packages/f6/bd/7a4dbcf457fcc3ed788c55d402f3af2671e0e342b6098090fd590aa8712e/pytest_codspeed-5.0.3-cp310-cp310-manylinux2014_aarch64.manylinux_2_17_aarch64.manylinux_2_28_aarch64.whl; https://files.pythonhosted.org/packages/b1/e1/414ea4c66559f24ec06aeb6db62bfc7079582dac1452e648affe1eb5cfb4/pytest_codspeed-5.0.3-cp310-cp310-manylinux2014_x86_64.manylinux_2_17_x86_64.manylinux_2_28_x86_64.whl; https://files.pythonhosted.org/packages/ac/ef/32ce60d42a4aa43e728d988e13eb6568fbc7b10a514517b459bafd3f2b94/pytest_codspeed-5.0.3-cp311-cp311-macosx_11_0_arm64.whl; https://files.pythonhosted.org/packages/2a/15/c66ef90a793c5d2c039e63a1726a5e55c678be2618b0f5f1660d0f79e25f/pytest_codspeed-5.0.3-cp311-cp311-manylinux2014_aarch64.manylinux_2_17_aarch64.manylinux_2_28_aarch64.whl; https://files.pythonhosted.org/packages/1a/7b/d231279301967f05b7909160489e85ee3a1b9da76094ea25343faba1abc2/pytest_codspeed-5.0.3-cp311-cp311-manylinux2014_x86_64.manylinux_2_17_x86_64.manylinux_2_28_x86_64.whl; https://files.pythonhosted.org/packages/c2/22/456c48160b761d5028c8afa119f085a9fc42855a783a13d73918078969f0/pytest_codspeed-5.0.3-cp312-cp312-macosx_11_0_arm64.whl; https://files.pythonhosted.org/packages/74/33/ac7441fa937c9d9f158083a8c46920a5a5c81ed3c5f96240fc8d650db5c2/pytest_codspeed-5.0.3-cp312-cp312-manylinux2014_aarch64.manylinux_2_17_aarch64.manylinux_2_28_aarch64.whl; https://files.pythonhosted.org/packages/77/bc/8b994adcb9e9016e7d9a808056a3dd9cca21441e432ef456eae2b697d7fe/pytest_codspeed-5.0.3-cp312-cp312-manylinux2014_x86_64.manylinux_2_17_x86_64.manylinux_2_28_x86_64.whl; https://files.pythonhosted.org/packages/dc/8e/e032451e9e0a06b0c4bff53105f62b693d9a54595dd8c024693741ce3380/pytest_codspeed-5.0.3-cp313-cp313-macosx_11_0_arm64.whl; https://files.pythonhosted.org/packages/a9/7b/ae76fd8ac656b9695806a6aafd5f22ec32e6ce20e266a58f9112e01d3cd8/pytest_codspeed-5.0.3-cp313-cp313-manylinux2014_aarch64.manylinux_2_17_aarch64.manylinux_2_28_aarch64.whl; https://files.pythonhosted.org/packages/a6/4a/dfd43d943fdb143be4fd62f34c2793ba349dc27aa188e521d19d629aa7ab/pytest_codspeed-5.0.3-cp313-cp313-manylinux2014_x86_64.manylinux_2_17_x86_64.manylinux_2_28_x86_64.whl; https://files.pythonhosted.org/packages/04/6a/fdcec19c7f267c195f147c51d3fd2245f6b8d09b80495ed0a90c008e0842/pytest_codspeed-5.0.3-cp314-cp314-macosx_11_0_arm64.whl; https://files.pythonhosted.org/packages/6a/96/c6b03b81dcd21ae3d6b32cca0b3c10149fa378eb21b338d4b63c9eb8050b/pytest_codspeed-5.0.3-cp314-cp314-manylinux2014_aarch64.manylinux_2_17_aarch64.manylinux_2_28_aarch64.whl; https://files.pythonhosted.org/packages/96/08/56ad8f1cc7d6962f8a680141b361e93467a2abc53d976cd9d5e1edd740e3/pytest_codspeed-5.0.3-cp314-cp314-manylinux2014_x86_64.manylinux_2_17_x86_64.manylinux_2_28_x86_64.whl; https://files.pythonhosted.org/packages/0b/54/9096c4545f09da94b1b00f3be2fe4952949e86c9bcafca9a29b26aed1a75/pytest_codspeed-5.0.3-cp314-cp314t-macosx_11_0_arm64.whl; https://files.pythonhosted.org/packages/a7/3c/24c53f67a38ad48cb087105ac30a8aa0923223ee274ea9bf2dc705edaa59/pytest_codspeed-5.0.3-cp314-cp314t-manylinux2014_aarch64.manylinux_2_17_aarch64.manylinux_2_28_aarch64.whl; https://files.pythonhosted.org/packages/d1/de/2213f868fa7694f743f96cccbc07e757f45c920c523cccc2da97bc8652df/pytest_codspeed-5.0.3-cp314-cp314t-manylinux2014_x86_64.manylinux_2_17_x86_64.manylinux_2_28_x86_64.whl; https://files.pythonhosted.org/packages/df/85/5dfea1c031d6cccc11653464828edf205c30f798caf5b2a85375aacd914a/pytest_codspeed-5.0.3-cp315-cp315-macosx_11_0_arm64.whl; https://files.pythonhosted.org/packages/3c/2b/af4d1b612f03b98a6cf3c7d5f62678917a60110a8bf380d49ab408b31137/pytest_codspeed-5.0.3-cp315-cp315-manylinux2014_aarch64.manylinux_2_17_aarch64.manylinux_2_28_aarch64.whl; https://files.pythonhosted.org/packages/f5/a2/c7ec45e36a61b418efb2a3cccaa67a0c2fcf1f21d5880f64c33114f0c249/pytest_codspeed-5.0.3-cp315-cp315-manylinux2014_x86_64.manylinux_2_17_x86_64.manylinux_2_28_x86_64.whl; https://files.pythonhosted.org/packages/cf/c7/d5bada9618a0af56a5c8065fc61280849cab8e7c1e24025807a51c3157ce/pytest_codspeed-5.0.3-cp315-cp315t-macosx_11_0_arm64.whl; https://files.pythonhosted.org/packages/a8/37/fb27aeb40a81320e7349553b877a21333c897b27c8dfe215630452908f36/pytest_codspeed-5.0.3-cp315-cp315t-manylinux2014_aarch64.manylinux_2_17_aarch64.manylinux_2_28_aarch64.whl; https://files.pythonhosted.org/packages/f3/d9/6f2d69e96deaf0475a695fc9195af59e7a3b5fab50782855e65c63a7bc28/pytest_codspeed-5.0.3-cp315-cp315t-manylinux2014_x86_64.manylinux_2_17_x86_64.manylinux_2_28_x86_64.whl; https://files.pythonhosted.org/packages/c5/b2/1d2a993c532146dce9eca5b5942d51898021c3579ce18b2454f932a915f8/pytest_codspeed-5.0.3-py3-none-any.whl,not_applicable,not_applicable,yes,,true,true,pkg:pypi/pytest-codspeed@5.0.3,PY-01,cdxgen,sboms_raw/cdxgen/PY-01_fastapi_cyclonedx.json,174,101085,1
GT-0294,supplier,pypi,PY-01,cdxgen,sboms_validation/cdxgen/PY-01_fastapi_cyclonedx.json,185,pywin32-ctypes,0.2.3,pkg:pypi/pywin32-ctypes@0.2.3,verified,"Enthought, Inc.",Enthought Inc.,incorrect,,uncertain,manual_review,SEM-SUP-04,"The retrieved party has role 'author', which does not by itself establish that the party is the CycloneDX supplier.",out_of_scope,author,pypi.info.author,,False,none,False,https://files.pythonhosted.org/packages/85/9f/01a1a99704853cb63f253eea009390c88e7131c67e66a0a02099a8c917cb/pywin32-ctypes-0.2.3.tar.gz; https://files.pythonhosted.org/packages/de/3d/8161f7711c017e01ac9f008dfddd9410dff3674334c233bde66e7ba65bbf/pywin32_ctypes-0.2.3-py3-none-any.whl,https://files.pythonhosted.org/packages/85/9f/01a1a99704853cb63f253eea009390c88e7131c67e66a0a02099a8c917cb/pywin32-ctypes-0.2.3.tar.gz; https://files.pythonhosted.org/packages/de/3d/8161f7711c017e01ac9f008dfddd9410dff3674334c233bde66e7ba65bbf/pywin32_ctypes-0.2.3-py3-none-any.whl,not_applicable,not_applicable,yes,,true,true,pkg:pypi/pywin32-ctypes@0.2.3,PY-01,cdxgen,sboms_raw/cdxgen/PY-01_fastapi_cyclonedx.json,185,101109,1
GT-0300,supplier,pypi,MAV-03,cdxgen,sboms_validation/cdxgen/MAV-03_flink_cyclonedx.json,1687,requests,2.32.5,pkg:pypi/requests@2.32.5,verified,Python Software Foundation,"Ian Stapleton Cordasco <graffatcolmingov@gmail.com>, Nate Prewitt <nate.prewitt@gmail.com>",incorrect,,uncertain,manual_review,SEM-SUP-04,"The retrieved party has role 'maintainer_email', which does not by itself establish that the party is the CycloneDX supplier.",out_of_scope,maintainer_email,pypi.info.maintainer_email,,False,none,False,https://files.pythonhosted.org/packages/c9/74/b3ff8e6c8446842c3f5c837e9c3dfcfe2018ea6ecef224c710c85ef728f4/requests-2.32.5.tar.gz; https://files.pythonhosted.org/packages/1e/db/4254e3eabe8020b458f1a747140d32277ec7a271daf1d235b70dc0b4e6e3/requests-2.32.5-py3-none-any.whl,https://files.pythonhosted.org/packages/c9/74/b3ff8e6c8446842c3f5c837e9c3dfcfe2018ea6ecef224c710c85ef728f4/requests-2.32.5.tar.gz; https://files.pythonhosted.org/packages/1e/db/4254e3eabe8020b458f1a747140d32277ec7a271daf1d235b70dc0b4e6e3/requests-2.32.5-py3-none-any.whl,not_applicable,not_applicable,yes,,true,true,pkg:pypi/requests@2.32.5,MAV-03,cdxgen,sboms_raw/cdxgen/MAV-03_flink_cyclonedx.json,1687,106566,1
GT-0301,supplier,pypi,PY-01,cdxgen,sboms_validation/cdxgen/PY-01_fastapi_cyclonedx.json,191,requests,2.33.0,pkg:pypi/requests@2.33.0,verified,Python Software Foundation,"Ian Stapleton Cordasco <graffatcolmingov@gmail.com>, Nate Prewitt <nate.prewitt@gmail.com>",incorrect,,uncertain,manual_review,SEM-SUP-04,"The retrieved party has role 'maintainer_email', which does not by itself establish that the party is the CycloneDX supplier.",out_of_scope,maintainer_email,pypi.info.maintainer_email,,False,none,False,https://files.pythonhosted.org/packages/34/64/8860370b167a9721e8956ae116825caff829224fbca0ca6e7bf8ddef8430/requests-2.33.0.tar.gz; https://files.pythonhosted.org/packages/56/5d/c814546c2333ceea4ba42262d8c4d55763003e767fa169adc693bd524478/requests-2.33.0-py3-none-any.whl,https://files.pythonhosted.org/packages/34/64/8860370b167a9721e8956ae116825caff829224fbca0ca6e7bf8ddef8430/requests-2.33.0.tar.gz; https://files.pythonhosted.org/packages/56/5d/c814546c2333ceea4ba42262d8c4d55763003e767fa169adc693bd524478/requests-2.33.0-py3-none-any.whl,not_applicable,not_applicable,yes,,true,true,pkg:pypi/requests@2.33.0,PY-01,cdxgen,sboms_raw/cdxgen/PY-01_fastapi_cyclonedx.json,191,101122,1
GT-0319,supplier,pypi,PY-01,cdxgen,sboms_validation/cdxgen/PY-01_fastapi_cyclonedx.json,212,temporalio,1.26.0,pkg:pypi/temporalio@1.26.0,verified,"Temporal Technologies, Inc.",Temporal Technologies Inc <sdk@temporal.io>,incorrect,,uncertain,manual_review,SEM-SUP-04,"The retrieved party has role 'author_email', which does not by itself establish that the party is the CycloneDX supplier.",out_of_scope,author_email,pypi.info.author_email,,False,none,False,https://files.pythonhosted.org/packages/ae/d4/fa21150a225393f87732ed6fef3cc9735d9e751edc6be415fe6e375105c6/temporalio-1.26.0.tar.gz; https://files.pythonhosted.org/packages/1e/27/8c421c622d18cc8e034247d5d72b89e6456937344b5bec1de40abef3c085/temporalio-1.26.0-cp310-abi3-macosx_10_12_x86_64.whl; https://files.pythonhosted.org/packages/49/7c/d2b691d16ec5db87198c2e08dbfba58e286c096faee15753613a581abdce/temporalio-1.26.0-cp310-abi3-macosx_11_0_arm64.whl; https://files.pythonhosted.org/packages/05/ca/b8728451320ca9d8bb6e1680b9bd23767118f86d5b8644edf2304d533f1b/temporalio-1.26.0-cp310-abi3-manylinux_2_17_aarch64.manylinux2014_aarch64.whl; https://files.pythonhosted.org/packages/cb/54/3113f5e0ac58655790abac64656373e06191b351d74bfb94692e81bd6784/temporalio-1.26.0-cp310-abi3-manylinux_2_17_x86_64.manylinux2014_x86_64.whl; https://files.pythonhosted.org/packages/fd/9b/c50840a26af3587c0c8d9af04d9976743e22496996dc1a377efc75dcd316/temporalio-1.26.0-cp310-abi3-win_amd64.whl,https://files.pythonhosted.org/packages/ae/d4/fa21150a225393f87732ed6fef3cc9735d9e751edc6be415fe6e375105c6/temporalio-1.26.0.tar.gz; https://files.pythonhosted.org/packages/1e/27/8c421c622d18cc8e034247d5d72b89e6456937344b5bec1de40abef3c085/temporalio-1.26.0-cp310-abi3-macosx_10_12_x86_64.whl; https://files.pythonhosted.org/packages/49/7c/d2b691d16ec5db87198c2e08dbfba58e286c096faee15753613a581abdce/temporalio-1.26.0-cp310-abi3-macosx_11_0_arm64.whl; https://files.pythonhosted.org/packages/05/ca/b8728451320ca9d8bb6e1680b9bd23767118f86d5b8644edf2304d533f1b/temporalio-1.26.0-cp310-abi3-manylinux_2_17_aarch64.manylinux2014_aarch64.whl; https://files.pythonhosted.org/packages/cb/54/3113f5e0ac58655790abac64656373e06191b351d74bfb94692e81bd6784/temporalio-1.26.0-cp310-abi3-manylinux_2_17_x86_64.manylinux2014_x86_64.whl; https://files.pythonhosted.org/packages/fd/9b/c50840a26af3587c0c8d9af04d9976743e22496996dc1a377efc75dcd316/temporalio-1.26.0-cp310-abi3-win_amd64.whl,not_applicable,not_applicable,yes,,true,true,pkg:pypi/temporalio@1.26.0,PY-01,cdxgen,sboms_raw/cdxgen/PY-01_fastapi_cyclonedx.json,212,101163,1
GT-0323,supplier,pypi,PY-01,cdxgen,sboms_validation/cdxgen/PY-01_fastapi_cyclonedx.json,223,ty,0.0.52,pkg:pypi/ty@0.0.52,verified,Astral Software Inc.,"""Astral Software Inc."" <hey@astral.sh>",incorrect,,uncertain,manual_review,SEM-SUP-04,"The retrieved party has role 'author_email', which does not by itself establish that the party is the CycloneDX supplier.",out_of_scope,author_email,pypi.info.author_email,,False,none,False,https://files.pythonhosted.org/packages/5d/84/4417eb08328dcc547bf407d20af5e45ec8c64a85470f388fc2d590c9200a/ty-0.0.52.tar.gz; https://files.pythonhosted.org/packages/22/8f/ba97090625c824bdb2ddac4e22e9f3568c6e5e20e75923daa49ff5254648/ty-0.0.52-py3-none-linux_armv6l.whl; https://files.pythonhosted.org/packages/6e/d2/d8ed189611c658e567a2d267f088d5b1128ae6c80e4f40b29552679fd9e1/ty-0.0.52-py3-none-macosx_10_12_x86_64.whl; https://files.pythonhosted.org/packages/19/19/db06dd15512bf8e589f2bd92ddfe77a656185801e800cd73f99f12d86305/ty-0.0.52-py3-none-macosx_11_0_arm64.whl; https://files.pythonhosted.org/packages/c2/9a/15d3b77ad5e03b802266920bd406a321ac86be88ddbf7db058003559ccad/ty-0.0.52-py3-none-manylinux_2_17_aarch64.manylinux2014_aarch64.whl; https://files.pythonhosted.org/packages/75/4e/a32b72b11f02e6aeda01ffa8459a6dfa3582cb1555212dc38485c36b44b0/ty-0.0.52-py3-none-manylinux_2_17_armv7l.manylinux2014_armv7l.whl; https://files.pythonhosted.org/packages/c6/e0/c2f4de96c2cb25ee74fc41b6bfb80f64b6f90d4e77580454860ee81dde19/ty-0.0.52-py3-none-manylinux_2_17_i686.manylinux2014_i686.whl; https://files.pythonhosted.org/packages/c8/01/77d45372342983c98c1f3b26b4a8ea7139cb10b26820f0f6b37a298c9fa1/ty-0.0.52-py3-none-manylinux_2_17_ppc64le.manylinux2014_ppc64le.whl; https://files.pythonhosted.org/packages/1c/09/9bdb394da75cefd41498c86a1f357b7f319368122ac8943d457f28f02609/ty-0.0.52-py3-none-manylinux_2_17_s390x.manylinux2014_s390x.whl; https://files.pythonhosted.org/packages/ea/07/969dce9b75fdfad9cad3aeae484761e57882b92a6e3d0fe8951b9427846b/ty-0.0.52-py3-none-manylinux_2_17_x86_64.manylinux2014_x86_64.whl; https://files.pythonhosted.org/packages/0b/66/a6fc838efc21c5303d83fd1ccf2b8f0e551b8b3426c54513ea1b1499b1b9/ty-0.0.52-py3-none-manylinux_2_31_riscv64.whl; https://files.pythonhosted.org/packages/c5/38/eb2c8c17ae3a022e5e1ca187afa5cc03fe0cc40d6dfb5404e6941c98f7af/ty-0.0.52-py3-none-musllinux_1_2_aarch64.whl; https://files.pythonhosted.org/packages/ce/3a/9f25321f6a173021bc728d158cd9e30c5ee28b62f4a20421fca3ebf3f6a5/ty-0.0.52-py3-none-musllinux_1_2_armv7l.whl; https://files.pythonhosted.org/packages/fc/96/2790300be5bca3bedaa7eb143c26d02b9188685bbf9b9a6bae79e4566085/ty-0.0.52-py3-none-musllinux_1_2_i686.whl; https://files.pythonhosted.org/packages/74/06/c098d9422d297cccd27f6a8f5cf5e7eff857b62a89b4549bad9dd0759365/ty-0.0.52-py3-none-musllinux_1_2_x86_64.whl; https://files.pythonhosted.org/packages/5c/c9/34b771d0581fbfd0dde89f869af597b3907c7e5c59439005f59f6671c7d5/ty-0.0.52-py3-none-win32.whl; https://files.pythonhosted.org/packages/33/b1/0c381ac39d85a885d4e2841173e9a88bf190b4f7cf7d15afd4a1d7e8c715/ty-0.0.52-py3-none-win_amd64.whl; https://files.pythonhosted.org/packages/fb/1f/2744053d80ca1b350817dbf41286bac9c95491cfa437c0cc923feaf3522b/ty-0.0.52-py3-none-win_arm64.whl,https://files.pythonhosted.org/packages/5d/84/4417eb08328dcc547bf407d20af5e45ec8c64a85470f388fc2d590c9200a/ty-0.0.52.tar.gz; https://files.pythonhosted.org/packages/22/8f/ba97090625c824bdb2ddac4e22e9f3568c6e5e20e75923daa49ff5254648/ty-0.0.52-py3-none-linux_armv6l.whl; https://files.pythonhosted.org/packages/6e/d2/d8ed189611c658e567a2d267f088d5b1128ae6c80e4f40b29552679fd9e1/ty-0.0.52-py3-none-macosx_10_12_x86_64.whl; https://files.pythonhosted.org/packages/19/19/db06dd15512bf8e589f2bd92ddfe77a656185801e800cd73f99f12d86305/ty-0.0.52-py3-none-macosx_11_0_arm64.whl; https://files.pythonhosted.org/packages/c2/9a/15d3b77ad5e03b802266920bd406a321ac86be88ddbf7db058003559ccad/ty-0.0.52-py3-none-manylinux_2_17_aarch64.manylinux2014_aarch64.whl; https://files.pythonhosted.org/packages/75/4e/a32b72b11f02e6aeda01ffa8459a6dfa3582cb1555212dc38485c36b44b0/ty-0.0.52-py3-none-manylinux_2_17_armv7l.manylinux2014_armv7l.whl; https://files.pythonhosted.org/packages/c6/e0/c2f4de96c2cb25ee74fc41b6bfb80f64b6f90d4e77580454860ee81dde19/ty-0.0.52-py3-none-manylinux_2_17_i686.manylinux2014_i686.whl; https://files.pythonhosted.org/packages/c8/01/77d45372342983c98c1f3b26b4a8ea7139cb10b26820f0f6b37a298c9fa1/ty-0.0.52-py3-none-manylinux_2_17_ppc64le.manylinux2014_ppc64le.whl; https://files.pythonhosted.org/packages/1c/09/9bdb394da75cefd41498c86a1f357b7f319368122ac8943d457f28f02609/ty-0.0.52-py3-none-manylinux_2_17_s390x.manylinux2014_s390x.whl; https://files.pythonhosted.org/packages/ea/07/969dce9b75fdfad9cad3aeae484761e57882b92a6e3d0fe8951b9427846b/ty-0.0.52-py3-none-manylinux_2_17_x86_64.manylinux2014_x86_64.whl; https://files.pythonhosted.org/packages/0b/66/a6fc838efc21c5303d83fd1ccf2b8f0e551b8b3426c54513ea1b1499b1b9/ty-0.0.52-py3-none-manylinux_2_31_riscv64.whl; https://files.pythonhosted.org/packages/c5/38/eb2c8c17ae3a022e5e1ca187afa5cc03fe0cc40d6dfb5404e6941c98f7af/ty-0.0.52-py3-none-musllinux_1_2_aarch64.whl; https://files.pythonhosted.org/packages/ce/3a/9f25321f6a173021bc728d158cd9e30c5ee28b62f4a20421fca3ebf3f6a5/ty-0.0.52-py3-none-musllinux_1_2_armv7l.whl; https://files.pythonhosted.org/packages/fc/96/2790300be5bca3bedaa7eb143c26d02b9188685bbf9b9a6bae79e4566085/ty-0.0.52-py3-none-musllinux_1_2_i686.whl; https://files.pythonhosted.org/packages/74/06/c098d9422d297cccd27f6a8f5cf5e7eff857b62a89b4549bad9dd0759365/ty-0.0.52-py3-none-musllinux_1_2_x86_64.whl; https://files.pythonhosted.org/packages/5c/c9/34b771d0581fbfd0dde89f869af597b3907c7e5c59439005f59f6671c7d5/ty-0.0.52-py3-none-win32.whl; https://files.pythonhosted.org/packages/33/b1/0c381ac39d85a885d4e2841173e9a88bf190b4f7cf7d15afd4a1d7e8c715/ty-0.0.52-py3-none-win_amd64.whl; https://files.pythonhosted.org/packages/fb/1f/2744053d80ca1b350817dbf41286bac9c95491cfa437c0cc923feaf3522b/ty-0.0.52-py3-none-win_arm64.whl,not_applicable,not_applicable,yes,,true,true,pkg:pypi/ty@0.0.52,PY-01,cdxgen,sboms_raw/cdxgen/PY-01_fastapi_cyclonedx.json,223,101188,1
GT-0327,supplier,pypi,MAV-03,cdxgen,sboms_validation/cdxgen/MAV-03_flink_cyclonedx.json,1699,typing-extensions,4.15.0,pkg:pypi/typing-extensions@4.15.0,verified,Python Software Foundation,"""Guido van Rossum, Jukka Lehtosalo, Łukasz Langa, Michael Lee"" <levkivskyi@gmail.com>",incorrect,,uncertain,manual_review,SEM-SUP-04,"The retrieved party has role 'author_email', which does not by itself establish that the party is the CycloneDX supplier.",out_of_scope,author_email,pypi.info.author_email,,False,none,False,https://files.pythonhosted.org/packages/72/94/1a15dd82efb362ac84269196e94cf00f187f7ed21c242792a923cdb1c61f/typing_extensions-4.15.0.tar.gz; https://files.pythonhosted.org/packages/18/67/36e9267722cc04a6b9f15c7f3441c2363321a3ea07da7ae0c0707beb2a9c/typing_extensions-4.15.0-py3-none-any.whl,https://files.pythonhosted.org/packages/72/94/1a15dd82efb362ac84269196e94cf00f187f7ed21c242792a923cdb1c61f/typing_extensions-4.15.0.tar.gz; https://files.pythonhosted.org/packages/18/67/36e9267722cc04a6b9f15c7f3441c2363321a3ea07da7ae0c0707beb2a9c/typing_extensions-4.15.0-py3-none-any.whl,not_applicable,not_applicable,yes,,true,true,pkg:pypi/typing-extensions@4.15.0,MAV-03,cdxgen,sboms_raw/cdxgen/MAV-03_flink_cyclonedx.json,1699,106594,1
GT-0452,supplier,maven,MAV-03,syft,sboms_validation/syft/MAV-03_flink_cyclonedx.json,413,jtokkit,1.1.0,pkg:maven/com.knuddels/jtokkit@1.1.0,verified,Knuddels GmbH & Co. KG,Knuddels GmbH & Co. KG,correct,,uncertain,manual_review,SEM-SUP-04,"The retrieved party has role 'developer_organization', which does not by itself establish that the party is the CycloneDX supplier.",out_of_scope,developer_organization,maven.pom.developers.developer.organization,,False,none,False,,https://repo1.maven.org/maven2/com/knuddels/jtokkit/1.1.0/jtokkit-1.1.0.jar,not_applicable,not_applicable,yes,,true,true,pkg:maven/com.knuddels/jtokkit@1.1.0,MAV-03,syft,sboms_raw/syft/MAV-03_flink_cyclonedx.json,413,103041,1
