gt_id,field_name,ecosystem,project_id,name,source_sbom,tool,component_index,version,purl,ground_truth_status,ground_truth_value,reason
GT-0008,license,npm,NPM-02,actions/download-artifact,sboms_validation/syft/NPM-02_axios_cyclonedx.json,syft,369,v8.0.1,pkg:github/actions/download-artifact@v8.0.1,verified,MIT,no_matching_semantic_proposal
GT-0008,supplier,npm,NPM-02,actions/download-artifact,sboms_validation/syft/NPM-02_axios_cyclonedx.json,syft,369,v8.0.1,pkg:github/actions/download-artifact@v8.0.1,verified,"GitHub, Inc.",no_matching_semantic_proposal
GT-0008,repository_url,npm,NPM-02,actions/download-artifact,sboms_validation/syft/NPM-02_axios_cyclonedx.json,syft,369,v8.0.1,pkg:github/actions/download-artifact@v8.0.1,verified,https://github.com/actions/download-artifact,no_matching_semantic_proposal
GT-0008,hash_values,npm,NPM-02,actions/download-artifact,sboms_validation/syft/NPM-02_axios_cyclonedx.json,syft,369,v8.0.1,pkg:github/actions/download-artifact@v8.0.1,verified,SHA-1:86979182b460a30b3186dbc3f0a8e7087eaa533c; SHA-256:961366a16d0207d7cead3cc9dce11c3c0f17c7938565f53f429614c50b11ee70; SHA-512:0678583bb7b20cf5271a79beeb01a1924ffcd1ed22e72427b2171116c43d90fb3ef8534e11126afc1a307f193154306fb36e37bbc635c034635358bcc2eaf5b1,no_matching_semantic_proposal
GT-0008,distribution_url,npm,NPM-02,actions/download-artifact,sboms_validation/syft/NPM-02_axios_cyclonedx.json,syft,369,v8.0.1,pkg:github/actions/download-artifact@v8.0.1,verified,https://codeload.github.com/actions/download-artifact/tar.gz/refs/tags/v8.0.1,no_matching_semantic_proposal
GT-0009,license,npm,NPM-01,address,sboms_validation/cdxgen/NPM-01_react_cyclonedx.json,cdxgen,6720,1.0.2,pkg:npm/address@1.0.2,verified,MIT,no_matching_semantic_proposal
GT-0009,repository_url,npm,NPM-01,address,sboms_validation/cdxgen/NPM-01_react_cyclonedx.json,cdxgen,6720,1.0.2,pkg:npm/address@1.0.2,verified,https://github.com/node-modules/address,no_matching_semantic_proposal
GT-0009,distribution_url,npm,NPM-01,address,sboms_validation/cdxgen/NPM-01_react_cyclonedx.json,cdxgen,6720,1.0.2,pkg:npm/address@1.0.2,verified,https://registry.npmjs.org/address/-/address-1.0.2.tgz,no_matching_semantic_proposal
GT-0010,license,npm,NPM-01,alphanum-sort,sboms_validation/cdxgen/NPM-01_react_cyclonedx.json,cdxgen,4158,1.0.2,pkg:npm/alphanum-sort@1.0.2,verified,MIT,no_matching_semantic_proposal
GT-0010,repository_url,npm,NPM-01,alphanum-sort,sboms_validation/cdxgen/NPM-01_react_cyclonedx.json,cdxgen,4158,1.0.2,pkg:npm/alphanum-sort@1.0.2,verified,https://github.com/TrySound/alphanum-sort,no_matching_semantic_proposal
GT-0010,distribution_url,npm,NPM-01,alphanum-sort,sboms_validation/cdxgen/NPM-01_react_cyclonedx.json,cdxgen,4158,1.0.2,pkg:npm/alphanum-sort@1.0.2,verified,https://registry.npmjs.org/alphanum-sort/-/alphanum-sort-1.0.2.tgz,no_matching_semantic_proposal
GT-0012,license,npm,NPM-01,ansi-escapes,sboms_validation/cdxgen/NPM-01_react_cyclonedx.json,cdxgen,6190,3.0.0,pkg:npm/ansi-escapes@3.0.0,verified,MIT,no_matching_semantic_proposal
GT-0012,repository_url,npm,NPM-01,ansi-escapes,sboms_validation/cdxgen/NPM-01_react_cyclonedx.json,cdxgen,6190,3.0.0,pkg:npm/ansi-escapes@3.0.0,verified,https://github.com/sindresorhus/ansi-escapes,no_matching_semantic_proposal
GT-0012,distribution_url,npm,NPM-01,ansi-escapes,sboms_validation/cdxgen/NPM-01_react_cyclonedx.json,cdxgen,6190,3.0.0,pkg:npm/ansi-escapes@3.0.0,verified,https://registry.npmjs.org/ansi-escapes/-/ansi-escapes-3.0.0.tgz,no_matching_semantic_proposal
GT-0015,license,npm,NPM-01,aws-sign2,sboms_validation/cdxgen/NPM-01_react_cyclonedx.json,cdxgen,2936,0.6.0,pkg:npm/aws-sign2@0.6.0,verified,Apache-2.0,no_matching_semantic_proposal
GT-0015,repository_url,npm,NPM-01,aws-sign2,sboms_validation/cdxgen/NPM-01_react_cyclonedx.json,cdxgen,2936,0.6.0,pkg:npm/aws-sign2@0.6.0,verified,https://github.com/mikeal/aws-sign,no_matching_semantic_proposal
GT-0015,distribution_url,npm,NPM-01,aws-sign2,sboms_validation/cdxgen/NPM-01_react_cyclonedx.json,cdxgen,2936,0.6.0,pkg:npm/aws-sign2@0.6.0,verified,https://registry.npmjs.org/aws-sign2/-/aws-sign2-0.6.0.tgz,no_matching_semantic_proposal
GT-0016,license,npm,NPM-01,babel-plugin-istanbul,sboms_validation/cdxgen/NPM-01_react_cyclonedx.json,cdxgen,6205,4.1.5,pkg:npm/babel-plugin-istanbul@4.1.5,verified,BSD-3-Clause,no_matching_semantic_proposal
GT-0016,repository_url,npm,NPM-01,babel-plugin-istanbul,sboms_validation/cdxgen/NPM-01_react_cyclonedx.json,cdxgen,6205,4.1.5,pkg:npm/babel-plugin-istanbul@4.1.5,verified,https://github.com/istanbuljs/babel-plugin-istanbul,no_matching_semantic_proposal
GT-0016,distribution_url,npm,NPM-01,babel-plugin-istanbul,sboms_validation/cdxgen/NPM-01_react_cyclonedx.json,cdxgen,6205,4.1.5,pkg:npm/babel-plugin-istanbul@4.1.5,verified,https://registry.npmjs.org/babel-plugin-istanbul/-/babel-plugin-istanbul-4.1.5.tgz,no_matching_semantic_proposal
GT-0017,repository_url,npm,NPM-01,babel-plugin-macros,sboms_validation/cdxgen/NPM-01_react_cyclonedx.json,cdxgen,491,2.8.0,pkg:npm/babel-plugin-macros@2.8.0,verified,https://github.com/kentcdodds/babel-plugin-macros,no_matching_semantic_proposal
GT-0019,license,npm,NPM-01,babel-plugin-transform-es2015-parameters,sboms_validation/cdxgen/NPM-01_react_cyclonedx.json,cdxgen,4224,6.24.1,pkg:npm/babel-plugin-transform-es2015-parameters@6.24.1,verified,MIT,no_matching_semantic_proposal
GT-0019,repository_url,npm,NPM-01,babel-plugin-transform-es2015-parameters,sboms_validation/cdxgen/NPM-01_react_cyclonedx.json,cdxgen,4224,6.24.1,pkg:npm/babel-plugin-transform-es2015-parameters@6.24.1,verified,https://github.com/babel/babel,no_matching_semantic_proposal
GT-0019,distribution_url,npm,NPM-01,babel-plugin-transform-es2015-parameters,sboms_validation/cdxgen/NPM-01_react_cyclonedx.json,cdxgen,4224,6.24.1,pkg:npm/babel-plugin-transform-es2015-parameters@6.24.1,verified,https://registry.npmjs.org/babel-plugin-transform-es2015-parameters/-/babel-plugin-transform-es2015-parameters-6.24.1.tgz,no_matching_semantic_proposal
GT-0020,license,npm,NPM-01,babel-plugin-transform-es2015-unicode-regex,sboms_validation/cdxgen/NPM-01_react_cyclonedx.json,cdxgen,5913,6.11.0,pkg:npm/babel-plugin-transform-es2015-unicode-regex@6.11.0,verified,MIT,no_matching_semantic_proposal
GT-0020,repository_url,npm,NPM-01,babel-plugin-transform-es2015-unicode-regex,sboms_validation/cdxgen/NPM-01_react_cyclonedx.json,cdxgen,5913,6.11.0,pkg:npm/babel-plugin-transform-es2015-unicode-regex@6.11.0,verified,https://github.com/babel/babel,no_matching_semantic_proposal
GT-0020,distribution_url,npm,NPM-01,babel-plugin-transform-es2015-unicode-regex,sboms_validation/cdxgen/NPM-01_react_cyclonedx.json,cdxgen,5913,6.11.0,pkg:npm/babel-plugin-transform-es2015-unicode-regex@6.11.0,verified,https://registry.npmjs.org/babel-plugin-transform-es2015-unicode-regex/-/babel-plugin-transform-es2015-unicode-regex-6.11.0.tgz,no_matching_semantic_proposal
GT-0021,license,npm,NPM-01,babel-plugin-transform-runtime,sboms_validation/cdxgen/NPM-01_react_cyclonedx.json,cdxgen,6212,6.23.0,pkg:npm/babel-plugin-transform-runtime@6.23.0,verified,MIT,no_matching_semantic_proposal
GT-0021,repository_url,npm,NPM-01,babel-plugin-transform-runtime,sboms_validation/cdxgen/NPM-01_react_cyclonedx.json,cdxgen,6212,6.23.0,pkg:npm/babel-plugin-transform-runtime@6.23.0,verified,https://github.com/babel/babel,no_matching_semantic_proposal
GT-0021,distribution_url,npm,NPM-01,babel-plugin-transform-runtime,sboms_validation/cdxgen/NPM-01_react_cyclonedx.json,cdxgen,6212,6.23.0,pkg:npm/babel-plugin-transform-runtime@6.23.0,verified,https://registry.npmjs.org/babel-plugin-transform-runtime/-/babel-plugin-transform-runtime-6.23.0.tgz,no_matching_semantic_proposal
GT-0022,license,npm,NPM-01,babel-preset-jest,sboms_validation/cdxgen/NPM-01_react_cyclonedx.json,cdxgen,6215,20.0.3,pkg:npm/babel-preset-jest@20.0.3,verified,BSD-3-Clause,no_matching_semantic_proposal
GT-0022,supplier,npm,NPM-01,babel-preset-jest,sboms_validation/cdxgen/NPM-01_react_cyclonedx.json,cdxgen,6215,20.0.3,pkg:npm/babel-preset-jest@20.0.3,verified,"Meta Platforms, Inc. (Facebook Open Source)",no_matching_semantic_proposal
GT-0022,repository_url,npm,NPM-01,babel-preset-jest,sboms_validation/cdxgen/NPM-01_react_cyclonedx.json,cdxgen,6215,20.0.3,pkg:npm/babel-preset-jest@20.0.3,verified,https://github.com/facebook/jest,no_matching_semantic_proposal
GT-0022,distribution_url,npm,NPM-01,babel-preset-jest,sboms_validation/cdxgen/NPM-01_react_cyclonedx.json,cdxgen,6215,20.0.3,pkg:npm/babel-preset-jest@20.0.3,verified,https://registry.npmjs.org/babel-preset-jest/-/babel-preset-jest-20.0.3.tgz,no_matching_semantic_proposal
GT-0023,repository_url,npm,MAV-01,balanced-match,sboms_validation/cdxgen/MAV-01_spring_boot_cyclonedx.json,cdxgen,162,4.0.4,pkg:npm/balanced-match@4.0.4,verified,https://github.com/juliangruber/balanced-match,no_matching_semantic_proposal
GT-0025,license,npm,NPM-01,bl,sboms_validation/cdxgen/NPM-01_react_cyclonedx.json,cdxgen,2896,4.1.0,pkg:npm/bl@4.1.0,verified,MIT,no_matching_semantic_proposal
GT-0025,repository_url,npm,NPM-01,bl,sboms_validation/cdxgen/NPM-01_react_cyclonedx.json,cdxgen,2896,4.1.0,pkg:npm/bl@4.1.0,verified,https://github.com/rvagg/bl,no_matching_semantic_proposal
GT-0025,distribution_url,npm,NPM-01,bl,sboms_validation/cdxgen/NPM-01_react_cyclonedx.json,cdxgen,2896,4.1.0,pkg:npm/bl@4.1.0,verified,https://registry.npmjs.org/bl/-/bl-4.1.0.tgz,no_matching_semantic_proposal
GT-0026,license,npm,NPM-01,brace-expansion,sboms_validation/cdxgen/NPM-01_react_cyclonedx.json,cdxgen,5929,1.1.6,pkg:npm/brace-expansion@1.1.6,verified,MIT,no_matching_semantic_proposal
GT-0026,repository_url,npm,NPM-01,brace-expansion,sboms_validation/cdxgen/NPM-01_react_cyclonedx.json,cdxgen,5929,1.1.6,pkg:npm/brace-expansion@1.1.6,verified,https://github.com/juliangruber/brace-expansion,no_matching_semantic_proposal
GT-0026,distribution_url,npm,NPM-01,brace-expansion,sboms_validation/cdxgen/NPM-01_react_cyclonedx.json,cdxgen,5929,1.1.6,pkg:npm/brace-expansion@1.1.6,verified,https://registry.npmjs.org/brace-expansion/-/brace-expansion-1.1.6.tgz,no_matching_semantic_proposal
GT-0027,license,npm,NPM-01,cache,sboms_validation/cdxgen/NPM-01_react_cyclonedx.json,cdxgen,5105,2.0.0-canary.1778,pkg:npm/%40parcel/cache@2.0.0-canary.1778,verified,MIT,no_matching_semantic_proposal
GT-0027,repository_url,npm,NPM-01,cache,sboms_validation/cdxgen/NPM-01_react_cyclonedx.json,cdxgen,5105,2.0.0-canary.1778,pkg:npm/%40parcel/cache@2.0.0-canary.1778,verified,https://github.com/parcel-bundler/parcel,no_matching_semantic_proposal
GT-0027,distribution_url,npm,NPM-01,cache,sboms_validation/cdxgen/NPM-01_react_cyclonedx.json,cdxgen,5105,2.0.0-canary.1778,pkg:npm/%40parcel/cache@2.0.0-canary.1778,verified,https://registry.npmjs.org/@parcel/cache/-/cache-2.0.0-canary.1778.tgz,no_matching_semantic_proposal
GT-0028,repository_url,npm,MAV-04,call-bind,sboms_validation/cdxgen/MAV-04_junit5_cyclonedx.json,cdxgen,125,1.0.9,pkg:npm/call-bind@1.0.9,verified,https://github.com/ljharb/call-bind,no_matching_semantic_proposal
GT-0030,repository_url,npm,NPM-01,chokidar,sboms_validation/syft/NPM-01_react_cyclonedx.json,syft,2701,3.4.3,pkg:npm/chokidar@3.4.3,verified,https://github.com/paulmillr/chokidar,no_matching_semantic_proposal
GT-0030,hash_values,npm,NPM-01,chokidar,sboms_validation/syft/NPM-01_react_cyclonedx.json,syft,2701,3.4.3,pkg:npm/chokidar@3.4.3,verified,SHA-1:c1df38231448e45ca4ac588e6c79573ba6a57d5b; SHA-256:6d2e1344ba6df66f8844b717ecd3259177157d9407489c1156e01ba28d520c16; SHA-512:0ed33783b8ee09743115548d3cd072102dbe3489ad06ec5042f5a51ee9e92484b939caf4946df4e9c0bb1428bb7040347f39b26cf508978b71048a1b93580639,no_matching_semantic_proposal
GT-0030,distribution_url,npm,NPM-01,chokidar,sboms_validation/syft/NPM-01_react_cyclonedx.json,syft,2701,3.4.3,pkg:npm/chokidar@3.4.3,verified,https://registry.npmjs.org/chokidar/-/chokidar-3.4.3.tgz,no_matching_semantic_proposal
GT-0038,license,npm,NPM-01,crypto-random-string,sboms_validation/cdxgen/NPM-01_react_cyclonedx.json,cdxgen,2962,1.0.0,pkg:npm/crypto-random-string@1.0.0,verified,MIT,no_matching_semantic_proposal
GT-0038,repository_url,npm,NPM-01,crypto-random-string,sboms_validation/cdxgen/NPM-01_react_cyclonedx.json,cdxgen,2962,1.0.0,pkg:npm/crypto-random-string@1.0.0,verified,https://github.com/sindresorhus/crypto-random-string,no_matching_semantic_proposal
GT-0038,distribution_url,npm,NPM-01,crypto-random-string,sboms_validation/cdxgen/NPM-01_react_cyclonedx.json,cdxgen,2962,1.0.0,pkg:npm/crypto-random-string@1.0.0,verified,https://registry.npmjs.org/crypto-random-string/-/crypto-random-string-1.0.0.tgz,no_matching_semantic_proposal
GT-0044,license,npm,NPM-01,decode-uri-component,sboms_validation/cdxgen/NPM-01_react_cyclonedx.json,cdxgen,1567,0.2.2,pkg:npm/decode-uri-component@0.2.2,verified,MIT,no_matching_semantic_proposal
GT-0044,repository_url,npm,NPM-01,decode-uri-component,sboms_validation/cdxgen/NPM-01_react_cyclonedx.json,cdxgen,1567,0.2.2,pkg:npm/decode-uri-component@0.2.2,verified,https://github.com/SamVerschueren/decode-uri-component,no_matching_semantic_proposal
GT-0044,distribution_url,npm,NPM-01,decode-uri-component,sboms_validation/cdxgen/NPM-01_react_cyclonedx.json,cdxgen,1567,0.2.2,pkg:npm/decode-uri-component@0.2.2,verified,https://registry.npmjs.org/decode-uri-component/-/decode-uri-component-0.2.2.tgz,no_matching_semantic_proposal
GT-0045,distribution_url,npm,NPM-02,deep-eql,sboms_validation/cdxgen/NPM-02_axios_cyclonedx.json,cdxgen,736,4.1.4,pkg:npm/deep-eql@4.1.4,verified,https://registry.npmjs.org/deep-eql/-/deep-eql-4.1.4.tgz,no_matching_semantic_proposal
GT-0047,license,npm,NPM-01,dotenv,sboms_validation/cdxgen/NPM-01_react_cyclonedx.json,cdxgen,5204,16.4.7,pkg:npm/dotenv@16.4.7,verified,BSD-2-Clause,no_matching_semantic_proposal
GT-0047,repository_url,npm,NPM-01,dotenv,sboms_validation/cdxgen/NPM-01_react_cyclonedx.json,cdxgen,5204,16.4.7,pkg:npm/dotenv@16.4.7,verified,https://github.com/motdotla/dotenv,no_matching_semantic_proposal
GT-0047,distribution_url,npm,NPM-01,dotenv,sboms_validation/cdxgen/NPM-01_react_cyclonedx.json,cdxgen,5204,16.4.7,pkg:npm/dotenv@16.4.7,verified,https://registry.npmjs.org/dotenv/-/dotenv-16.4.7.tgz,no_matching_semantic_proposal
GT-0052,license,npm,NPM-01,execa,sboms_validation/cdxgen/NPM-01_react_cyclonedx.json,cdxgen,1695,0.7.0,pkg:npm/execa@0.7.0,verified,MIT,no_matching_semantic_proposal
GT-0052,repository_url,npm,NPM-01,execa,sboms_validation/cdxgen/NPM-01_react_cyclonedx.json,cdxgen,1695,0.7.0,pkg:npm/execa@0.7.0,verified,https://github.com/sindresorhus/execa,no_matching_semantic_proposal
GT-0052,distribution_url,npm,NPM-01,execa,sboms_validation/cdxgen/NPM-01_react_cyclonedx.json,cdxgen,1695,0.7.0,pkg:npm/execa@0.7.0,verified,https://registry.npmjs.org/execa/-/execa-0.7.0.tgz,no_matching_semantic_proposal
GT-0055,license,npm,NPM-01,fb-watchman,sboms_validation/cdxgen/NPM-01_react_cyclonedx.json,cdxgen,5997,1.9.0,pkg:npm/fb-watchman@1.9.0,verified,Apache-2.0,no_matching_semantic_proposal
GT-0055,supplier,npm,NPM-01,fb-watchman,sboms_validation/cdxgen/NPM-01_react_cyclonedx.json,cdxgen,5997,1.9.0,pkg:npm/fb-watchman@1.9.0,verified,"Meta Platforms, Inc. (Facebook Open Source)",no_matching_semantic_proposal
GT-0055,repository_url,npm,NPM-01,fb-watchman,sboms_validation/cdxgen/NPM-01_react_cyclonedx.json,cdxgen,5997,1.9.0,pkg:npm/fb-watchman@1.9.0,verified,https://github.com/facebook/watchman,no_matching_semantic_proposal
GT-0055,distribution_url,npm,NPM-01,fb-watchman,sboms_validation/cdxgen/NPM-01_react_cyclonedx.json,cdxgen,5997,1.9.0,pkg:npm/fb-watchman@1.9.0,verified,https://registry.npmjs.org/fb-watchman/-/fb-watchman-1.9.0.tgz,no_matching_semantic_proposal
GT-0061,license,npm,NPM-01,futures-util,sboms_validation/syft/NPM-01_react_cyclonedx.json,syft,5077,0.3.32,pkg:cargo/futures-util@0.3.32,verified,MIT OR Apache-2.0,no_matching_semantic_proposal
GT-0061,repository_url,npm,NPM-01,futures-util,sboms_validation/syft/NPM-01_react_cyclonedx.json,syft,5077,0.3.32,pkg:cargo/futures-util@0.3.32,verified,https://github.com/rust-lang/futures-rs,no_matching_semantic_proposal
GT-0063,repository_url,npm,MAV-01,glob-stream,sboms_validation/cdxgen/MAV-01_spring_boot_cyclonedx.json,cdxgen,227,7.0.0,pkg:npm/glob-stream@7.0.0,verified,https://github.com/gulpjs/glob-stream,no_matching_semantic_proposal
GT-0066,license,npm,NPM-01,hash-base,sboms_validation/cdxgen/NPM-01_react_cyclonedx.json,cdxgen,4752,3.0.4,pkg:npm/hash-base@3.0.4,verified,MIT,no_matching_semantic_proposal
GT-0066,repository_url,npm,NPM-01,hash-base,sboms_validation/cdxgen/NPM-01_react_cyclonedx.json,cdxgen,4752,3.0.4,pkg:npm/hash-base@3.0.4,verified,https://github.com/crypto-browserify/hash-base,no_matching_semantic_proposal
GT-0066,distribution_url,npm,NPM-01,hash-base,sboms_validation/cdxgen/NPM-01_react_cyclonedx.json,cdxgen,4752,3.0.4,pkg:npm/hash-base@3.0.4,verified,https://registry.npmjs.org/hash-base/-/hash-base-3.0.4.tgz,no_matching_semantic_proposal
GT-0067,license,npm,NPM-01,hawk,sboms_validation/cdxgen/NPM-01_react_cyclonedx.json,cdxgen,6292,6.0.2,pkg:npm/hawk@6.0.2,verified,BSD-3-Clause,no_matching_semantic_proposal
GT-0067,repository_url,npm,NPM-01,hawk,sboms_validation/cdxgen/NPM-01_react_cyclonedx.json,cdxgen,6292,6.0.2,pkg:npm/hawk@6.0.2,verified,https://github.com/hueniverse/hawk,no_matching_semantic_proposal
GT-0067,distribution_url,npm,NPM-01,hawk,sboms_validation/cdxgen/NPM-01_react_cyclonedx.json,cdxgen,6292,6.0.2,pkg:npm/hawk@6.0.2,verified,https://registry.npmjs.org/hawk/-/hawk-6.0.2.tgz,no_matching_semantic_proposal
GT-0068,license,npm,NPM-01,helper-define-polyfill-provider,sboms_validation/cdxgen/NPM-01_react_cyclonedx.json,cdxgen,5294,0.4.0,pkg:npm/%40babel/helper-define-polyfill-provider@0.4.0,verified,MIT,no_matching_semantic_proposal
GT-0068,repository_url,npm,NPM-01,helper-define-polyfill-provider,sboms_validation/cdxgen/NPM-01_react_cyclonedx.json,cdxgen,5294,0.4.0,pkg:npm/%40babel/helper-define-polyfill-provider@0.4.0,verified,https://github.com/babel/babel-polyfills,no_matching_semantic_proposal
GT-0068,distribution_url,npm,NPM-01,helper-define-polyfill-provider,sboms_validation/cdxgen/NPM-01_react_cyclonedx.json,cdxgen,5294,0.4.0,pkg:npm/%40babel/helper-define-polyfill-provider@0.4.0,verified,https://registry.npmjs.org/@babel/helper-define-polyfill-provider/-/helper-define-polyfill-provider-0.4.0.tgz,no_matching_semantic_proposal
GT-0069,license,npm,NPM-01,helper-plugin-utils,sboms_validation/cdxgen/NPM-01_react_cyclonedx.json,cdxgen,3362,7.25.9,pkg:npm/%40babel/helper-plugin-utils@7.25.9,verified,MIT,no_matching_semantic_proposal
GT-0069,repository_url,npm,NPM-01,helper-plugin-utils,sboms_validation/cdxgen/NPM-01_react_cyclonedx.json,cdxgen,3362,7.25.9,pkg:npm/%40babel/helper-plugin-utils@7.25.9,verified,https://github.com/babel/babel,no_matching_semantic_proposal
GT-0069,distribution_url,npm,NPM-01,helper-plugin-utils,sboms_validation/cdxgen/NPM-01_react_cyclonedx.json,cdxgen,3362,7.25.9,pkg:npm/%40babel/helper-plugin-utils@7.25.9,verified,https://registry.npmjs.org/@babel/helper-plugin-utils/-/helper-plugin-utils-7.25.9.tgz,no_matching_semantic_proposal
GT-0070,license,npm,NPM-01,helper-plugin-utils,sboms_validation/cdxgen/NPM-01_react_cyclonedx.json,cdxgen,782,7.26.5,pkg:npm/%40babel/helper-plugin-utils@7.26.5,verified,MIT,no_matching_semantic_proposal
GT-0070,repository_url,npm,NPM-01,helper-plugin-utils,sboms_validation/cdxgen/NPM-01_react_cyclonedx.json,cdxgen,782,7.26.5,pkg:npm/%40babel/helper-plugin-utils@7.26.5,verified,https://github.com/babel/babel,no_matching_semantic_proposal
GT-0070,distribution_url,npm,NPM-01,helper-plugin-utils,sboms_validation/cdxgen/NPM-01_react_cyclonedx.json,cdxgen,782,7.26.5,pkg:npm/%40babel/helper-plugin-utils@7.26.5,verified,https://registry.npmjs.org/@babel/helper-plugin-utils/-/helper-plugin-utils-7.26.5.tgz,no_matching_semantic_proposal
GT-0071,repository_url,npm,NPM-01,hosted-git-info,sboms_validation/cdxgen/NPM-01_react_cyclonedx.json,cdxgen,519,2.8.9,pkg:npm/hosted-git-info@2.8.9,verified,https://github.com/npm/hosted-git-info,no_matching_semantic_proposal
GT-0072,license,npm,NPM-01,http-errors,sboms_validation/cdxgen/NPM-01_react_cyclonedx.json,cdxgen,6025,1.5.1,pkg:npm/http-errors@1.5.1,verified,MIT,no_matching_semantic_proposal
GT-0072,repository_url,npm,NPM-01,http-errors,sboms_validation/cdxgen/NPM-01_react_cyclonedx.json,cdxgen,6025,1.5.1,pkg:npm/http-errors@1.5.1,verified,https://github.com/jshttp/http-errors,no_matching_semantic_proposal
GT-0072,distribution_url,npm,NPM-01,http-errors,sboms_validation/cdxgen/NPM-01_react_cyclonedx.json,cdxgen,6025,1.5.1,pkg:npm/http-errors@1.5.1,verified,https://registry.npmjs.org/http-errors/-/http-errors-1.5.1.tgz,no_matching_semantic_proposal
GT-0077,repository_url,npm,NPM-01,inherits,sboms_validation/cdxgen/NPM-01_react_cyclonedx.json,cdxgen,217,2.0.1,pkg:npm/inherits@2.0.1,verified,https://github.com/isaacs/inherits,no_matching_semantic_proposal
GT-0080,license,npm,NPM-01,istanbul-lib-coverage,sboms_validation/cdxgen/NPM-01_react_cyclonedx.json,cdxgen,5493,2.0.1,pkg:npm/%40types/istanbul-lib-coverage@2.0.1,verified,MIT,no_matching_semantic_proposal
GT-0080,supplier,npm,NPM-01,istanbul-lib-coverage,sboms_validation/cdxgen/NPM-01_react_cyclonedx.json,cdxgen,5493,2.0.1,pkg:npm/%40types/istanbul-lib-coverage@2.0.1,verified,Microsoft Corporation,no_matching_semantic_proposal
GT-0080,repository_url,npm,NPM-01,istanbul-lib-coverage,sboms_validation/cdxgen/NPM-01_react_cyclonedx.json,cdxgen,5493,2.0.1,pkg:npm/%40types/istanbul-lib-coverage@2.0.1,verified,https://github.com/DefinitelyTyped/DefinitelyTyped,no_matching_semantic_proposal
GT-0080,distribution_url,npm,NPM-01,istanbul-lib-coverage,sboms_validation/cdxgen/NPM-01_react_cyclonedx.json,cdxgen,5493,2.0.1,pkg:npm/%40types/istanbul-lib-coverage@2.0.1,verified,https://registry.npmjs.org/@types/istanbul-lib-coverage/-/istanbul-lib-coverage-2.0.1.tgz,no_matching_semantic_proposal
GT-0081,license,npm,NPM-01,jest-jasmine2,sboms_validation/cdxgen/NPM-01_react_cyclonedx.json,cdxgen,4431,18.1.0,pkg:npm/jest-jasmine2@18.1.0,verified,BSD-3-Clause,no_matching_semantic_proposal
GT-0081,supplier,npm,NPM-01,jest-jasmine2,sboms_validation/cdxgen/NPM-01_react_cyclonedx.json,cdxgen,4431,18.1.0,pkg:npm/jest-jasmine2@18.1.0,verified,"Meta Platforms, Inc. (Facebook Open Source)",no_matching_semantic_proposal
GT-0081,repository_url,npm,NPM-01,jest-jasmine2,sboms_validation/cdxgen/NPM-01_react_cyclonedx.json,cdxgen,4431,18.1.0,pkg:npm/jest-jasmine2@18.1.0,verified,https://github.com/facebook/jest,no_matching_semantic_proposal
GT-0081,distribution_url,npm,NPM-01,jest-jasmine2,sboms_validation/cdxgen/NPM-01_react_cyclonedx.json,cdxgen,4431,18.1.0,pkg:npm/jest-jasmine2@18.1.0,verified,https://registry.npmjs.org/jest-jasmine2/-/jest-jasmine2-18.1.0.tgz,no_matching_semantic_proposal
GT-0085,license,npm,NPM-01,js-base64,sboms_validation/cdxgen/NPM-01_react_cyclonedx.json,cdxgen,6334,2.3.2,pkg:npm/js-base64@2.3.2,verified,BSD-3-Clause,no_matching_semantic_proposal
GT-0085,repository_url,npm,NPM-01,js-base64,sboms_validation/cdxgen/NPM-01_react_cyclonedx.json,cdxgen,6334,2.3.2,pkg:npm/js-base64@2.3.2,verified,https://github.com/dankogai/js-base64,no_matching_semantic_proposal
GT-0085,distribution_url,npm,NPM-01,js-base64,sboms_validation/cdxgen/NPM-01_react_cyclonedx.json,cdxgen,6334,2.3.2,pkg:npm/js-base64@2.3.2,verified,https://registry.npmjs.org/js-base64/-/js-base64-2.3.2.tgz,no_matching_semantic_proposal
GT-0086,license,npm,NPM-01,js-yaml,sboms_validation/cdxgen/NPM-01_react_cyclonedx.json,cdxgen,6335,3.10.0,pkg:npm/js-yaml@3.10.0,verified,MIT,no_matching_semantic_proposal
GT-0086,repository_url,npm,NPM-01,js-yaml,sboms_validation/cdxgen/NPM-01_react_cyclonedx.json,cdxgen,6335,3.10.0,pkg:npm/js-yaml@3.10.0,verified,https://github.com/nodeca/js-yaml,no_matching_semantic_proposal
GT-0086,distribution_url,npm,NPM-01,js-yaml,sboms_validation/cdxgen/NPM-01_react_cyclonedx.json,cdxgen,6335,3.10.0,pkg:npm/js-yaml@3.10.0,verified,https://registry.npmjs.org/js-yaml/-/js-yaml-3.10.0.tgz,no_matching_semantic_proposal
GT-0092,license,npm,NPM-01,micromatch,sboms_validation/cdxgen/NPM-01_react_cyclonedx.json,cdxgen,4476,2.3.11,pkg:npm/micromatch@2.3.11,verified,MIT,no_matching_semantic_proposal
GT-0092,repository_url,npm,NPM-01,micromatch,sboms_validation/cdxgen/NPM-01_react_cyclonedx.json,cdxgen,4476,2.3.11,pkg:npm/micromatch@2.3.11,verified,https://github.com/jonschlinkert/micromatch,no_matching_semantic_proposal
GT-0092,distribution_url,npm,NPM-01,micromatch,sboms_validation/cdxgen/NPM-01_react_cyclonedx.json,cdxgen,4476,2.3.11,pkg:npm/micromatch@2.3.11,verified,https://registry.npmjs.org/micromatch/-/micromatch-2.3.11.tgz,no_matching_semantic_proposal
GT-0093,license,npm,NPM-01,mime-db,sboms_validation/cdxgen/NPM-01_react_cyclonedx.json,cdxgen,6071,1.25.0,pkg:npm/mime-db@1.25.0,verified,MIT,no_matching_semantic_proposal
GT-0093,repository_url,npm,NPM-01,mime-db,sboms_validation/cdxgen/NPM-01_react_cyclonedx.json,cdxgen,6071,1.25.0,pkg:npm/mime-db@1.25.0,verified,https://github.com/jshttp/mime-db,no_matching_semantic_proposal
GT-0093,distribution_url,npm,NPM-01,mime-db,sboms_validation/cdxgen/NPM-01_react_cyclonedx.json,cdxgen,6071,1.25.0,pkg:npm/mime-db@1.25.0,verified,https://registry.npmjs.org/mime-db/-/mime-db-1.25.0.tgz,no_matching_semantic_proposal
GT-0099,supplier,npm,NPM-01,nan,sboms_validation/cdxgen/NPM-01_react_cyclonedx.json,cdxgen,371,2.14.2,pkg:npm/nan@2.14.2,verified,OpenJS Foundation (Node.js project),no_matching_semantic_proposal
GT-0099,repository_url,npm,NPM-01,nan,sboms_validation/cdxgen/NPM-01_react_cyclonedx.json,cdxgen,371,2.14.2,pkg:npm/nan@2.14.2,verified,https://github.com/nodejs/nan,no_matching_semantic_proposal
GT-0102,license,npm,NPM-01,object-inspect,sboms_validation/cdxgen/NPM-01_react_cyclonedx.json,cdxgen,6681,1.10.2,pkg:npm/object-inspect@1.10.2,verified,MIT,no_matching_semantic_proposal
GT-0102,repository_url,npm,NPM-01,object-inspect,sboms_validation/cdxgen/NPM-01_react_cyclonedx.json,cdxgen,6681,1.10.2,pkg:npm/object-inspect@1.10.2,verified,https://github.com/inspect-js/object-inspect,no_matching_semantic_proposal
GT-0102,distribution_url,npm,NPM-01,object-inspect,sboms_validation/cdxgen/NPM-01_react_cyclonedx.json,cdxgen,6681,1.10.2,pkg:npm/object-inspect@1.10.2,verified,https://registry.npmjs.org/object-inspect/-/object-inspect-1.10.2.tgz,no_matching_semantic_proposal
GT-0104,repository_url,npm,NPM-01,path-exists,sboms_validation/cdxgen/NPM-01_react_cyclonedx.json,cdxgen,705,4.0.0,pkg:npm/path-exists@4.0.0,verified,https://github.com/sindresorhus/path-exists,no_matching_semantic_proposal
GT-0108,license,npm,NPM-01,plugin-proposal-dynamic-import,sboms_validation/cdxgen/NPM-01_react_cyclonedx.json,cdxgen,5761,7.16.7,pkg:npm/%40babel/plugin-proposal-dynamic-import@7.16.7,verified,MIT,no_matching_semantic_proposal
GT-0108,repository_url,npm,NPM-01,plugin-proposal-dynamic-import,sboms_validation/cdxgen/NPM-01_react_cyclonedx.json,cdxgen,5761,7.16.7,pkg:npm/%40babel/plugin-proposal-dynamic-import@7.16.7,verified,https://github.com/babel/babel,no_matching_semantic_proposal
GT-0108,distribution_url,npm,NPM-01,plugin-proposal-dynamic-import,sboms_validation/cdxgen/NPM-01_react_cyclonedx.json,cdxgen,5761,7.16.7,pkg:npm/%40babel/plugin-proposal-dynamic-import@7.16.7,verified,https://registry.npmjs.org/@babel/plugin-proposal-dynamic-import/-/plugin-proposal-dynamic-import-7.16.7.tgz,no_matching_semantic_proposal
GT-0109,license,npm,NPM-01,plugin-proposal-dynamic-import,sboms_validation/cdxgen/NPM-01_react_cyclonedx.json,cdxgen,5348,7.18.6,pkg:npm/%40babel/plugin-proposal-dynamic-import@7.18.6,verified,MIT,no_matching_semantic_proposal
GT-0109,repository_url,npm,NPM-01,plugin-proposal-dynamic-import,sboms_validation/cdxgen/NPM-01_react_cyclonedx.json,cdxgen,5348,7.18.6,pkg:npm/%40babel/plugin-proposal-dynamic-import@7.18.6,verified,https://github.com/babel/babel,no_matching_semantic_proposal
GT-0109,distribution_url,npm,NPM-01,plugin-proposal-dynamic-import,sboms_validation/cdxgen/NPM-01_react_cyclonedx.json,cdxgen,5348,7.18.6,pkg:npm/%40babel/plugin-proposal-dynamic-import@7.18.6,verified,https://registry.npmjs.org/@babel/plugin-proposal-dynamic-import/-/plugin-proposal-dynamic-import-7.18.6.tgz,no_matching_semantic_proposal
GT-0111,license,npm,NPM-01,plugin-transform-async-to-generator,sboms_validation/cdxgen/NPM-01_react_cyclonedx.json,cdxgen,5370,7.22.5,pkg:npm/%40babel/plugin-transform-async-to-generator@7.22.5,verified,MIT,no_matching_semantic_proposal
GT-0111,repository_url,npm,NPM-01,plugin-transform-async-to-generator,sboms_validation/cdxgen/NPM-01_react_cyclonedx.json,cdxgen,5370,7.22.5,pkg:npm/%40babel/plugin-transform-async-to-generator@7.22.5,verified,https://github.com/babel/babel,no_matching_semantic_proposal
GT-0111,distribution_url,npm,NPM-01,plugin-transform-async-to-generator,sboms_validation/cdxgen/NPM-01_react_cyclonedx.json,cdxgen,5370,7.22.5,pkg:npm/%40babel/plugin-transform-async-to-generator@7.22.5,verified,https://registry.npmjs.org/@babel/plugin-transform-async-to-generator/-/plugin-transform-async-to-generator-7.22.5.tgz,no_matching_semantic_proposal
GT-0112,license,npm,NPM-01,plugin-transform-classes,sboms_validation/cdxgen/NPM-01_react_cyclonedx.json,cdxgen,5377,7.22.5,pkg:npm/%40babel/plugin-transform-classes@7.22.5,verified,MIT,no_matching_semantic_proposal
GT-0112,repository_url,npm,NPM-01,plugin-transform-classes,sboms_validation/cdxgen/NPM-01_react_cyclonedx.json,cdxgen,5377,7.22.5,pkg:npm/%40babel/plugin-transform-classes@7.22.5,verified,https://github.com/babel/babel,no_matching_semantic_proposal
GT-0112,distribution_url,npm,NPM-01,plugin-transform-classes,sboms_validation/cdxgen/NPM-01_react_cyclonedx.json,cdxgen,5377,7.22.5,pkg:npm/%40babel/plugin-transform-classes@7.22.5,verified,https://registry.npmjs.org/@babel/plugin-transform-classes/-/plugin-transform-classes-7.22.5.tgz,no_matching_semantic_proposal
GT-0114,license,npm,NPM-01,plugin-transform-literals,sboms_validation/cdxgen/NPM-01_react_cyclonedx.json,cdxgen,906,7.25.9,pkg:npm/%40babel/plugin-transform-literals@7.25.9,verified,MIT,no_matching_semantic_proposal
GT-0114,repository_url,npm,NPM-01,plugin-transform-literals,sboms_validation/cdxgen/NPM-01_react_cyclonedx.json,cdxgen,906,7.25.9,pkg:npm/%40babel/plugin-transform-literals@7.25.9,verified,https://github.com/babel/babel,no_matching_semantic_proposal
GT-0114,distribution_url,npm,NPM-01,plugin-transform-literals,sboms_validation/cdxgen/NPM-01_react_cyclonedx.json,cdxgen,906,7.25.9,pkg:npm/%40babel/plugin-transform-literals@7.25.9,verified,https://registry.npmjs.org/@babel/plugin-transform-literals/-/plugin-transform-literals-7.25.9.tgz,no_matching_semantic_proposal
GT-0115,license,npm,NPM-01,plugin-transform-logical-assignment-operators,sboms_validation/cdxgen/NPM-01_react_cyclonedx.json,cdxgen,5396,7.22.5,pkg:npm/%40babel/plugin-transform-logical-assignment-operators@7.22.5,verified,MIT,no_matching_semantic_proposal
GT-0115,repository_url,npm,NPM-01,plugin-transform-logical-assignment-operators,sboms_validation/cdxgen/NPM-01_react_cyclonedx.json,cdxgen,5396,7.22.5,pkg:npm/%40babel/plugin-transform-logical-assignment-operators@7.22.5,verified,https://github.com/babel/babel,no_matching_semantic_proposal
GT-0115,distribution_url,npm,NPM-01,plugin-transform-logical-assignment-operators,sboms_validation/cdxgen/NPM-01_react_cyclonedx.json,cdxgen,5396,7.22.5,pkg:npm/%40babel/plugin-transform-logical-assignment-operators@7.22.5,verified,https://registry.npmjs.org/@babel/plugin-transform-logical-assignment-operators/-/plugin-transform-logical-assignment-operators-7.22.5.tgz,no_matching_semantic_proposal
GT-0117,license,npm,NPM-01,plugin-transform-modules-systemjs,sboms_validation/cdxgen/NPM-01_react_cyclonedx.json,cdxgen,5402,7.18.9,pkg:npm/%40babel/plugin-transform-modules-systemjs@7.18.9,verified,MIT,no_matching_semantic_proposal
GT-0117,repository_url,npm,NPM-01,plugin-transform-modules-systemjs,sboms_validation/cdxgen/NPM-01_react_cyclonedx.json,cdxgen,5402,7.18.9,pkg:npm/%40babel/plugin-transform-modules-systemjs@7.18.9,verified,https://github.com/babel/babel,no_matching_semantic_proposal
GT-0117,distribution_url,npm,NPM-01,plugin-transform-modules-systemjs,sboms_validation/cdxgen/NPM-01_react_cyclonedx.json,cdxgen,5402,7.18.9,pkg:npm/%40babel/plugin-transform-modules-systemjs@7.18.9,verified,https://registry.npmjs.org/@babel/plugin-transform-modules-systemjs/-/plugin-transform-modules-systemjs-7.18.9.tgz,no_matching_semantic_proposal
GT-0118,license,npm,NPM-01,plugin-transform-named-capturing-groups-regex,sboms_validation/cdxgen/NPM-01_react_cyclonedx.json,cdxgen,4071,7.14.9,pkg:npm/%40babel/plugin-transform-named-capturing-groups-regex@7.14.9,verified,MIT,no_matching_semantic_proposal
GT-0118,repository_url,npm,NPM-01,plugin-transform-named-capturing-groups-regex,sboms_validation/cdxgen/NPM-01_react_cyclonedx.json,cdxgen,4071,7.14.9,pkg:npm/%40babel/plugin-transform-named-capturing-groups-regex@7.14.9,verified,https://github.com/babel/babel,no_matching_semantic_proposal
GT-0118,distribution_url,npm,NPM-01,plugin-transform-named-capturing-groups-regex,sboms_validation/cdxgen/NPM-01_react_cyclonedx.json,cdxgen,4071,7.14.9,pkg:npm/%40babel/plugin-transform-named-capturing-groups-regex@7.14.9,verified,https://registry.npmjs.org/@babel/plugin-transform-named-capturing-groups-regex/-/plugin-transform-named-capturing-groups-regex-7.14.9.tgz,no_matching_semantic_proposal
GT-0119,license,npm,NPM-01,plugin-transform-optional-chaining,sboms_validation/cdxgen/NPM-01_react_cyclonedx.json,cdxgen,5415,7.22.5,pkg:npm/%40babel/plugin-transform-optional-chaining@7.22.5,verified,MIT,no_matching_semantic_proposal
GT-0119,repository_url,npm,NPM-01,plugin-transform-optional-chaining,sboms_validation/cdxgen/NPM-01_react_cyclonedx.json,cdxgen,5415,7.22.5,pkg:npm/%40babel/plugin-transform-optional-chaining@7.22.5,verified,https://github.com/babel/babel,no_matching_semantic_proposal
GT-0119,distribution_url,npm,NPM-01,plugin-transform-optional-chaining,sboms_validation/cdxgen/NPM-01_react_cyclonedx.json,cdxgen,5415,7.22.5,pkg:npm/%40babel/plugin-transform-optional-chaining@7.22.5,verified,https://registry.npmjs.org/@babel/plugin-transform-optional-chaining/-/plugin-transform-optional-chaining-7.22.5.tgz,no_matching_semantic_proposal
GT-0120,license,npm,NPM-01,plugin-transform-typeof-symbol,sboms_validation/cdxgen/NPM-01_react_cyclonedx.json,cdxgen,5439,7.18.9,pkg:npm/%40babel/plugin-transform-typeof-symbol@7.18.9,verified,MIT,no_matching_semantic_proposal
GT-0120,repository_url,npm,NPM-01,plugin-transform-typeof-symbol,sboms_validation/cdxgen/NPM-01_react_cyclonedx.json,cdxgen,5439,7.18.9,pkg:npm/%40babel/plugin-transform-typeof-symbol@7.18.9,verified,https://github.com/babel/babel,no_matching_semantic_proposal
GT-0120,distribution_url,npm,NPM-01,plugin-transform-typeof-symbol,sboms_validation/cdxgen/NPM-01_react_cyclonedx.json,cdxgen,5439,7.18.9,pkg:npm/%40babel/plugin-transform-typeof-symbol@7.18.9,verified,https://registry.npmjs.org/@babel/plugin-transform-typeof-symbol/-/plugin-transform-typeof-symbol-7.18.9.tgz,no_matching_semantic_proposal
GT-0121,license,npm,NPM-01,plugin-transform-typeof-symbol,sboms_validation/cdxgen/NPM-01_react_cyclonedx.json,cdxgen,3388,7.25.9,pkg:npm/%40babel/plugin-transform-typeof-symbol@7.25.9,verified,MIT,no_matching_semantic_proposal
GT-0121,repository_url,npm,NPM-01,plugin-transform-typeof-symbol,sboms_validation/cdxgen/NPM-01_react_cyclonedx.json,cdxgen,3388,7.25.9,pkg:npm/%40babel/plugin-transform-typeof-symbol@7.25.9,verified,https://github.com/babel/babel,no_matching_semantic_proposal
GT-0121,distribution_url,npm,NPM-01,plugin-transform-typeof-symbol,sboms_validation/cdxgen/NPM-01_react_cyclonedx.json,cdxgen,3388,7.25.9,pkg:npm/%40babel/plugin-transform-typeof-symbol@7.25.9,verified,https://registry.npmjs.org/@babel/plugin-transform-typeof-symbol/-/plugin-transform-typeof-symbol-7.25.9.tgz,no_matching_semantic_proposal
GT-0122,license,npm,NPM-01,postcss-merge-longhand,sboms_validation/cdxgen/NPM-01_react_cyclonedx.json,cdxgen,4523,2.0.2,pkg:npm/postcss-merge-longhand@2.0.2,verified,MIT,no_matching_semantic_proposal
GT-0122,repository_url,npm,NPM-01,postcss-merge-longhand,sboms_validation/cdxgen/NPM-01_react_cyclonedx.json,cdxgen,4523,2.0.2,pkg:npm/postcss-merge-longhand@2.0.2,verified,https://github.com/ben-eb/postcss-merge-longhand,no_matching_semantic_proposal
GT-0122,distribution_url,npm,NPM-01,postcss-merge-longhand,sboms_validation/cdxgen/NPM-01_react_cyclonedx.json,cdxgen,4523,2.0.2,pkg:npm/postcss-merge-longhand@2.0.2,verified,https://registry.npmjs.org/postcss-merge-longhand/-/postcss-merge-longhand-2.0.2.tgz,no_matching_semantic_proposal
GT-0123,license,npm,NPM-01,postcss-reduce-initial,sboms_validation/cdxgen/NPM-01_react_cyclonedx.json,cdxgen,5680,5.1.0,pkg:npm/postcss-reduce-initial@5.1.0,verified,MIT,no_matching_semantic_proposal
GT-0123,repository_url,npm,NPM-01,postcss-reduce-initial,sboms_validation/cdxgen/NPM-01_react_cyclonedx.json,cdxgen,5680,5.1.0,pkg:npm/postcss-reduce-initial@5.1.0,verified,https://github.com/cssnano/cssnano,no_matching_semantic_proposal
GT-0123,distribution_url,npm,NPM-01,postcss-reduce-initial,sboms_validation/cdxgen/NPM-01_react_cyclonedx.json,cdxgen,5680,5.1.0,pkg:npm/postcss-reduce-initial@5.1.0,verified,https://registry.npmjs.org/postcss-reduce-initial/-/postcss-reduce-initial-5.1.0.tgz,no_matching_semantic_proposal
GT-0124,license,npm,NPM-01,preset-env,sboms_validation/cdxgen/NPM-01_react_cyclonedx.json,cdxgen,3390,7.26.0,pkg:npm/%40babel/preset-env@7.26.0,verified,MIT,no_matching_semantic_proposal
GT-0124,repository_url,npm,NPM-01,preset-env,sboms_validation/cdxgen/NPM-01_react_cyclonedx.json,cdxgen,3390,7.26.0,pkg:npm/%40babel/preset-env@7.26.0,verified,https://github.com/babel/babel,no_matching_semantic_proposal
GT-0124,distribution_url,npm,NPM-01,preset-env,sboms_validation/cdxgen/NPM-01_react_cyclonedx.json,cdxgen,3390,7.26.0,pkg:npm/%40babel/preset-env@7.26.0,verified,https://registry.npmjs.org/@babel/preset-env/-/preset-env-7.26.0.tgz,no_matching_semantic_proposal
GT-0125,repository_url,npm,NPM-01,preset-modules,sboms_validation/cdxgen/NPM-01_react_cyclonedx.json,cdxgen,475,0.1.4,pkg:npm/%40babel/preset-modules@0.1.4,verified,https://github.com/babel/preset-modules,no_matching_semantic_proposal
GT-0126,license,npm,NPM-01,pretty-format,sboms_validation/cdxgen/NPM-01_react_cyclonedx.json,cdxgen,6384,20.0.3,pkg:npm/pretty-format@20.0.3,verified,BSD-3-Clause,no_matching_semantic_proposal
GT-0126,supplier,npm,NPM-01,pretty-format,sboms_validation/cdxgen/NPM-01_react_cyclonedx.json,cdxgen,6384,20.0.3,pkg:npm/pretty-format@20.0.3,verified,"Meta Platforms, Inc. (Facebook Open Source)",no_matching_semantic_proposal
GT-0126,repository_url,npm,NPM-01,pretty-format,sboms_validation/cdxgen/NPM-01_react_cyclonedx.json,cdxgen,6384,20.0.3,pkg:npm/pretty-format@20.0.3,verified,https://github.com/facebook/jest,no_matching_semantic_proposal
GT-0126,distribution_url,npm,NPM-01,pretty-format,sboms_validation/cdxgen/NPM-01_react_cyclonedx.json,cdxgen,6384,20.0.3,pkg:npm/pretty-format@20.0.3,verified,https://registry.npmjs.org/pretty-format/-/pretty-format-20.0.3.tgz,no_matching_semantic_proposal
GT-0128,repository_url,npm,NPM-01,punycode,sboms_validation/cdxgen/NPM-01_react_cyclonedx.json,cdxgen,279,1.3.2,pkg:npm/punycode@1.3.2,verified,https://github.com/bestiejs/punycode.js,no_matching_semantic_proposal
GT-0130,license,npm,NPM-01,react,sboms_validation/cdxgen/NPM-01_react_cyclonedx.json,cdxgen,6808,15.6.1,pkg:npm/react@15.6.1,verified,BSD-3-Clause,no_matching_semantic_proposal
GT-0130,supplier,npm,NPM-01,react,sboms_validation/cdxgen/NPM-01_react_cyclonedx.json,cdxgen,6808,15.6.1,pkg:npm/react@15.6.1,verified,"Meta Platforms, Inc. (Facebook Open Source)",no_matching_semantic_proposal
GT-0130,repository_url,npm,NPM-01,react,sboms_validation/cdxgen/NPM-01_react_cyclonedx.json,cdxgen,6808,15.6.1,pkg:npm/react@15.6.1,verified,https://github.com/facebook/react,no_matching_semantic_proposal
GT-0130,distribution_url,npm,NPM-01,react,sboms_validation/cdxgen/NPM-01_react_cyclonedx.json,cdxgen,6808,15.6.1,pkg:npm/react@15.6.1,verified,https://registry.npmjs.org/react/-/react-15.6.1.tgz,no_matching_semantic_proposal
GT-0131,hash_values,npm,NPM-01,react-compiler-healthcheck,sboms_validation/cdxgen/NPM-01_react_cyclonedx.json,cdxgen,2795,0.0.0-experimental-ab3118d-20240725,pkg:npm/react-compiler-healthcheck@0.0.0-experimental-ab3118d-20240725,verified,SHA-1:9146ab50a1de3ef6521ebf8a1e9ef8218ed123c9; SHA-256:983eb284bc9bce8c18427498d120febda579c58f09675a95806f8bdac41046ba; SHA-512:12fe2aad87e2d9dddae532f6af8751cf19fa83d82780f51404f2278e5e9cd36b2f6dd11e6eb3ce91dec7b41b15957dc3984e4e5da9958fbb6884bbf477590e45,no_matching_semantic_proposal
GT-0132,license,npm,NPM-01,react-dom,sboms_validation/cdxgen/NPM-01_react_cyclonedx.json,cdxgen,5502,18.0.6,pkg:npm/%40types/react-dom@18.0.6,verified,MIT,no_matching_semantic_proposal
GT-0132,supplier,npm,NPM-01,react-dom,sboms_validation/cdxgen/NPM-01_react_cyclonedx.json,cdxgen,5502,18.0.6,pkg:npm/%40types/react-dom@18.0.6,verified,Microsoft Corporation,no_matching_semantic_proposal
GT-0132,repository_url,npm,NPM-01,react-dom,sboms_validation/cdxgen/NPM-01_react_cyclonedx.json,cdxgen,5502,18.0.6,pkg:npm/%40types/react-dom@18.0.6,verified,https://github.com/DefinitelyTyped/DefinitelyTyped,no_matching_semantic_proposal
GT-0132,distribution_url,npm,NPM-01,react-dom,sboms_validation/cdxgen/NPM-01_react_cyclonedx.json,cdxgen,5502,18.0.6,pkg:npm/%40types/react-dom@18.0.6,verified,https://registry.npmjs.org/@types/react-dom/-/react-dom-18.0.6.tgz,no_matching_semantic_proposal
GT-0134,supplier,npm,MAV-01,readable-stream,sboms_validation/cdxgen/MAV-01_spring_boot_cyclonedx.json,cdxgen,64,4.7.0,pkg:npm/readable-stream@4.7.0,verified,OpenJS Foundation (Node.js project),no_matching_semantic_proposal
GT-0134,repository_url,npm,MAV-01,readable-stream,sboms_validation/cdxgen/MAV-01_spring_boot_cyclonedx.json,cdxgen,64,4.7.0,pkg:npm/readable-stream@4.7.0,verified,https://github.com/nodejs/readable-stream,no_matching_semantic_proposal
GT-0135,license,npm,NPM-01,recursive-readdir,sboms_validation/cdxgen/NPM-01_react_cyclonedx.json,cdxgen,4554,2.1.1,pkg:npm/recursive-readdir@2.1.1,verified,MIT,no_matching_semantic_proposal
GT-0135,repository_url,npm,NPM-01,recursive-readdir,sboms_validation/cdxgen/NPM-01_react_cyclonedx.json,cdxgen,4554,2.1.1,pkg:npm/recursive-readdir@2.1.1,verified,https://github.com/jergason/recursive-readdir,no_matching_semantic_proposal
GT-0135,distribution_url,npm,NPM-01,recursive-readdir,sboms_validation/cdxgen/NPM-01_react_cyclonedx.json,cdxgen,4554,2.1.1,pkg:npm/recursive-readdir@2.1.1,verified,https://registry.npmjs.org/recursive-readdir/-/recursive-readdir-2.1.1.tgz,no_matching_semantic_proposal
GT-0137,license,npm,NPM-01,regexp.prototype.flags,sboms_validation/cdxgen/NPM-01_react_cyclonedx.json,cdxgen,3871,1.5.4,pkg:npm/regexp.prototype.flags@1.5.4,verified,MIT,no_matching_semantic_proposal
GT-0137,repository_url,npm,NPM-01,regexp.prototype.flags,sboms_validation/cdxgen/NPM-01_react_cyclonedx.json,cdxgen,3871,1.5.4,pkg:npm/regexp.prototype.flags@1.5.4,verified,https://github.com/es-shims/RegExp.prototype.flags,no_matching_semantic_proposal
GT-0137,distribution_url,npm,NPM-01,regexp.prototype.flags,sboms_validation/cdxgen/NPM-01_react_cyclonedx.json,cdxgen,3871,1.5.4,pkg:npm/regexp.prototype.flags@1.5.4,verified,https://registry.npmjs.org/regexp.prototype.flags/-/regexp.prototype.flags-1.5.4.tgz,no_matching_semantic_proposal
GT-0140,license,npm,NPM-01,rimraf,sboms_validation/cdxgen/NPM-01_react_cyclonedx.json,cdxgen,4572,2.6.3,pkg:npm/rimraf@2.6.3,verified,ISC,no_matching_semantic_proposal
GT-0140,repository_url,npm,NPM-01,rimraf,sboms_validation/cdxgen/NPM-01_react_cyclonedx.json,cdxgen,4572,2.6.3,pkg:npm/rimraf@2.6.3,verified,https://github.com/isaacs/rimraf,no_matching_semantic_proposal
GT-0140,distribution_url,npm,NPM-01,rimraf,sboms_validation/cdxgen/NPM-01_react_cyclonedx.json,cdxgen,4572,2.6.3,pkg:npm/rimraf@2.6.3,verified,https://registry.npmjs.org/rimraf/-/rimraf-2.6.3.tgz,no_matching_semantic_proposal
GT-0148,license,npm,NPM-01,same-file,sboms_validation/syft/NPM-01_react_cyclonedx.json,syft,9707,1.0.6,pkg:cargo/same-file@1.0.6,verified,Unlicense/MIT,no_matching_semantic_proposal
GT-0148,repository_url,npm,NPM-01,same-file,sboms_validation/syft/NPM-01_react_cyclonedx.json,syft,9707,1.0.6,pkg:cargo/same-file@1.0.6,verified,https://github.com/BurntSushi/same-file,no_matching_semantic_proposal
GT-0156,license,npm,NPM-01,transformer-postcss,sboms_validation/cdxgen/NPM-01_react_cyclonedx.json,cdxgen,5151,2.0.0-canary.1778,pkg:npm/%40parcel/transformer-postcss@2.0.0-canary.1778,verified,MIT,no_matching_semantic_proposal
GT-0156,repository_url,npm,NPM-01,transformer-postcss,sboms_validation/cdxgen/NPM-01_react_cyclonedx.json,cdxgen,5151,2.0.0-canary.1778,pkg:npm/%40parcel/transformer-postcss@2.0.0-canary.1778,verified,https://github.com/parcel-bundler/parcel,no_matching_semantic_proposal
GT-0156,distribution_url,npm,NPM-01,transformer-postcss,sboms_validation/cdxgen/NPM-01_react_cyclonedx.json,cdxgen,5151,2.0.0-canary.1778,pkg:npm/%40parcel/transformer-postcss@2.0.0-canary.1778,verified,https://registry.npmjs.org/@parcel/transformer-postcss/-/transformer-postcss-2.0.0-canary.1778.tgz,no_matching_semantic_proposal
GT-0157,license,npm,NPM-01,traverse,sboms_validation/cdxgen/NPM-01_react_cyclonedx.json,cdxgen,4905,7.20.13,pkg:npm/%40babel/traverse@7.20.13,verified,MIT,no_matching_semantic_proposal
GT-0157,repository_url,npm,NPM-01,traverse,sboms_validation/cdxgen/NPM-01_react_cyclonedx.json,cdxgen,4905,7.20.13,pkg:npm/%40babel/traverse@7.20.13,verified,https://github.com/babel/babel,no_matching_semantic_proposal
GT-0157,distribution_url,npm,NPM-01,traverse,sboms_validation/cdxgen/NPM-01_react_cyclonedx.json,cdxgen,4905,7.20.13,pkg:npm/%40babel/traverse@7.20.13,verified,https://registry.npmjs.org/@babel/traverse/-/traverse-7.20.13.tgz,no_matching_semantic_proposal
GT-0158,license,npm,NPM-01,traverse,sboms_validation/cdxgen/NPM-01_react_cyclonedx.json,cdxgen,4844,7.26.7,pkg:npm/%40babel/traverse@7.26.7,verified,MIT,no_matching_semantic_proposal
GT-0158,repository_url,npm,NPM-01,traverse,sboms_validation/cdxgen/NPM-01_react_cyclonedx.json,cdxgen,4844,7.26.7,pkg:npm/%40babel/traverse@7.26.7,verified,https://github.com/babel/babel,no_matching_semantic_proposal
GT-0158,distribution_url,npm,NPM-01,traverse,sboms_validation/cdxgen/NPM-01_react_cyclonedx.json,cdxgen,4844,7.26.7,pkg:npm/%40babel/traverse@7.26.7,verified,https://registry.npmjs.org/@babel/traverse/-/traverse-7.26.7.tgz,no_matching_semantic_proposal
GT-0160,license,npm,NPM-01,type-check,sboms_validation/cdxgen/NPM-01_react_cyclonedx.json,cdxgen,3932,0.3.2,pkg:npm/type-check@0.3.2,verified,MIT,no_matching_semantic_proposal
GT-0160,repository_url,npm,NPM-01,type-check,sboms_validation/cdxgen/NPM-01_react_cyclonedx.json,cdxgen,3932,0.3.2,pkg:npm/type-check@0.3.2,verified,https://github.com/gkz/type-check,no_matching_semantic_proposal
GT-0160,distribution_url,npm,NPM-01,type-check,sboms_validation/cdxgen/NPM-01_react_cyclonedx.json,cdxgen,3932,0.3.2,pkg:npm/type-check@0.3.2,verified,https://registry.npmjs.org/type-check/-/type-check-0.3.2.tgz,no_matching_semantic_proposal
GT-0162,license,npm,NPM-01,types,sboms_validation/cdxgen/NPM-01_react_cyclonedx.json,cdxgen,4906,7.20.7,pkg:npm/%40babel/types@7.20.7,verified,MIT,no_matching_semantic_proposal
GT-0162,repository_url,npm,NPM-01,types,sboms_validation/cdxgen/NPM-01_react_cyclonedx.json,cdxgen,4906,7.20.7,pkg:npm/%40babel/types@7.20.7,verified,https://github.com/babel/babel,no_matching_semantic_proposal
GT-0162,distribution_url,npm,NPM-01,types,sboms_validation/cdxgen/NPM-01_react_cyclonedx.json,cdxgen,4906,7.20.7,pkg:npm/%40babel/types@7.20.7,verified,https://registry.npmjs.org/@babel/types/-/types-7.20.7.tgz,no_matching_semantic_proposal
GT-0163,repository_url,npm,MAV-01,unbzip2-stream,sboms_validation/cdxgen/MAV-01_spring_boot_cyclonedx.json,cdxgen,199,1.4.3,pkg:npm/unbzip2-stream@1.4.3,verified,https://github.com/regular/unbzip2-stream,no_matching_semantic_proposal
GT-0164,repository_url,npm,NPM-01,wasm-opt,sboms_validation/cdxgen/NPM-01_react_cyclonedx.json,cdxgen,98,1.9.0,pkg:npm/%40webassemblyjs/wasm-opt@1.9.0,verified,https://github.com/xtuc/webassemblyjs,no_matching_semantic_proposal
GT-0166,license,npm,NPM-01,whatwg-fetch,sboms_validation/cdxgen/NPM-01_react_cyclonedx.json,cdxgen,5006,3.4.1,pkg:npm/whatwg-fetch@3.4.1,verified,MIT,no_matching_semantic_proposal
GT-0166,supplier,npm,NPM-01,whatwg-fetch,sboms_validation/cdxgen/NPM-01_react_cyclonedx.json,cdxgen,5006,3.4.1,pkg:npm/whatwg-fetch@3.4.1,verified,"GitHub, Inc.",no_matching_semantic_proposal
GT-0166,repository_url,npm,NPM-01,whatwg-fetch,sboms_validation/cdxgen/NPM-01_react_cyclonedx.json,cdxgen,5006,3.4.1,pkg:npm/whatwg-fetch@3.4.1,verified,https://github.com/github/fetch,no_matching_semantic_proposal
GT-0166,distribution_url,npm,NPM-01,whatwg-fetch,sboms_validation/cdxgen/NPM-01_react_cyclonedx.json,cdxgen,5006,3.4.1,pkg:npm/whatwg-fetch@3.4.1,verified,https://registry.npmjs.org/whatwg-fetch/-/whatwg-fetch-3.4.1.tgz,no_matching_semantic_proposal
GT-0169,repository_url,npm,NPM-01,wrap-ansi,sboms_validation/cdxgen/NPM-01_react_cyclonedx.json,cdxgen,538,5.1.0,pkg:npm/wrap-ansi@5.1.0,verified,https://github.com/chalk/wrap-ansi,no_matching_semantic_proposal
GT-0172,repository_url,pypi,PY-01,aiofile,sboms_validation/cdxgen/PY-01_fastapi_cyclonedx.json,cdxgen,2,3.9.0,pkg:pypi/aiofile@3.9.0,verified,https://github.com/mosquito/aiofile,no_matching_semantic_proposal
GT-0172,hash_values,pypi,PY-01,aiofile,sboms_validation/cdxgen/PY-01_fastapi_cyclonedx.json,cdxgen,2,3.9.0,pkg:pypi/aiofile@3.9.0,verified,SHA-256:e5ad718bb148b265b6df1b3752c4d1d83024b93da9bd599df74b9d9ffcf7919b,no_matching_semantic_proposal
GT-0173,hash_values,pypi,PY-01,aiohappyeyeballs,sboms_validation/cdxgen/PY-01_fastapi_cyclonedx.json,cdxgen,3,2.6.1,pkg:pypi/aiohappyeyeballs@2.6.1,verified,SHA-256:c3f9d0113123803ccadfdf3f0faa505bc78e6a72d1cc4806cbd719826e943558,no_matching_semantic_proposal
GT-0174,repository_url,pypi,PY-01,aiohttp,sboms_validation/cdxgen/PY-01_fastapi_cyclonedx.json,cdxgen,4,3.14.1,pkg:pypi/aiohttp@3.14.1,verified,https://github.com/aio-libs/aiohttp,no_matching_semantic_proposal
GT-0174,hash_values,pypi,PY-01,aiohttp,sboms_validation/cdxgen/PY-01_fastapi_cyclonedx.json,cdxgen,4,3.14.1,pkg:pypi/aiohttp@3.14.1,verified,SHA-256:307f2cff90a764d329e77040603fa032db89c5c24fdad50c4c15334cba744035,no_matching_semantic_proposal
GT-0175,hash_values,pypi,MAV-03,alabaster,sboms_validation/cdxgen/MAV-03_flink_cyclonedx.json,cdxgen,1669,0.7.16,pkg:pypi/alabaster@0.7.16,verified,SHA-256:75a8b99c28a5dad50dd7f8ccdd447a121ddb3892da9e53d1ca5cca3106d58d65,no_matching_semantic_proposal
GT-0176,hash_values,pypi,PY-01,annotated-types,sboms_validation/cdxgen/PY-01_fastapi_cyclonedx.json,cdxgen,7,0.7.0,pkg:pypi/annotated-types@0.7.0,verified,SHA-256:aff07c09a53a08bc8cfccb9c85b05f1aa9a2a6f23728d790723543408344ce89,no_matching_semantic_proposal
GT-0177,license,pypi,PY-02,asgiref,sboms_validation/cdxgen/PY-02_django_cyclonedx.json,cdxgen,211,UNRESOLVED — no version specified in source SBOM,pkg:pypi/asgiref,verified,BSD-3-Clause,no_matching_semantic_proposal
GT-0177,supplier,pypi,PY-02,asgiref,sboms_validation/cdxgen/PY-02_django_cyclonedx.json,cdxgen,211,UNRESOLVED — no version specified in source SBOM,pkg:pypi/asgiref,verified,Django Software Foundation,no_matching_semantic_proposal
GT-0177,repository_url,pypi,PY-02,asgiref,sboms_validation/cdxgen/PY-02_django_cyclonedx.json,cdxgen,211,UNRESOLVED — no version specified in source SBOM,pkg:pypi/asgiref,verified,https://github.com/django/asgiref,no_matching_semantic_proposal
GT-0178,license,pypi,PY-01,attrs,sboms_validation/cdxgen/PY-01_fastapi_cyclonedx.json,cdxgen,16,25.4.0,pkg:pypi/attrs@25.4.0,verified,MIT,no_matching_semantic_proposal
GT-0178,repository_url,pypi,PY-01,attrs,sboms_validation/cdxgen/PY-01_fastapi_cyclonedx.json,cdxgen,16,25.4.0,pkg:pypi/attrs@25.4.0,verified,https://github.com/python-attrs/attrs,no_matching_semantic_proposal
GT-0178,hash_values,pypi,PY-01,attrs,sboms_validation/cdxgen/PY-01_fastapi_cyclonedx.json,cdxgen,16,25.4.0,pkg:pypi/attrs@25.4.0,verified,SHA-256:16d5969b87f0859ef33a48b35d55ac1be6e42ae49d5e853b597db70c35c57e11,no_matching_semantic_proposal
GT-0179,hash_values,pypi,PY-01,authlib,sboms_validation/cdxgen/PY-01_fastapi_cyclonedx.json,cdxgen,17,1.7.2,pkg:pypi/authlib@1.7.2,verified,SHA-256:2cea25fefcd4e7173bdf1372c0afc265c8034b23a8cd5dcb6a9164b826c64231,no_matching_semantic_proposal
GT-0180,hash_values,pypi,MAV-03,babel,sboms_validation/cdxgen/MAV-03_flink_cyclonedx.json,cdxgen,1670,2.18.0,pkg:pypi/babel@2.18.0,verified,SHA-256:b80b99a14bd085fcacfa15c9165f651fbb3406e66cc603abf11c5750937c992d,no_matching_semantic_proposal
GT-0181,repository_url,pypi,PY-01,backports-tarfile,sboms_validation/cdxgen/PY-01_fastapi_cyclonedx.json,cdxgen,18,1.2.0,pkg:pypi/backports-tarfile@1.2.0,verified,https://github.com/jaraco/backports.tarfile,no_matching_semantic_proposal
GT-0181,hash_values,pypi,PY-01,backports-tarfile,sboms_validation/cdxgen/PY-01_fastapi_cyclonedx.json,cdxgen,18,1.2.0,pkg:pypi/backports-tarfile@1.2.0,verified,SHA-256:d75e02c268746e1b8144c278978b6e98e85de6ad16f8e4b0844a154557eca991,no_matching_semantic_proposal
GT-0182,license,pypi,PY-02,black,sboms_validation/cdxgen/PY-02_django_cyclonedx.json,cdxgen,214,UNRESOLVED — no version specified in source SBOM (latest is 26.5.1),pkg:pypi/black,verified,MIT,no_matching_semantic_proposal
GT-0182,supplier,pypi,PY-02,black,sboms_validation/cdxgen/PY-02_django_cyclonedx.json,cdxgen,214,UNRESOLVED — no version specified in source SBOM (latest is 26.5.1),pkg:pypi/black,verified,Python Software Foundation,no_matching_semantic_proposal
GT-0182,repository_url,pypi,PY-02,black,sboms_validation/cdxgen/PY-02_django_cyclonedx.json,cdxgen,214,UNRESOLVED — no version specified in source SBOM (latest is 26.5.1),pkg:pypi/black,verified,https://github.com/psf/black,no_matching_semantic_proposal
GT-0183,license,pypi,PY-01,black,sboms_validation/cdxgen/PY-01_fastapi_cyclonedx.json,cdxgen,20,26.5.1,pkg:pypi/black@26.5.1,verified,MIT,no_matching_semantic_proposal
GT-0183,hash_values,pypi,PY-01,black,sboms_validation/cdxgen/PY-01_fastapi_cyclonedx.json,cdxgen,20,26.5.1,pkg:pypi/black@26.5.1,verified,SHA-256:dd321f668053961824bcc1be1cc1df748b2d7e4fa28086b08331e577b0100a73,no_matching_semantic_proposal
GT-0184,hash_values,pypi,PY-01,blinker,sboms_validation/cdxgen/PY-01_fastapi_cyclonedx.json,cdxgen,21,1.9.0,pkg:pypi/blinker@1.9.0,verified,SHA-256:b4ce2265a7abece45e7cc896e98dbebe6cead56bcf805a3d23136d145f5445bf,no_matching_semantic_proposal
GT-0185,hash_values,pypi,PY-01,boto3,sboms_validation/cdxgen/PY-01_fastapi_cyclonedx.json,cdxgen,22,1.42.94,pkg:pypi/boto3@1.42.94,verified,SHA-256:5b6056a661c19e974aaea3cb97690ddbe30d10c31e4f887df3bff06574f34510,no_matching_semantic_proposal
GT-0186,license,pypi,PY-01,cachetools,sboms_validation/cdxgen/PY-01_fastapi_cyclonedx.json,cdxgen,24,7.0.0,pkg:pypi/cachetools@7.0.0,verified,MIT,no_matching_semantic_proposal
GT-0186,hash_values,pypi,PY-01,cachetools,sboms_validation/cdxgen/PY-01_fastapi_cyclonedx.json,cdxgen,24,7.0.0,pkg:pypi/cachetools@7.0.0,verified,SHA-256:a9abf18ff3b86c7d05b27ead412e235e16ae045925e531fae38d5fada5ed5b08,no_matching_semantic_proposal
GT-0187,hash_values,pypi,PY-01,caio,sboms_validation/cdxgen/PY-01_fastapi_cyclonedx.json,cdxgen,25,0.9.25,pkg:pypi/caio@0.9.25,verified,SHA-256:16498e7f81d1d0f5a4c0ad3f2540e65fe25691376e0a5bd367f558067113ed10,no_matching_semantic_proposal
GT-0188,hash_values,pypi,MAV-03,charset-normalizer,sboms_validation/cdxgen/MAV-03_flink_cyclonedx.json,cdxgen,1673,3.4.4,pkg:pypi/charset-normalizer@3.4.4,verified,SHA-256:94537985111c35f28720e43603b8e7b43a6ecfb2ce1d3058bbe955b73404e21a,no_matching_semantic_proposal
GT-0189,license,pypi,PY-01,click,sboms_validation/cdxgen/PY-01_fastapi_cyclonedx.json,cdxgen,31,8.2.1,pkg:pypi/click@8.2.1,verified,BSD-3-Clause,no_matching_semantic_proposal
GT-0189,hash_values,pypi,PY-01,click,sboms_validation/cdxgen/PY-01_fastapi_cyclonedx.json,cdxgen,31,8.2.1,pkg:pypi/click@8.2.1,verified,SHA-256:27c491cc05d968d271d5a1db13e3b5a184636d9d930f148c50b038f0d0646202,no_matching_semantic_proposal
GT-0190,license,pypi,MAV-03,click,sboms_validation/cdxgen/MAV-03_flink_cyclonedx.json,cdxgen,1675,8.3.1,pkg:pypi/click@8.3.1,verified,BSD-3-Clause,no_matching_semantic_proposal
GT-0190,hash_values,pypi,MAV-03,click,sboms_validation/cdxgen/MAV-03_flink_cyclonedx.json,cdxgen,1675,8.3.1,pkg:pypi/click@8.3.1,verified,SHA-256:12ff4785d337a1bb490bb7e9c2b1ee5da3112e94a8622f26a6c77f5d2fc6842a,no_matching_semantic_proposal
GT-0191,license,pypi,PY-02,colorama,sboms_validation/cdxgen/PY-02_django_cyclonedx.json,cdxgen,229,UNRESOLVED — no version specified in source SBOM (latest is 0.4.6),pkg:pypi/colorama,verified,BSD License,no_matching_semantic_proposal
GT-0191,repository_url,pypi,PY-02,colorama,sboms_validation/cdxgen/PY-02_django_cyclonedx.json,cdxgen,229,UNRESOLVED — no version specified in source SBOM (latest is 0.4.6),pkg:pypi/colorama,verified,https://github.com/tartley/colorama,no_matching_semantic_proposal
GT-0192,repository_url,pypi,MAV-03,colorama,sboms_validation/cdxgen/MAV-03_flink_cyclonedx.json,cdxgen,1676,0.4.6,pkg:pypi/colorama@0.4.6,verified,https://github.com/tartley/colorama,no_matching_semantic_proposal
GT-0192,hash_values,pypi,MAV-03,colorama,sboms_validation/cdxgen/MAV-03_flink_cyclonedx.json,cdxgen,1676,0.4.6,pkg:pypi/colorama@0.4.6,verified,SHA-256:08695f5cb7ed6e0531a20572697297273c47b8cae5a63ffc6d6ed5c201be6e44,no_matching_semantic_proposal
GT-0193,license,pypi,PY-01,cryptography,sboms_validation/cdxgen/PY-01_fastapi_cyclonedx.json,cdxgen,36,48.0.1,pkg:pypi/cryptography@48.0.1,verified,Apache-2.0 OR BSD-3-Clause,no_matching_semantic_proposal
GT-0193,hash_values,pypi,PY-01,cryptography,sboms_validation/cdxgen/PY-01_fastapi_cyclonedx.json,cdxgen,36,48.0.1,pkg:pypi/cryptography@48.0.1,verified,SHA-256:266f4ee051abb2f725b74ef8072b521ce1feacf685a3364fa6a6b45548db791a,no_matching_semantic_proposal
GT-0194,hash_values,pypi,PY-01,cssselect2,sboms_validation/cdxgen/PY-01_fastapi_cyclonedx.json,cdxgen,37,0.8.0,pkg:pypi/cssselect2@0.8.0,verified,SHA-256:7674ffb954a3b46162392aee2a3a0aedb2e14ecf99fcc28644900f4e6e3e9d3a,no_matching_semantic_proposal
GT-0195,repository_url,pypi,PY-01,cyclic,sboms_validation/cdxgen/PY-01_fastapi_cyclonedx.json,cdxgen,38,1.0.0,pkg:pypi/cyclic@1.0.0,verified,https://github.com/neurobin/cyclic,no_matching_semantic_proposal
GT-0195,hash_values,pypi,PY-01,cyclic,sboms_validation/cdxgen/PY-01_fastapi_cyclonedx.json,cdxgen,38,1.0.0,pkg:pypi/cyclic@1.0.0,verified,SHA-256:ecddd56cb831ee3e6b79f61ecb0ad71caee606c507136867782911aa01c3e5eb,no_matching_semantic_proposal
GT-0196,license,pypi,PY-03,cython,sboms_validation/cdxgen/PY-03_scikit_learn_cyclonedx.json,cdxgen,11,UNRESOLVED — no version specified in source SBOM (latest is 3.3.0),pkg:pypi/cython,verified,Apache-2.0,no_matching_semantic_proposal
GT-0196,repository_url,pypi,PY-03,cython,sboms_validation/cdxgen/PY-03_scikit_learn_cyclonedx.json,cdxgen,11,UNRESOLVED — no version specified in source SBOM (latest is 3.3.0),pkg:pypi/cython,verified,https://github.com/cython/cython,no_matching_semantic_proposal
GT-0197,license,pypi,PY-03,cython-lint,sboms_validation/syft/PY-03_scikit_learn_cyclonedx.json,syft,46,0.20,pkg:pypi/cython-lint@0.20,verified,MIT,no_matching_semantic_proposal
GT-0197,repository_url,pypi,PY-03,cython-lint,sboms_validation/syft/PY-03_scikit_learn_cyclonedx.json,syft,46,0.20,pkg:pypi/cython-lint@0.20,verified,https://github.com/MarcoGorelli/cython-lint,no_matching_semantic_proposal
GT-0197,hash_values,pypi,PY-03,cython-lint,sboms_validation/syft/PY-03_scikit_learn_cyclonedx.json,syft,46,0.20,pkg:pypi/cython-lint@0.20,verified,SHA-256:e4b512fca7995947871de1b241650a582223493e3f25156a5f578330881b8164,no_matching_semantic_proposal
GT-0198,hash_values,pypi,PY-01,dirty-equals,sboms_validation/cdxgen/PY-01_fastapi_cyclonedx.json,cdxgen,42,0.11,pkg:pypi/dirty-equals@0.11,verified,SHA-256:f4ac74ee88f2d11e2fa0f65eb30ee4f07105c5f86f4dc92b09eb1138775027c3,no_matching_semantic_proposal
GT-0199,repository_url,pypi,PY-01,distro,sboms_validation/cdxgen/PY-01_fastapi_cyclonedx.json,cdxgen,43,1.9.0,pkg:pypi/distro@1.9.0,verified,https://github.com/python-distro/distro,no_matching_semantic_proposal
GT-0199,hash_values,pypi,PY-01,distro,sboms_validation/cdxgen/PY-01_fastapi_cyclonedx.json,cdxgen,43,1.9.0,pkg:pypi/distro@1.9.0,verified,SHA-256:2fa77c6fd8940f116ee1d6b94a2f90b13b5ea8d019b98bc8bafdcabcdd9bdbed,no_matching_semantic_proposal
GT-0200,hash_values,pypi,MAV-03,docutils,sboms_validation/cdxgen/MAV-03_flink_cyclonedx.json,cdxgen,1677,0.17.1,pkg:pypi/docutils@0.17.1,verified,SHA-256:686577d2e4c32380bb50cbb22f575ed742d58168cee37e99117a854bcd88f125,no_matching_semantic_proposal
GT-0201,repository_url,pypi,PY-01,eval-type-backport,sboms_validation/cdxgen/PY-01_fastapi_cyclonedx.json,cdxgen,48,0.3.1,pkg:pypi/eval-type-backport@0.3.1,verified,https://github.com/alexmojaki/eval_type_backport,no_matching_semantic_proposal
GT-0201,hash_values,pypi,PY-01,eval-type-backport,sboms_validation/cdxgen/PY-01_fastapi_cyclonedx.json,cdxgen,48,0.3.1,pkg:pypi/eval-type-backport@0.3.1,verified,SHA-256:57e993f7b5b69d271e37482e62f74e76a0276c82490cf8e4f0dffeb6b332d5ed,no_matching_semantic_proposal
GT-0202,hash_values,pypi,PY-01,exceptiongroup,sboms_validation/cdxgen/PY-01_fastapi_cyclonedx.json,cdxgen,49,1.3.1,pkg:pypi/exceptiongroup@1.3.1,verified,SHA-256:8b412432c6055b0b7d14c310000ae93352ed6754f70fa8f7c34141f91c4e3219,no_matching_semantic_proposal
GT-0203,hash_values,pypi,PY-01,execnet,sboms_validation/cdxgen/PY-01_fastapi_cyclonedx.json,cdxgen,50,2.1.2,pkg:pypi/execnet@2.1.2,verified,SHA-256:63d83bfdd9a23e35b9c6a3261412324f964c2ec8dcd8d3c6916ee9373e0befcd,no_matching_semantic_proposal
GT-0204,license,pypi,PY-01,fastapi-cli,sboms_validation/cdxgen/PY-01_fastapi_cyclonedx.json,cdxgen,53,0.0.20,pkg:pypi/fastapi-cli@0.0.20,verified,MIT,no_matching_semantic_proposal
GT-0204,hash_values,pypi,PY-01,fastapi-cli,sboms_validation/cdxgen/PY-01_fastapi_cyclonedx.json,cdxgen,53,0.0.20,pkg:pypi/fastapi-cli@0.0.20,verified,SHA-256:d17c2634f7b96b6b560bc16b0035ed047d523c912011395f49f00a421692bc3a,no_matching_semantic_proposal
GT-0205,repository_url,pypi,PY-01,fastavro,sboms_validation/cdxgen/PY-01_fastapi_cyclonedx.json,cdxgen,56,1.12.1,pkg:pypi/fastavro@1.12.1,verified,https://github.com/fastavro/fastavro,no_matching_semantic_proposal
GT-0205,hash_values,pypi,PY-01,fastavro,sboms_validation/cdxgen/PY-01_fastapi_cyclonedx.json,cdxgen,56,1.12.1,pkg:pypi/fastavro@1.12.1,verified,SHA-256:2f285be49e45bc047ab2f6bed040bb349da85db3f3c87880e4b92595ea093b2b,no_matching_semantic_proposal
GT-0206,hash_values,pypi,PY-01,filelock,sboms_validation/cdxgen/PY-01_fastapi_cyclonedx.json,cdxgen,59,3.20.3,pkg:pypi/filelock@3.20.3,verified,SHA-256:18c57ee915c7ec61cff0ecf7f0f869936c7c30191bb0cf406f1341778d0834e1,no_matching_semantic_proposal
GT-0207,repository_url,pypi,PY-01,frozenlist,sboms_validation/cdxgen/PY-01_fastapi_cyclonedx.json,cdxgen,61,1.8.0,pkg:pypi/frozenlist@1.8.0,verified,https://github.com/aio-libs/frozenlist,no_matching_semantic_proposal
GT-0207,hash_values,pypi,PY-01,frozenlist,sboms_validation/cdxgen/PY-01_fastapi_cyclonedx.json,cdxgen,61,1.8.0,pkg:pypi/frozenlist@1.8.0,verified,SHA-256:3ede829ed8d842f6cd48fc7081d7a41001a56f1f38603f9d49bf3020d59a31ad,no_matching_semantic_proposal
GT-0208,license,pypi,PY-01,fsspec,sboms_validation/cdxgen/PY-01_fastapi_cyclonedx.json,cdxgen,62,2026.2.0,pkg:pypi/fsspec@2026.2.0,verified,BSD-3-Clause,no_matching_semantic_proposal
GT-0208,repository_url,pypi,PY-01,fsspec,sboms_validation/cdxgen/PY-01_fastapi_cyclonedx.json,cdxgen,62,2026.2.0,pkg:pypi/fsspec@2026.2.0,verified,https://github.com/fsspec/filesystem_spec,no_matching_semantic_proposal
GT-0208,hash_values,pypi,PY-01,fsspec,sboms_validation/cdxgen/PY-01_fastapi_cyclonedx.json,cdxgen,62,2026.2.0,pkg:pypi/fsspec@2026.2.0,verified,SHA-256:6544e34b16869f5aacd5b90bdf1a71acb37792ea3ddf6125ee69a22a53fb8bff,no_matching_semantic_proposal
GT-0209,hash_values,pypi,PY-01,genai-prices,sboms_validation/cdxgen/PY-01_fastapi_cyclonedx.json,cdxgen,63,0.0.62,pkg:pypi/genai-prices@0.0.62,verified,SHA-256:baf1ffa64be0d15577878216464d6a2d04244db5fbdf78d56bde43809e7aef44,no_matching_semantic_proposal
GT-0210,repository_url,pypi,PY-01,ghp-import,sboms_validation/cdxgen/PY-01_fastapi_cyclonedx.json,cdxgen,64,2.1.0,pkg:pypi/ghp-import@2.1.0,verified,https://github.com/c-w/ghp-import,no_matching_semantic_proposal
GT-0210,hash_values,pypi,PY-01,ghp-import,sboms_validation/cdxgen/PY-01_fastapi_cyclonedx.json,cdxgen,64,2.1.0,pkg:pypi/ghp-import@2.1.0,verified,SHA-256:9c535c4c61193c2df8871222567d7fd7e5014d835f97dc7b7439069e2413d343,no_matching_semantic_proposal
GT-0211,repository_url,pypi,PY-01,gitpython,sboms_validation/cdxgen/PY-01_fastapi_cyclonedx.json,cdxgen,66,3.1.50,pkg:pypi/gitpython@3.1.50,verified,https://github.com/gitpython-developers/GitPython,no_matching_semantic_proposal
GT-0211,hash_values,pypi,PY-01,gitpython,sboms_validation/cdxgen/PY-01_fastapi_cyclonedx.json,cdxgen,66,3.1.50,pkg:pypi/gitpython@3.1.50,verified,SHA-256:80da2d12504d52e1f998772dc5baf6e553f8d2fcfe1fcc226c9d9a2ee3372dcc,no_matching_semantic_proposal
GT-0212,repository_url,pypi,PY-01,google-auth,sboms_validation/cdxgen/PY-01_fastapi_cyclonedx.json,cdxgen,67,2.49.2,pkg:pypi/google-auth@2.49.2,verified,https://github.com/googleapis/google-auth-library-python,no_matching_semantic_proposal
GT-0212,hash_values,pypi,PY-01,google-auth,sboms_validation/cdxgen/PY-01_fastapi_cyclonedx.json,cdxgen,67,2.49.2,pkg:pypi/google-auth@2.49.2,verified,SHA-256:c1ae38500e73065dcae57355adb6278cf8b5c8e391994ae9cbadbcb9631ab409,no_matching_semantic_proposal
GT-0213,license,pypi,PY-01,google-genai,sboms_validation/cdxgen/PY-01_fastapi_cyclonedx.json,cdxgen,68,1.73.1,pkg:pypi/google-genai@1.73.1,verified,Apache-2.0,no_matching_semantic_proposal
GT-0213,repository_url,pypi,PY-01,google-genai,sboms_validation/cdxgen/PY-01_fastapi_cyclonedx.json,cdxgen,68,1.73.1,pkg:pypi/google-genai@1.73.1,verified,https://github.com/googleapis/python-genai,no_matching_semantic_proposal
GT-0213,hash_values,pypi,PY-01,google-genai,sboms_validation/cdxgen/PY-01_fastapi_cyclonedx.json,cdxgen,68,1.73.1,pkg:pypi/google-genai@1.73.1,verified,SHA-256:b637e3a3b9e2eccc46f27136d470165803de84eca52abfed2e7352081a4d5a15,no_matching_semantic_proposal
GT-0214,license,pypi,PY-01,googleapis-common-protos,sboms_validation/cdxgen/PY-01_fastapi_cyclonedx.json,cdxgen,69,1.72.0,pkg:pypi/googleapis-common-protos@1.72.0,verified,Apache-2.0,no_matching_semantic_proposal
GT-0214,hash_values,pypi,PY-01,googleapis-common-protos,sboms_validation/cdxgen/PY-01_fastapi_cyclonedx.json,cdxgen,69,1.72.0,pkg:pypi/googleapis-common-protos@1.72.0,verified,SHA-256:e55a601c1b32b52d7a3e65f43563e2aa61bcd737998ee672ac9b951cd49319f5,no_matching_semantic_proposal
GT-0215,repository_url,pypi,PY-01,graphql-core,sboms_validation/cdxgen/PY-01_fastapi_cyclonedx.json,cdxgen,70,3.2.7,pkg:pypi/graphql-core@3.2.7,verified,https://github.com/graphql-python/graphql-core,no_matching_semantic_proposal
GT-0215,hash_values,pypi,PY-01,graphql-core,sboms_validation/cdxgen/PY-01_fastapi_cyclonedx.json,cdxgen,70,3.2.7,pkg:pypi/graphql-core@3.2.7,verified,SHA-256:27b6904bdd3b43f2a0556dad5d579bdfdeab1f38e8e8788e555bdcb586a6f62c,no_matching_semantic_proposal
GT-0216,license,pypi,PY-01,greenlet,sboms_validation/cdxgen/PY-01_fastapi_cyclonedx.json,cdxgen,71,3.3.1,pkg:pypi/greenlet@3.3.1,verified,MIT AND Python-2.0,no_matching_semantic_proposal
GT-0216,hash_values,pypi,PY-01,greenlet,sboms_validation/cdxgen/PY-01_fastapi_cyclonedx.json,cdxgen,71,3.3.1,pkg:pypi/greenlet@3.3.1,verified,SHA-256:41848f3230b58c08bb43dee542e74a2a2e34d3c59dc3076cec9151aeeedcae98,no_matching_semantic_proposal
GT-0217,license,pypi,PY-01,griffe-typingdoc,sboms_validation/cdxgen/PY-01_fastapi_cyclonedx.json,cdxgen,72,0.3.1,pkg:pypi/griffe-typingdoc@0.3.1,verified,ISC,no_matching_semantic_proposal
GT-0217,hash_values,pypi,PY-01,griffe-typingdoc,sboms_validation/cdxgen/PY-01_fastapi_cyclonedx.json,cdxgen,72,0.3.1,pkg:pypi/griffe-typingdoc@0.3.1,verified,SHA-256:2ff4703115cb7f8a65b9fdcdd1f3c3a15f813b6554621b52eaad094c4782ce96,no_matching_semantic_proposal
GT-0218,license,pypi,PY-01,griffe-warnings-deprecated,sboms_validation/cdxgen/PY-01_fastapi_cyclonedx.json,cdxgen,73,1.1.1,pkg:pypi/griffe-warnings-deprecated@1.1.1,verified,ISC,no_matching_semantic_proposal
GT-0218,hash_values,pypi,PY-01,griffe-warnings-deprecated,sboms_validation/cdxgen/PY-01_fastapi_cyclonedx.json,cdxgen,73,1.1.1,pkg:pypi/griffe-warnings-deprecated@1.1.1,verified,SHA-256:9261369bf2acb8b5d24a0dc7895cce788208513d4349031d4ea315b979b2e99f,no_matching_semantic_proposal
GT-0219,repository_url,pypi,PY-01,h11,sboms_validation/cdxgen/PY-01_fastapi_cyclonedx.json,cdxgen,77,0.16.0,pkg:pypi/h11@0.16.0,verified,https://github.com/python-hyper/h11,no_matching_semantic_proposal
GT-0219,hash_values,pypi,PY-01,h11,sboms_validation/cdxgen/PY-01_fastapi_cyclonedx.json,cdxgen,77,0.16.0,pkg:pypi/h11@0.16.0,verified,SHA-256:4e35b956cf45792e4caa5885e69fba00bdbc6ffafbfa020300e549b208ee5ff1,no_matching_semantic_proposal
GT-0220,hash_values,pypi,PY-04,httpbin,sboms_validation/cdxgen/PY-04_requests_cyclonedx.json,cdxgen,4,0.10.0,pkg:pypi/httpbin@0.10.0,verified,SHA-256:da26a922636bcdd1a07b30c726597cc4be85d160ee387e0f87bb519cffec9a1c,no_matching_semantic_proposal
GT-0221,hash_values,pypi,PY-01,httpcore,sboms_validation/cdxgen/PY-01_fastapi_cyclonedx.json,cdxgen,79,1.0.9,pkg:pypi/httpcore@1.0.9,verified,SHA-256:6e34463af53fd2ab5d807f399a9b45ea31c3dfa2276f15a2c3f00afff6e176e8,no_matching_semantic_proposal
GT-0222,hash_values,pypi,PY-01,httpcore2,sboms_validation/cdxgen/PY-01_fastapi_cyclonedx.json,cdxgen,80,2.4.0,pkg:pypi/httpcore2@2.4.0,verified,SHA-256:3093a8ab8980d9f910b9cb4351df9186a0ad2350a6284a9107ac9a362a584422,no_matching_semantic_proposal
GT-0223,license,pypi,PY-01,httptools,sboms_validation/cdxgen/PY-01_fastapi_cyclonedx.json,cdxgen,81,0.7.1,pkg:pypi/httptools@0.7.1,verified,MIT,no_matching_semantic_proposal
GT-0223,repository_url,pypi,PY-01,httptools,sboms_validation/cdxgen/PY-01_fastapi_cyclonedx.json,cdxgen,81,0.7.1,pkg:pypi/httptools@0.7.1,verified,https://github.com/MagicStack/httptools,no_matching_semantic_proposal
GT-0223,hash_values,pypi,PY-01,httptools,sboms_validation/cdxgen/PY-01_fastapi_cyclonedx.json,cdxgen,81,0.7.1,pkg:pypi/httptools@0.7.1,verified,SHA-256:abd72556974f8e7c74a259655924a717a2365b236c882c3f6f8a45fe94703ac9,no_matching_semantic_proposal
GT-0224,hash_values,pypi,PY-01,httpx,sboms_validation/cdxgen/PY-01_fastapi_cyclonedx.json,cdxgen,82,0.28.1,pkg:pypi/httpx@0.28.1,verified,SHA-256:75e98c5f16b0f35b567856f597f06ff2270a374470a5c2392242528e3e3e42fc,no_matching_semantic_proposal
GT-0225,repository_url,pypi,PY-01,httpx-sse,sboms_validation/cdxgen/PY-01_fastapi_cyclonedx.json,cdxgen,83,0.4.3,pkg:pypi/httpx-sse@0.4.3,verified,https://github.com/florimondmanca/httpx-sse,no_matching_semantic_proposal
GT-0225,hash_values,pypi,PY-01,httpx-sse,sboms_validation/cdxgen/PY-01_fastapi_cyclonedx.json,cdxgen,83,0.4.3,pkg:pypi/httpx-sse@0.4.3,verified,SHA-256:9b1ed0127459a66014aec3c56bebd93da3c1bc8bb6618c8082039a44889a755d,no_matching_semantic_proposal
GT-0226,hash_values,pypi,PY-01,httpx2,sboms_validation/cdxgen/PY-01_fastapi_cyclonedx.json,cdxgen,84,2.4.0,pkg:pypi/httpx2@2.4.0,verified,SHA-256:32e0734b61eb0824b3f56a9e98d6d92d381a3ef12c0045aa917ee63df6c411ef,no_matching_semantic_proposal
GT-0227,repository_url,pypi,PY-01,huggingface-hub,sboms_validation/cdxgen/PY-01_fastapi_cyclonedx.json,cdxgen,85,1.4.1,pkg:pypi/huggingface-hub@1.4.1,verified,https://github.com/huggingface/huggingface_hub,no_matching_semantic_proposal
GT-0227,hash_values,pypi,PY-01,huggingface-hub,sboms_validation/cdxgen/PY-01_fastapi_cyclonedx.json,cdxgen,85,1.4.1,pkg:pypi/huggingface-hub@1.4.1,verified,SHA-256:b41131ec35e631e7383ab26d6146b8d8972abc8b6309b963b306fbcca87f5ed5,no_matching_semantic_proposal
GT-0228,license,pypi,PY-01,idna,sboms_validation/cdxgen/PY-01_fastapi_cyclonedx.json,cdxgen,86,3.18,pkg:pypi/idna@3.18,verified,BSD-3-Clause,no_matching_semantic_proposal
GT-0228,hash_values,pypi,PY-01,idna,sboms_validation/cdxgen/PY-01_fastapi_cyclonedx.json,cdxgen,86,3.18,pkg:pypi/idna@3.18,verified,SHA-256:ffb385a7e039654cef1ab9ef32c6fafe283c0c0467bba1d9029738ce4a14a848,no_matching_semantic_proposal
GT-0229,license,pypi,PY-01,iniconfig,sboms_validation/cdxgen/PY-01_fastapi_cyclonedx.json,cdxgen,88,2.3.0,pkg:pypi/iniconfig@2.3.0,verified,MIT,no_matching_semantic_proposal
GT-0229,repository_url,pypi,PY-01,iniconfig,sboms_validation/cdxgen/PY-01_fastapi_cyclonedx.json,cdxgen,88,2.3.0,pkg:pypi/iniconfig@2.3.0,verified,https://github.com/pytest-dev/iniconfig,no_matching_semantic_proposal
GT-0229,hash_values,pypi,PY-01,iniconfig,sboms_validation/cdxgen/PY-01_fastapi_cyclonedx.json,cdxgen,88,2.3.0,pkg:pypi/iniconfig@2.3.0,verified,SHA-256:c76315c77db068650d49c5b56314774a7804df16fee4402c1f19d6d15d8c4730,no_matching_semantic_proposal
GT-0230,hash_values,pypi,PY-01,itsdangerous,sboms_validation/cdxgen/PY-01_fastapi_cyclonedx.json,cdxgen,90,2.2.0,pkg:pypi/itsdangerous@2.2.0,verified,SHA-256:e0050c0b7da1eea53ffaf149c0cfbb5c6e2e2b69c4bef22c81fa6eb73e5f6173,no_matching_semantic_proposal
GT-0231,repository_url,pypi,PY-01,jieba,sboms_validation/cdxgen/PY-01_fastapi_cyclonedx.json,cdxgen,95,0.42.1,pkg:pypi/jieba@0.42.1,verified,https://github.com/fxsjy/jieba,no_matching_semantic_proposal
GT-0232,license,pypi,PY-02,jinja2,sboms_validation/cdxgen/PY-02_django_cyclonedx.json,cdxgen,217,UNRESOLVED — no version specified in source SBOM,pkg:pypi/jinja2,verified,BSD-3-Clause,no_matching_semantic_proposal
GT-0232,supplier,pypi,PY-02,jinja2,sboms_validation/cdxgen/PY-02_django_cyclonedx.json,cdxgen,217,UNRESOLVED — no version specified in source SBOM,pkg:pypi/jinja2,verified,Pallets (fiscally sponsored by the Python Software Foundation),no_matching_semantic_proposal
GT-0232,repository_url,pypi,PY-02,jinja2,sboms_validation/cdxgen/PY-02_django_cyclonedx.json,cdxgen,217,UNRESOLVED — no version specified in source SBOM,pkg:pypi/jinja2,verified,https://github.com/pallets/jinja,no_matching_semantic_proposal
GT-0233,hash_values,pypi,MAV-03,jinja2,sboms_validation/cdxgen/MAV-03_flink_cyclonedx.json,cdxgen,1681,3.0.3,pkg:pypi/jinja2@3.0.3,verified,SHA-256:611bb273cd68f3b993fabdc4064fc858c5b47a973cb5aa7999ec1ba405c87cd7,no_matching_semantic_proposal
GT-0234,license,pypi,PY-01,jiter,sboms_validation/cdxgen/PY-01_fastapi_cyclonedx.json,cdxgen,97,0.13.0,pkg:pypi/jiter@0.13.0,verified,MIT,no_matching_semantic_proposal
GT-0234,repository_url,pypi,PY-01,jiter,sboms_validation/cdxgen/PY-01_fastapi_cyclonedx.json,cdxgen,97,0.13.0,pkg:pypi/jiter@0.13.0,verified,https://github.com/pydantic/jiter,no_matching_semantic_proposal
GT-0234,hash_values,pypi,PY-01,jiter,sboms_validation/cdxgen/PY-01_fastapi_cyclonedx.json,cdxgen,97,0.13.0,pkg:pypi/jiter@0.13.0,verified,SHA-256:f2839f9c2c7e2dffc1bc5929a510e14ce0a946be9365fd1219e7ef342dae14f4,no_matching_semantic_proposal
GT-0235,license,pypi,PY-03,joblib,sboms_validation/cdxgen/PY-03_scikit_learn_cyclonedx.json,cdxgen,12,UNRESOLVED — no version specified in source SBOM (latest is 1.6.0),pkg:pypi/joblib,verified,BSD-3-Clause,no_matching_semantic_proposal
GT-0235,repository_url,pypi,PY-03,joblib,sboms_validation/cdxgen/PY-03_scikit_learn_cyclonedx.json,cdxgen,12,UNRESOLVED — no version specified in source SBOM (latest is 1.6.0),pkg:pypi/joblib,verified,https://github.com/joblib/joblib,no_matching_semantic_proposal
GT-0236,hash_values,pypi,PY-01,jsonschema-path,sboms_validation/cdxgen/PY-01_fastapi_cyclonedx.json,cdxgen,103,0.3.4,pkg:pypi/jsonschema-path@0.3.4,verified,SHA-256:8365356039f16cc65fddffafda5f58766e34bebab7d6d105616ab52bc4297001,no_matching_semantic_proposal
GT-0237,license,pypi,PY-01,jsonschema-specifications,sboms_validation/cdxgen/PY-01_fastapi_cyclonedx.json,cdxgen,104,2025.9.1,pkg:pypi/jsonschema-specifications@2025.9.1,verified,MIT,no_matching_semantic_proposal
GT-0237,hash_values,pypi,PY-01,jsonschema-specifications,sboms_validation/cdxgen/PY-01_fastapi_cyclonedx.json,cdxgen,104,2025.9.1,pkg:pypi/jsonschema-specifications@2025.9.1,verified,SHA-256:b540987f239e745613c7a9176f3edb72b832a4ac465cf02712288397832b5e8d,no_matching_semantic_proposal
GT-0238,license,pypi,PY-01,keyring,sboms_validation/cdxgen/PY-01_fastapi_cyclonedx.json,cdxgen,105,25.7.0,pkg:pypi/keyring@25.7.0,verified,MIT,no_matching_semantic_proposal
GT-0238,hash_values,pypi,PY-01,keyring,sboms_validation/cdxgen/PY-01_fastapi_cyclonedx.json,cdxgen,105,25.7.0,pkg:pypi/keyring@25.7.0,verified,SHA-256:fe01bd85eb3f8fb3dd0405defdeac9a5b4f6f0439edbb3149577f244a2e8245b,no_matching_semantic_proposal
GT-0239,license,pypi,PY-01,markdown,sboms_validation/cdxgen/PY-01_fastapi_cyclonedx.json,cdxgen,109,3.10.1,pkg:pypi/markdown@3.10.1,verified,BSD-3-Clause,no_matching_semantic_proposal
GT-0239,hash_values,pypi,PY-01,markdown,sboms_validation/cdxgen/PY-01_fastapi_cyclonedx.json,cdxgen,109,3.10.1,pkg:pypi/markdown@3.10.1,verified,SHA-256:1c19c10bd5c14ac948c53d0d762a04e2fa35a6d58a6b7b1e6bfcbe6fefc0001a,no_matching_semantic_proposal
GT-0240,license,pypi,MAV-03,markupsafe,sboms_validation/cdxgen/MAV-03_flink_cyclonedx.json,cdxgen,1682,3.0.3,pkg:pypi/markupsafe@3.0.3,verified,BSD-3-Clause,no_matching_semantic_proposal
GT-0240,hash_values,pypi,MAV-03,markupsafe,sboms_validation/cdxgen/MAV-03_flink_cyclonedx.json,cdxgen,1682,3.0.3,pkg:pypi/markupsafe@3.0.3,verified,SHA-256:722695808f4b6457b320fdc131280796bdceb04ab50fe1795cd540799ebe1698,no_matching_semantic_proposal
GT-0241,hash_values,pypi,PY-01,mcp,sboms_validation/cdxgen/PY-01_fastapi_cyclonedx.json,cdxgen,113,1.26.0,pkg:pypi/mcp@1.26.0,verified,SHA-256:db6e2ef491eecc1a0d93711a76f28dec2e05999f93afd48795da1c1137142c66,no_matching_semantic_proposal
GT-0242,repository_url,pypi,PY-01,mdx-include,sboms_validation/cdxgen/PY-01_fastapi_cyclonedx.json,cdxgen,115,1.4.2,pkg:pypi/mdx-include@1.4.2,verified,https://github.com/neurobin/mdx_include,no_matching_semantic_proposal
GT-0242,hash_values,pypi,PY-01,mdx-include,sboms_validation/cdxgen/PY-01_fastapi_cyclonedx.json,cdxgen,115,1.4.2,pkg:pypi/mdx-include@1.4.2,verified,SHA-256:992f9fbc492b5cf43f7d8cb4b90b52a4e4c5fdd7fd04570290a83eea5c84f297,no_matching_semantic_proposal
GT-0243,hash_values,pypi,PY-01,mistralai,sboms_validation/cdxgen/PY-01_fastapi_cyclonedx.json,cdxgen,117,2.4.1,pkg:pypi/mistralai@2.4.1,verified,SHA-256:9aad8270b3085e84a1a88b07a7824aa6b97ee8470baee1a57f23a3f2b17b286c,no_matching_semantic_proposal
GT-0244,hash_values,pypi,MAV-03,mistune,sboms_validation/cdxgen/MAV-03_flink_cyclonedx.json,cdxgen,1683,2.0.5,pkg:pypi/mistune@2.0.5,verified,SHA-256:0246113cb2492db875c6be56974a7c893333bf26cd92891c85f63151cee09d34,no_matching_semantic_proposal
GT-0245,license,pypi,PY-01,mkdocstrings,sboms_validation/cdxgen/PY-01_fastapi_cyclonedx.json,cdxgen,121,1.0.4,pkg:pypi/mkdocstrings@1.0.4,verified,ISC,no_matching_semantic_proposal
GT-0245,hash_values,pypi,PY-01,mkdocstrings,sboms_validation/cdxgen/PY-01_fastapi_cyclonedx.json,cdxgen,121,1.0.4,pkg:pypi/mkdocstrings@1.0.4,verified,SHA-256:3969a6515b77db65fd097b53c1b7aa4ae840bd71a2ee62a6a3e89503446d7172,no_matching_semantic_proposal
GT-0246,license,pypi,PY-01,mkdocstrings-python,sboms_validation/cdxgen/PY-01_fastapi_cyclonedx.json,cdxgen,122,2.0.3,pkg:pypi/mkdocstrings-python@2.0.3,verified,ISC,no_matching_semantic_proposal
GT-0246,hash_values,pypi,PY-01,mkdocstrings-python,sboms_validation/cdxgen/PY-01_fastapi_cyclonedx.json,cdxgen,122,2.0.3,pkg:pypi/mkdocstrings-python@2.0.3,verified,SHA-256:c518632751cc869439b31c9d3177678ad2bfa5c21b79b863956ad68fc92c13b8,no_matching_semantic_proposal
GT-0247,license,pypi,PY-01,mypy,sboms_validation/cdxgen/PY-01_fastapi_cyclonedx.json,cdxgen,125,2.1.0,pkg:pypi/mypy@2.1.0,verified,MIT,no_matching_semantic_proposal
GT-0247,hash_values,pypi,PY-01,mypy,sboms_validation/cdxgen/PY-01_fastapi_cyclonedx.json,cdxgen,125,2.1.0,pkg:pypi/mypy@2.1.0,verified,SHA-256:81e76ad12c2d804512e9b13240d1588316531bfba07558286078bfbce9613633,no_matching_semantic_proposal
GT-0248,license,pypi,PY-03,narwhals,sboms_validation/cdxgen/PY-03_scikit_learn_cyclonedx.json,cdxgen,13,UNRESOLVED — no version specified in source SBOM,pkg:pypi/narwhals,verified,MIT,no_matching_semantic_proposal
GT-0248,repository_url,pypi,PY-03,narwhals,sboms_validation/cdxgen/PY-03_scikit_learn_cyclonedx.json,cdxgen,13,UNRESOLVED — no version specified in source SBOM,pkg:pypi/narwhals,verified,https://github.com/narwhals-dev/narwhals,no_matching_semantic_proposal
GT-0249,license,pypi,PY-03,narwhals,sboms_validation/syft/PY-03_scikit_learn_cyclonedx.json,syft,52,2.0.1,pkg:pypi/narwhals@2.0.1,verified,MIT,no_matching_semantic_proposal
GT-0249,hash_values,pypi,PY-03,narwhals,sboms_validation/syft/PY-03_scikit_learn_cyclonedx.json,syft,52,2.0.1,pkg:pypi/narwhals@2.0.1,verified,SHA-256:235e61ca807bc21110ca36a4d53888ecc22c42dcdf50a7c886e10dde3fd7f38c,no_matching_semantic_proposal
GT-0250,hash_values,pypi,PY-01,openai,sboms_validation/cdxgen/PY-01_fastapi_cyclonedx.json,cdxgen,128,2.32.0,pkg:pypi/openai@2.32.0,verified,SHA-256:c54b27a9e4cb8d51f0dd94972ffd1a04437efeb259a9e60d8922b8bd26fe55e0,no_matching_semantic_proposal
GT-0251,hash_values,pypi,PY-01,openapi-pydantic,sboms_validation/cdxgen/PY-01_fastapi_cyclonedx.json,cdxgen,129,0.5.1,pkg:pypi/openapi-pydantic@0.5.1,verified,SHA-256:ff6835af6bde7a459fb93eb93bb92b8749b754fc6e51b2f1590a19dc3005ee0d,no_matching_semantic_proposal
GT-0252,license,pypi,PY-01,opentelemetry-api,sboms_validation/cdxgen/PY-01_fastapi_cyclonedx.json,cdxgen,130,1.39.1,pkg:pypi/opentelemetry-api@1.39.1,verified,Apache-2.0,no_matching_semantic_proposal
GT-0252,hash_values,pypi,PY-01,opentelemetry-api,sboms_validation/cdxgen/PY-01_fastapi_cyclonedx.json,cdxgen,130,1.39.1,pkg:pypi/opentelemetry-api@1.39.1,verified,SHA-256:fbde8c80e1b937a2c61f20347e91c0c18a1940cecf012d62e65a7caf08967c9c,no_matching_semantic_proposal
GT-0253,hash_values,pypi,PY-01,opentelemetry-instrumentation-httpx,sboms_validation/cdxgen/PY-01_fastapi_cyclonedx.json,cdxgen,134,0.60b1,pkg:pypi/opentelemetry-instrumentation-httpx@0.60b1,verified,SHA-256:a506ebaf28c60112cbe70ad4f0338f8603f148938cb7b6794ce1051cd2b270ae,no_matching_semantic_proposal
GT-0254,license,pypi,PY-01,opentelemetry-sdk,sboms_validation/cdxgen/PY-01_fastapi_cyclonedx.json,cdxgen,136,1.39.1,pkg:pypi/opentelemetry-sdk@1.39.1,verified,Apache-2.0,no_matching_semantic_proposal
GT-0254,hash_values,pypi,PY-01,opentelemetry-sdk,sboms_validation/cdxgen/PY-01_fastapi_cyclonedx.json,cdxgen,136,1.39.1,pkg:pypi/opentelemetry-sdk@1.39.1,verified,SHA-256:cf4d4563caf7bff906c9f7967e2be22d0d6b349b908be0d90fb21c8e9c995cc6,no_matching_semantic_proposal
GT-0255,license,pypi,PY-01,opentelemetry-semantic-conventions,sboms_validation/cdxgen/PY-01_fastapi_cyclonedx.json,cdxgen,137,0.60b1,pkg:pypi/opentelemetry-semantic-conventions@0.60b1,verified,Apache-2.0,no_matching_semantic_proposal
GT-0255,hash_values,pypi,PY-01,opentelemetry-semantic-conventions,sboms_validation/cdxgen/PY-01_fastapi_cyclonedx.json,cdxgen,137,0.60b1,pkg:pypi/opentelemetry-semantic-conventions@0.60b1,verified,SHA-256:87c228b5a0669b748c76d76df6c364c369c28f1c465e50f661e39737e84bc953,no_matching_semantic_proposal
GT-0256,license,pypi,PY-02,oracledb,sboms_validation/cdxgen/PY-02_django_cyclonedx.json,cdxgen,232,UNRESOLVED — no version specified in source SBOM (latest is 4.0.2),pkg:pypi/oracledb,verified,UPL-1.0 OR Apache-2.0,no_matching_semantic_proposal
GT-0256,supplier,pypi,PY-02,oracledb,sboms_validation/cdxgen/PY-02_django_cyclonedx.json,cdxgen,232,UNRESOLVED — no version specified in source SBOM (latest is 4.0.2),pkg:pypi/oracledb,verified,Oracle Corporation,no_matching_semantic_proposal
GT-0256,repository_url,pypi,PY-02,oracledb,sboms_validation/cdxgen/PY-02_django_cyclonedx.json,cdxgen,232,UNRESOLVED — no version specified in source SBOM (latest is 4.0.2),pkg:pypi/oracledb,verified,https://github.com/oracle/python-oracledb,no_matching_semantic_proposal
GT-0257,repository_url,pypi,PY-01,outcome,sboms_validation/cdxgen/PY-01_fastapi_cyclonedx.json,cdxgen,139,1.3.0.post0,pkg:pypi/outcome@1.3.0.post0,verified,https://github.com/python-trio/outcome,no_matching_semantic_proposal
GT-0257,hash_values,pypi,PY-01,outcome,sboms_validation/cdxgen/PY-01_fastapi_cyclonedx.json,cdxgen,139,1.3.0.post0,pkg:pypi/outcome@1.3.0.post0,verified,SHA-256:9dcf02e65f2971b80047b377468e72a268e15c0af3cf1238e6ff14f7f91143b8,no_matching_semantic_proposal
GT-0258,license,pypi,PY-01,packaging,sboms_validation/cdxgen/PY-01_fastapi_cyclonedx.json,cdxgen,140,25.0,pkg:pypi/packaging@25.0,verified,Apache-2.0 OR BSD License,no_matching_semantic_proposal
GT-0258,hash_values,pypi,PY-01,packaging,sboms_validation/cdxgen/PY-01_fastapi_cyclonedx.json,cdxgen,140,25.0,pkg:pypi/packaging@25.0,verified,SHA-256:d443872c98d677bf60f6a1f2f8c1cb748e8fe762d2bf9d3148b5599295b0fc4f,no_matching_semantic_proposal
GT-0259,hash_values,pypi,PY-01,pathable,sboms_validation/cdxgen/PY-01_fastapi_cyclonedx.json,cdxgen,141,0.4.4,pkg:pypi/pathable@0.4.4,verified,SHA-256:6905a3cd17804edfac7875b5f6c9142a218c7caef78693c2dbbbfbac186d88b2,no_matching_semantic_proposal
GT-0260,license,pypi,PY-01,pillow,sboms_validation/cdxgen/PY-01_fastapi_cyclonedx.json,cdxgen,143,12.2.0,pkg:pypi/pillow@12.2.0,verified,MIT-CMU,no_matching_semantic_proposal
GT-0260,hash_values,pypi,PY-01,pillow,sboms_validation/cdxgen/PY-01_fastapi_cyclonedx.json,cdxgen,143,12.2.0,pkg:pypi/pillow@12.2.0,verified,SHA-256:a830b1a40919539d07806aa58e1b114df53ddd43213d9c8b75847eee6c0182b5,no_matching_semantic_proposal
GT-0261,license,pypi,PY-01,playwright,sboms_validation/cdxgen/PY-01_fastapi_cyclonedx.json,cdxgen,145,1.60.0,pkg:pypi/playwright@1.60.0,verified,Apache-2.0,no_matching_semantic_proposal
GT-0261,repository_url,pypi,PY-01,playwright,sboms_validation/cdxgen/PY-01_fastapi_cyclonedx.json,cdxgen,145,1.60.0,pkg:pypi/playwright@1.60.0,verified,https://github.com/microsoft/playwright-python,no_matching_semantic_proposal
GT-0261,hash_values,pypi,PY-01,playwright,sboms_validation/cdxgen/PY-01_fastapi_cyclonedx.json,cdxgen,145,1.60.0,pkg:pypi/playwright@1.60.0,verified,SHA-256(macosx_10_13_x86_64):6a8cd0fec171fb3089e95e898c8bc8a6f35dea0b78b399e12fcc19427e91b1d7; SHA-256(macosx_11_0_arm64):39b5420ba6145045b69ced4c5c47d4d9fe5bddfc8ff816c518913afcb25ec7a5; SHA-256(macosx_11_0_universal2):2581d0e6a3392c71f91b27460c7fd093356818dc430f48153896c8aeeaef7705; SHA-256(manylinux1_x86_64):1c2bfae7884fb3fb05b853290eab8f343d524e5016f2f1def702acbbdf14c93e; SHA-256(manylinux_aarch64):43e66564125ee31b07a58cefb21e256d62d67d8d1713e6858df7a3019d8ed353; SHA-256(win32):ec94e416ea320711e0ad4bf185dcbf41833672961e90773e1885255d7db7b7e7; SHA-256(win_amd64):9566821ce6030a1f9e7146a24e19355ab0d98805fd0f9be50bb3d8fef1750c02; SHA-256(win_arm64):6e4f6700a4c2250efff8e690a81d66e3855754fb587b6b87cf5c784014f91537,no_matching_semantic_proposal
GT-0262,license,pypi,PY-01,prek,sboms_validation/cdxgen/PY-01_fastapi_cyclonedx.json,cdxgen,147,0.4.5,pkg:pypi/prek@0.4.5,verified,MIT,no_matching_semantic_proposal
GT-0262,hash_values,pypi,PY-01,prek,sboms_validation/cdxgen/PY-01_fastapi_cyclonedx.json,cdxgen,147,0.4.5,pkg:pypi/prek@0.4.5,verified,SHA-256:2be7bcf839de19a0144ed5a5aadf73bc5899cf6823bb1c58cf1d45ae389c201a,no_matching_semantic_proposal
GT-0263,repository_url,pypi,PY-01,prompt-toolkit,sboms_validation/cdxgen/PY-01_fastapi_cyclonedx.json,cdxgen,148,3.0.52,pkg:pypi/prompt-toolkit@3.0.52,verified,https://github.com/prompt-toolkit/python-prompt-toolkit,no_matching_semantic_proposal
GT-0263,hash_values,pypi,PY-01,prompt-toolkit,sboms_validation/cdxgen/PY-01_fastapi_cyclonedx.json,cdxgen,148,3.0.52,pkg:pypi/prompt-toolkit@3.0.52,verified,SHA-256:28cde192929c8e7321de85de1ddbe736f1375148b02f2e17edd840042b1be855,no_matching_semantic_proposal
GT-0264,repository_url,pypi,PY-01,propcache,sboms_validation/cdxgen/PY-01_fastapi_cyclonedx.json,cdxgen,149,0.4.1,pkg:pypi/propcache@0.4.1,verified,https://github.com/aio-libs/propcache,no_matching_semantic_proposal
GT-0264,hash_values,pypi,PY-01,propcache,sboms_validation/cdxgen/PY-01_fastapi_cyclonedx.json,cdxgen,149,0.4.1,pkg:pypi/propcache@0.4.1,verified,SHA-256:f48107a8c637e80362555f37ecf49abe20370e557cc4ab374f04ec4423c97c3d,no_matching_semantic_proposal
GT-0265,hash_values,pypi,PY-01,protobuf,sboms_validation/cdxgen/PY-01_fastapi_cyclonedx.json,cdxgen,150,6.33.5,pkg:pypi/protobuf@6.33.5,verified,SHA-256:6ddcac2a081f8b7b9642c09406bc6a4290128fce5f471cddd165960bb9119e5c,no_matching_semantic_proposal
GT-0266,hash_values,pypi,MAV-03,py4j,sboms_validation/syft/MAV-03_flink_cyclonedx.json,syft,478,0.10.9.7,pkg:pypi/py4j@0.10.9.7,verified,SHA-256:0b6e5315bb3ada5cf62ac651d107bb2ebc02def3dee9d9548e3baac644ea8dbb,no_matching_semantic_proposal
GT-0267,hash_values,pypi,PY-01,pyasn1,sboms_validation/cdxgen/PY-01_fastapi_cyclonedx.json,cdxgen,154,0.6.3,pkg:pypi/pyasn1@0.6.3,verified,SHA-256:697a8ecd6d98891189184ca1fa05d1bb00e2f84b5977c481452050549c8a72cf,no_matching_semantic_proposal
GT-0268,license,pypi,PY-01,pydantic,sboms_validation/cdxgen/PY-01_fastapi_cyclonedx.json,cdxgen,157,2.13.4,pkg:pypi/pydantic@2.13.4,verified,MIT,no_matching_semantic_proposal
GT-0268,hash_values,pypi,PY-01,pydantic,sboms_validation/cdxgen/PY-01_fastapi_cyclonedx.json,cdxgen,157,2.13.4,pkg:pypi/pydantic@2.13.4,verified,SHA-256:c40756b57adaa8b1efeeced5c196f3f3b7c435f90e84ea7f443901bec8099ef6,no_matching_semantic_proposal
GT-0269,license,pypi,PY-01,pydantic-ai,sboms_validation/cdxgen/PY-01_fastapi_cyclonedx.json,cdxgen,158,1.107.0,pkg:pypi/pydantic-ai@1.107.0,verified,MIT,no_matching_semantic_proposal
GT-0269,hash_values,pypi,PY-01,pydantic-ai,sboms_validation/cdxgen/PY-01_fastapi_cyclonedx.json,cdxgen,158,1.107.0,pkg:pypi/pydantic-ai@1.107.0,verified,SHA-256:254496d18451b2750a4dddc2591c6c42f25dd223d02ca4252812ab06e75f1044,no_matching_semantic_proposal
GT-0270,hash_values,pypi,PY-01,pydantic-ai-slim,sboms_validation/cdxgen/PY-01_fastapi_cyclonedx.json,cdxgen,159,1.107.0,pkg:pypi/pydantic-ai-slim@1.107.0,verified,SHA-256:4616f689a92fcfecfecf2a7af27aca22f139a873cf6d7a8929eaeee9c0eedbb4,no_matching_semantic_proposal
GT-0271,license,pypi,PY-01,pydantic-core,sboms_validation/cdxgen/PY-01_fastapi_cyclonedx.json,cdxgen,160,2.46.4,pkg:pypi/pydantic-core@2.46.4,verified,MIT,no_matching_semantic_proposal
GT-0271,hash_values,pypi,PY-01,pydantic-core,sboms_validation/cdxgen/PY-01_fastapi_cyclonedx.json,cdxgen,160,2.46.4,pkg:pypi/pydantic-core@2.46.4,verified,SHA-256:62f875393d7f270851f20523dd2e29f082bcc82292d66db2b64ea71f64b6e1c1,no_matching_semantic_proposal
GT-0272,hash_values,pypi,PY-01,pydantic-evals,sboms_validation/cdxgen/PY-01_fastapi_cyclonedx.json,cdxgen,161,1.107.0,pkg:pypi/pydantic-evals@1.107.0,verified,SHA-256:153378eda4847d48ca5e6b995e6221e5f0e4f4641771a1eed244fa2065923b27,no_matching_semantic_proposal
GT-0273,hash_values,pypi,PY-01,pydantic-graph,sboms_validation/cdxgen/PY-01_fastapi_cyclonedx.json,cdxgen,163,1.107.0,pkg:pypi/pydantic-graph@1.107.0,verified,SHA-256:278dd89b3e33f3a2963ac949f27a53aef705c5d883a8ce5d06d23e6e3cfbd972,no_matching_semantic_proposal
GT-0274,hash_values,pypi,PY-01,pydantic-handlebars,sboms_validation/cdxgen/PY-01_fastapi_cyclonedx.json,cdxgen,164,0.1.0,pkg:pypi/pydantic-handlebars@0.1.0,verified,SHA-256:1931c54946add1b5e3796c9bf6a005ed7662cef0109bb05c352f0b3d031a1260,no_matching_semantic_proposal
GT-0275,hash_values,pypi,PY-01,pydantic-settings,sboms_validation/cdxgen/PY-01_fastapi_cyclonedx.json,cdxgen,165,2.14.2,pkg:pypi/pydantic-settings@2.14.2,verified,SHA-256:c19dd64b19097f1de80184f0cc7b0272a13ae6e170cbf240a3e27e381ed14a5f,no_matching_semantic_proposal
GT-0276,hash_values,pypi,MAV-03,pydata-sphinx-theme,sboms_validation/cdxgen/MAV-03_flink_cyclonedx.json,cdxgen,1685,0.11.0,pkg:pypi/pydata-sphinx-theme@0.11.0,verified,SHA-256:5fb1751d68a4b8574f817296e925132835281332616eb2839ddac4ef4503cd99,no_matching_semantic_proposal
GT-0277,hash_values,pypi,PY-01,pyee,sboms_validation/cdxgen/PY-01_fastapi_cyclonedx.json,cdxgen,166,13.0.0,pkg:pypi/pyee@13.0.0,verified,SHA-256:b391e3c5a434d1f5118a25615001dbc8f669cf410ab67d04c4d4e07c55481c37,no_matching_semantic_proposal
GT-0278,license,pypi,MAV-03,pyflink-docs,sboms_validation/syft/MAV-03_flink_cyclonedx.json,syft,480,0.1.0,pkg:pypi/pyflink-docs@0.1.0,verified,Apache-2.0,no_matching_semantic_proposal
GT-0278,supplier,pypi,MAV-03,pyflink-docs,sboms_validation/syft/MAV-03_flink_cyclonedx.json,syft,480,0.1.0,pkg:pypi/pyflink-docs@0.1.0,verified,Apache Software Foundation,no_matching_semantic_proposal
GT-0278,repository_url,pypi,MAV-03,pyflink-docs,sboms_validation/syft/MAV-03_flink_cyclonedx.json,syft,480,0.1.0,pkg:pypi/pyflink-docs@0.1.0,verified,https://github.com/apache/flink,no_matching_semantic_proposal
GT-0279,license,pypi,PY-01,pygments,sboms_validation/cdxgen/PY-01_fastapi_cyclonedx.json,cdxgen,168,2.20.0,pkg:pypi/pygments@2.20.0,verified,BSD-2-Clause,no_matching_semantic_proposal
GT-0279,hash_values,pypi,PY-01,pygments,sboms_validation/cdxgen/PY-01_fastapi_cyclonedx.json,cdxgen,168,2.20.0,pkg:pypi/pygments@2.20.0,verified,SHA-256:6757cd03768053ff99f3039c1a36d6c0aa0b263438fcab17520b30a303a82b5f,no_matching_semantic_proposal
GT-0280,license,pypi,PY-02,pylibmc,sboms_validation/cdxgen/PY-02_django_cyclonedx.json,cdxgen,220,UNRESOLVED — no version specified in source SBOM (latest is 1.6.3),pkg:pypi/pylibmc,verified,BSD-3-Clause,no_matching_semantic_proposal
GT-0280,repository_url,pypi,PY-02,pylibmc,sboms_validation/cdxgen/PY-02_django_cyclonedx.json,cdxgen,220,UNRESOLVED — no version specified in source SBOM (latest is 1.6.3),pkg:pypi/pylibmc,verified,https://github.com/lericson/pylibmc,no_matching_semantic_proposal
GT-0281,repository_url,pypi,PY-01,pymdown-extensions,sboms_validation/cdxgen/PY-01_fastapi_cyclonedx.json,cdxgen,170,10.21.3,pkg:pypi/pymdown-extensions@10.21.3,verified,https://github.com/facelessuser/pymdown-extensions,no_matching_semantic_proposal
GT-0281,hash_values,pypi,PY-01,pymdown-extensions,sboms_validation/cdxgen/PY-01_fastapi_cyclonedx.json,cdxgen,170,10.21.3,pkg:pypi/pymdown-extensions@10.21.3,verified,SHA-256:72cfcf55f07aea0d4af2c4f11dd4e52466ddfb1bb819673146398e0bd3a77354,no_matching_semantic_proposal
GT-0282,repository_url,pypi,PY-01,pynacl,sboms_validation/cdxgen/PY-01_fastapi_cyclonedx.json,cdxgen,171,1.6.2,pkg:pypi/pynacl@1.6.2,verified,https://github.com/pyca/pynacl,no_matching_semantic_proposal
GT-0282,hash_values,pypi,PY-01,pynacl,sboms_validation/cdxgen/PY-01_fastapi_cyclonedx.json,cdxgen,171,1.6.2,pkg:pypi/pynacl@1.6.2,verified,SHA-256:018494d6d696ae03c7e656e5e74cdfd8ea1326962cc401bcf018f1ed8436811c,no_matching_semantic_proposal
GT-0283,repository_url,pypi,PY-01,pyperclip,sboms_validation/cdxgen/PY-01_fastapi_cyclonedx.json,cdxgen,172,1.11.0,pkg:pypi/pyperclip@1.11.0,verified,https://github.com/asweigart/pyperclip,no_matching_semantic_proposal
GT-0283,hash_values,pypi,PY-01,pyperclip,sboms_validation/cdxgen/PY-01_fastapi_cyclonedx.json,cdxgen,172,1.11.0,pkg:pypi/pyperclip@1.11.0,verified,SHA-256:244035963e4428530d9e3a6101a1ef97209c6825edab1567beac148ccc1db1b6,no_matching_semantic_proposal
GT-0284,license,pypi,PY-01,pytest,sboms_validation/cdxgen/PY-01_fastapi_cyclonedx.json,cdxgen,173,9.1.1,pkg:pypi/pytest@9.1.1,verified,MIT,no_matching_semantic_proposal
GT-0284,hash_values,pypi,PY-01,pytest,sboms_validation/cdxgen/PY-01_fastapi_cyclonedx.json,cdxgen,173,9.1.1,pkg:pypi/pytest@9.1.1,verified,SHA-256:1088fbde8f2b49d95a549a195707afa7a76a3ce9bcadc26b6d71f0ffda5fe313,no_matching_semantic_proposal
GT-0285,hash_values,pypi,PY-01,pytest-codspeed,sboms_validation/cdxgen/PY-01_fastapi_cyclonedx.json,cdxgen,174,5.0.3,pkg:pypi/pytest-codspeed@5.0.3,verified,SHA-256:91afef90e6a96b013495e4702ef5d6358614a449e71008cdc194ef668778b92f,no_matching_semantic_proposal
GT-0286,repository_url,pypi,PY-03,pytest-cov,sboms_validation/cdxgen/PY-03_scikit_learn_cyclonedx.json,cdxgen,15,6.3.0,pkg:pypi/pytest-cov@6.3.0,verified,https://github.com/pytest-dev/pytest-cov,no_matching_semantic_proposal
GT-0286,hash_values,pypi,PY-03,pytest-cov,sboms_validation/cdxgen/PY-03_scikit_learn_cyclonedx.json,cdxgen,15,6.3.0,pkg:pypi/pytest-cov@6.3.0,verified,SHA-256:35c580e7800f87ce892e687461166e1ac2bcb8fb9e13aea79032518d6e503ff2,no_matching_semantic_proposal
GT-0287,repository_url,pypi,PY-01,pytest-cov,sboms_validation/cdxgen/PY-01_fastapi_cyclonedx.json,cdxgen,175,7.1.0,pkg:pypi/pytest-cov@7.1.0,verified,https://github.com/pytest-dev/pytest-cov,no_matching_semantic_proposal
GT-0287,hash_values,pypi,PY-01,pytest-cov,sboms_validation/cdxgen/PY-01_fastapi_cyclonedx.json,cdxgen,175,7.1.0,pkg:pypi/pytest-cov@7.1.0,verified,SHA-256:30674f2b5f6351aa09702a9c8c364f6a01c27aae0c1366ae8016160d1efc56b2,no_matching_semantic_proposal
GT-0288,repository_url,pypi,PY-04,pytest-httpbin,sboms_validation/syft/PY-04_requests_cyclonedx.json,syft,19,2.1.0,pkg:pypi/pytest-httpbin@2.1.0,verified,https://github.com/kevin1024/pytest-httpbin,no_matching_semantic_proposal
GT-0288,hash_values,pypi,PY-04,pytest-httpbin,sboms_validation/syft/PY-04_requests_cyclonedx.json,syft,19,2.1.0,pkg:pypi/pytest-httpbin@2.1.0,verified,SHA-256:d40579838443228327f9fe4f08d9338bee8885c29fe933e5f2d58c20a26c33c6,no_matching_semantic_proposal
GT-0289,repository_url,pypi,PY-01,pytest-sugar,sboms_validation/cdxgen/PY-01_fastapi_cyclonedx.json,cdxgen,176,1.1.1,pkg:pypi/pytest-sugar@1.1.1,verified,https://github.com/Teemu/pytest-sugar,no_matching_semantic_proposal
GT-0289,hash_values,pypi,PY-01,pytest-sugar,sboms_validation/cdxgen/PY-01_fastapi_cyclonedx.json,cdxgen,176,1.1.1,pkg:pypi/pytest-sugar@1.1.1,verified,SHA-256:73b8b65163ebf10f9f671efab9eed3d56f20d2ca68bda83fa64740a92c08f65d,no_matching_semantic_proposal
GT-0290,license,pypi,PY-01,pytest-xdist,sboms_validation/cdxgen/PY-01_fastapi_cyclonedx.json,cdxgen,178,3.8.0,pkg:pypi/pytest-xdist@3.8.0,verified,MIT,no_matching_semantic_proposal
GT-0290,hash_values,pypi,PY-01,pytest-xdist,sboms_validation/cdxgen/PY-01_fastapi_cyclonedx.json,cdxgen,178,3.8.0,pkg:pypi/pytest-xdist@3.8.0,verified,SHA-256:7e578125ec9bc6050861aa93f2d59f1d8d085595d6551c2c90b6f4fad8d3a9f1,no_matching_semantic_proposal
GT-0291,hash_values,pypi,PY-01,python-dateutil,sboms_validation/cdxgen/PY-01_fastapi_cyclonedx.json,cdxgen,179,2.9.0.post0,pkg:pypi/python-dateutil@2.9.0.post0,verified,SHA-256:37dd54208da7e1cd875388217d5e00ebd4179249f90fb72437e91a35459a0ad3,no_matching_semantic_proposal
GT-0292,license,pypi,PY-01,python-slugify,sboms_validation/cdxgen/PY-01_fastapi_cyclonedx.json,cdxgen,182,8.0.4,pkg:pypi/python-slugify@8.0.4,verified,MIT,no_matching_semantic_proposal
GT-0292,repository_url,pypi,PY-01,python-slugify,sboms_validation/cdxgen/PY-01_fastapi_cyclonedx.json,cdxgen,182,8.0.4,pkg:pypi/python-slugify@8.0.4,verified,https://github.com/un33k/python-slugify,no_matching_semantic_proposal
GT-0292,hash_values,pypi,PY-01,python-slugify,sboms_validation/cdxgen/PY-01_fastapi_cyclonedx.json,cdxgen,182,8.0.4,pkg:pypi/python-slugify@8.0.4,verified,SHA-256:59202371d1d05b54a9e7720c5e038f928f45daaffe41dd10822f3907b937c856,no_matching_semantic_proposal
GT-0293,license,pypi,PY-02,pywatchman,sboms_validation/cdxgen/PY-02_django_cyclonedx.json,cdxgen,222,UNRESOLVED — no version specified in source SBOM (latest is 4.0.0),pkg:pypi/pywatchman,verified,MIT,no_matching_semantic_proposal
GT-0293,supplier,pypi,PY-02,pywatchman,sboms_validation/cdxgen/PY-02_django_cyclonedx.json,cdxgen,222,UNRESOLVED — no version specified in source SBOM (latest is 4.0.0),pkg:pypi/pywatchman,verified,"Meta Platforms, Inc. (Facebook Open Source)",no_matching_semantic_proposal
GT-0293,repository_url,pypi,PY-02,pywatchman,sboms_validation/cdxgen/PY-02_django_cyclonedx.json,cdxgen,222,UNRESOLVED — no version specified in source SBOM (latest is 4.0.0),pkg:pypi/pywatchman,verified,https://github.com/facebook/watchman,no_matching_semantic_proposal
GT-0294,repository_url,pypi,PY-01,pywin32-ctypes,sboms_validation/cdxgen/PY-01_fastapi_cyclonedx.json,cdxgen,185,0.2.3,pkg:pypi/pywin32-ctypes@0.2.3,verified,https://github.com/enthought/pywin32-ctypes,no_matching_semantic_proposal
GT-0294,hash_values,pypi,PY-01,pywin32-ctypes,sboms_validation/cdxgen/PY-01_fastapi_cyclonedx.json,cdxgen,185,0.2.3,pkg:pypi/pywin32-ctypes@0.2.3,verified,SHA-256:d162dc04946d704503b2edc4d55f3dba5c1d539ead017afa00142c38b9885755,no_matching_semantic_proposal
GT-0295,license,pypi,PY-02,PyYAML,sboms_validation/cdxgen/PY-02_django_cyclonedx.json,cdxgen,223,UNRESOLVED — no version specified in source SBOM,pkg:pypi/pyyaml,verified,MIT,no_matching_semantic_proposal
GT-0295,repository_url,pypi,PY-02,PyYAML,sboms_validation/cdxgen/PY-02_django_cyclonedx.json,cdxgen,223,UNRESOLVED — no version specified in source SBOM,pkg:pypi/pyyaml,verified,https://github.com/yaml/pyyaml,no_matching_semantic_proposal
GT-0296,hash_values,pypi,PY-01,pyyaml,sboms_validation/cdxgen/PY-01_fastapi_cyclonedx.json,cdxgen,186,6.0.3,pkg:pypi/pyyaml@6.0.3,verified,SHA-256:d76623373421df22fb4cf8817020cbb7ef15c725b9d5e45f17e189bfc384190f,no_matching_semantic_proposal
GT-0297,license,pypi,PY-01,pyyaml-env-tag,sboms_validation/cdxgen/PY-01_fastapi_cyclonedx.json,cdxgen,187,1.1,pkg:pypi/pyyaml-env-tag@1.1,verified,MIT,no_matching_semantic_proposal
GT-0297,hash_values,pypi,PY-01,pyyaml-env-tag,sboms_validation/cdxgen/PY-01_fastapi_cyclonedx.json,cdxgen,187,1.1,pkg:pypi/pyyaml-env-tag@1.1,verified,SHA-256:2eb38b75a2d21ee0475d6d97ec19c63287a7e140231e4214969d0eac923cd7ff,no_matching_semantic_proposal
GT-0298,license,pypi,PY-01,referencing,sboms_validation/cdxgen/PY-01_fastapi_cyclonedx.json,cdxgen,189,0.36.2,pkg:pypi/referencing@0.36.2,verified,MIT,no_matching_semantic_proposal
GT-0298,hash_values,pypi,PY-01,referencing,sboms_validation/cdxgen/PY-01_fastapi_cyclonedx.json,cdxgen,189,0.36.2,pkg:pypi/referencing@0.36.2,verified,SHA-256:df2e89862cd09deabbdba16944cc3f10feb6b3e6f18e902f7cc25609a34775aa,no_matching_semantic_proposal
GT-0299,license,pypi,PY-01,regex,sboms_validation/cdxgen/PY-01_fastapi_cyclonedx.json,cdxgen,190,2026.1.15,pkg:pypi/regex@2026.1.15,verified,Apache-2.0 AND CNRI-Python,no_matching_semantic_proposal
GT-0299,repository_url,pypi,PY-01,regex,sboms_validation/cdxgen/PY-01_fastapi_cyclonedx.json,cdxgen,190,2026.1.15,pkg:pypi/regex@2026.1.15,verified,https://github.com/mrabarnett/mrab-regex,no_matching_semantic_proposal
GT-0299,hash_values,pypi,PY-01,regex,sboms_validation/cdxgen/PY-01_fastapi_cyclonedx.json,cdxgen,190,2026.1.15,pkg:pypi/regex@2026.1.15,verified,SHA-256:164759aa25575cbc0651bef59a0b18353e54300d79ace8084c818ad8ac72b7d5,no_matching_semantic_proposal
GT-0300,hash_values,pypi,MAV-03,requests,sboms_validation/cdxgen/MAV-03_flink_cyclonedx.json,cdxgen,1687,2.32.5,pkg:pypi/requests@2.32.5,verified,SHA-256:dbba0bac56e100853db0ea71b82b4dfd5fe2bf6d3754a8893c3af500cec7d7cf,no_matching_semantic_proposal
GT-0301,hash_values,pypi,PY-01,requests,sboms_validation/cdxgen/PY-01_fastapi_cyclonedx.json,cdxgen,191,2.33.0,pkg:pypi/requests@2.33.0,verified,SHA-256:c7ebc5e8b0f21837386ad0e1c8fe8b829fa5f544d8df3b2253bff14ef29d7652,no_matching_semantic_proposal
GT-0302,repository_url,pypi,PY-01,rich,sboms_validation/cdxgen/PY-01_fastapi_cyclonedx.json,cdxgen,192,14.3.2,pkg:pypi/rich@14.3.2,verified,https://github.com/Textualize/rich,no_matching_semantic_proposal
GT-0302,hash_values,pypi,PY-01,rich,sboms_validation/cdxgen/PY-01_fastapi_cyclonedx.json,cdxgen,192,14.3.2,pkg:pypi/rich@14.3.2,verified,SHA-256:e712f11c1a562a11843306f5ed999475f09ac31ffb64281f73ab29ffdda8b3b8,no_matching_semantic_proposal
GT-0303,license,pypi,PY-01,rich-rst,sboms_validation/cdxgen/PY-01_fastapi_cyclonedx.json,cdxgen,193,1.3.2,pkg:pypi/rich-rst@1.3.2,verified,MIT,no_matching_semantic_proposal
GT-0303,hash_values,pypi,PY-01,rich-rst,sboms_validation/cdxgen/PY-01_fastapi_cyclonedx.json,cdxgen,193,1.3.2,pkg:pypi/rich-rst@1.3.2,verified,SHA-256:a1196fdddf1e364b02ec68a05e8ff8f6914fee10fbca2e6b6735f166bb0da8d4,no_matching_semantic_proposal
GT-0304,license,pypi,PY-02,selenium,sboms_validation/cdxgen/PY-02_django_cyclonedx.json,cdxgen,225,UNRESOLVED — no version specified in source SBOM (latest is 4.49.0),pkg:pypi/selenium,verified,Apache-2.0,no_matching_semantic_proposal
GT-0304,supplier,pypi,PY-02,selenium,sboms_validation/cdxgen/PY-02_django_cyclonedx.json,cdxgen,225,UNRESOLVED — no version specified in source SBOM (latest is 4.49.0),pkg:pypi/selenium,verified,Software Freedom Conservancy,no_matching_semantic_proposal
GT-0304,repository_url,pypi,PY-02,selenium,sboms_validation/cdxgen/PY-02_django_cyclonedx.json,cdxgen,225,UNRESOLVED — no version specified in source SBOM (latest is 4.49.0),pkg:pypi/selenium,verified,https://github.com/SeleniumHQ/selenium,no_matching_semantic_proposal
GT-0305,repository_url,pypi,PY-01,shellingham,sboms_validation/cdxgen/PY-01_fastapi_cyclonedx.json,cdxgen,201,1.5.4,pkg:pypi/shellingham@1.5.4,verified,https://github.com/sarugaku/shellingham,no_matching_semantic_proposal
GT-0305,hash_values,pypi,PY-01,shellingham,sboms_validation/cdxgen/PY-01_fastapi_cyclonedx.json,cdxgen,201,1.5.4,pkg:pypi/shellingham@1.5.4,verified,SHA-256:8dbca0739d487e5bd35ab3ca4b36e11c4078f3a234bfce294b0a0291363404de,no_matching_semantic_proposal
GT-0306,repository_url,pypi,PY-01,six,sboms_validation/cdxgen/PY-01_fastapi_cyclonedx.json,cdxgen,202,1.17.0,pkg:pypi/six@1.17.0,verified,https://github.com/benjaminp/six,no_matching_semantic_proposal
GT-0306,hash_values,pypi,PY-01,six,sboms_validation/cdxgen/PY-01_fastapi_cyclonedx.json,cdxgen,202,1.17.0,pkg:pypi/six@1.17.0,verified,SHA-256:ff70335d468e7eb6ec65b95b99d3a2836546063f63acc5171de367e834932a81,no_matching_semantic_proposal
GT-0307,repository_url,pypi,PY-01,smmap,sboms_validation/cdxgen/PY-01_fastapi_cyclonedx.json,cdxgen,203,5.0.2,pkg:pypi/smmap@5.0.2,verified,https://github.com/gitpython-developers/smmap,no_matching_semantic_proposal
GT-0307,hash_values,pypi,PY-01,smmap,sboms_validation/cdxgen/PY-01_fastapi_cyclonedx.json,cdxgen,203,5.0.2,pkg:pypi/smmap@5.0.2,verified,SHA-256:26ea65a03958fa0c8a1c7e8c7a58fdc77221b8910f6be2131affade476898ad5,no_matching_semantic_proposal
GT-0308,hash_values,pypi,PY-01,smokeshow,sboms_validation/cdxgen/PY-01_fastapi_cyclonedx.json,cdxgen,204,0.5.0,pkg:pypi/smokeshow@0.5.0,verified,SHA-256:91dcabc29ac3116bff59b4d8a7bda4ae3ccc4c70742a38cec7127b8162e4a0f6,no_matching_semantic_proposal
GT-0309,repository_url,pypi,MAV-03,soupsieve,sboms_validation/cdxgen/MAV-03_flink_cyclonedx.json,cdxgen,1689,2.8.3,pkg:pypi/soupsieve@2.8.3,verified,https://github.com/facelessuser/soupsieve,no_matching_semantic_proposal
GT-0309,hash_values,pypi,MAV-03,soupsieve,sboms_validation/cdxgen/MAV-03_flink_cyclonedx.json,cdxgen,1689,2.8.3,pkg:pypi/soupsieve@2.8.3,verified,SHA-256:3267f1eeea4251fb42728b6dfb746edc9acaffc4a45b27e19450b676586e8349,no_matching_semantic_proposal
GT-0310,license,pypi,MAV-03,sphinx,sboms_validation/cdxgen/MAV-03_flink_cyclonedx.json,cdxgen,1690,4.5.0,pkg:pypi/sphinx@4.5.0,verified,BSD License,no_matching_semantic_proposal
GT-0310,hash_values,pypi,MAV-03,sphinx,sboms_validation/cdxgen/MAV-03_flink_cyclonedx.json,cdxgen,1690,4.5.0,pkg:pypi/sphinx@4.5.0,verified,SHA-256:7bf8ca9637a4ee15af412d1a1d9689fec70523a68ca9bb9127c2f3eeb344e2e6,no_matching_semantic_proposal
GT-0311,license,pypi,MAV-03,sphinx-intl,sboms_validation/cdxgen/MAV-03_flink_cyclonedx.json,cdxgen,1691,2.3.2,pkg:pypi/sphinx-intl@2.3.2,verified,BSD-2-Clause,no_matching_semantic_proposal
GT-0311,repository_url,pypi,MAV-03,sphinx-intl,sboms_validation/cdxgen/MAV-03_flink_cyclonedx.json,cdxgen,1691,2.3.2,pkg:pypi/sphinx-intl@2.3.2,verified,https://github.com/sphinx-doc/sphinx-intl,no_matching_semantic_proposal
GT-0311,hash_values,pypi,MAV-03,sphinx-intl,sboms_validation/cdxgen/MAV-03_flink_cyclonedx.json,cdxgen,1691,2.3.2,pkg:pypi/sphinx-intl@2.3.2,verified,SHA-256:04b0d8ea04d111a7ba278b17b7b3fe9625c58b6f8ffb78bb8a1dd1288d88c1c7,no_matching_semantic_proposal
GT-0312,repository_url,pypi,MAV-03,sphinx-mdinclude,sboms_validation/cdxgen/MAV-03_flink_cyclonedx.json,cdxgen,1692,0.5.3,pkg:pypi/sphinx-mdinclude@0.5.3,verified,https://github.com/omnilib/sphinx-mdinclude,no_matching_semantic_proposal
GT-0312,hash_values,pypi,MAV-03,sphinx-mdinclude,sboms_validation/cdxgen/MAV-03_flink_cyclonedx.json,cdxgen,1692,0.5.3,pkg:pypi/sphinx-mdinclude@0.5.3,verified,SHA-256:2998e3d18b3022c9983d1b72191fe37e25ffccd54165cbe3acb22cceedd91af4,no_matching_semantic_proposal
GT-0313,hash_values,pypi,MAV-03,sphinxcontrib-applehelp,sboms_validation/cdxgen/MAV-03_flink_cyclonedx.json,cdxgen,1693,1.0.4,pkg:pypi/sphinxcontrib-applehelp@1.0.4,verified,SHA-256:828f867945bbe39817c210a1abfd1bc4895c8b73fcaade56d45357a348a07d7e,no_matching_semantic_proposal
GT-0314,hash_values,pypi,MAV-03,sphinxcontrib-devhelp,sboms_validation/cdxgen/MAV-03_flink_cyclonedx.json,cdxgen,1694,1.0.2,pkg:pypi/sphinxcontrib-devhelp@1.0.2,verified,SHA-256:ff7f1afa7b9642e7060379360a67e9c41e8f3121f2ce9164266f61b9f4b338e4,no_matching_semantic_proposal
GT-0315,license,pypi,PY-02,sqlparse,sboms_validation/cdxgen/PY-02_django_cyclonedx.json,cdxgen,226,UNRESOLVED — no version specified in source SBOM (latest is 0.6.0),pkg:pypi/sqlparse,verified,BSD License,no_matching_semantic_proposal
GT-0315,repository_url,pypi,PY-02,sqlparse,sboms_validation/cdxgen/PY-02_django_cyclonedx.json,cdxgen,226,UNRESOLVED — no version specified in source SBOM (latest is 0.6.0),pkg:pypi/sqlparse,verified,https://github.com/andialbrecht/sqlparse,no_matching_semantic_proposal
GT-0316,license,pypi,PY-01,sse-starlette,sboms_validation/cdxgen/PY-01_fastapi_cyclonedx.json,cdxgen,209,3.2.0,pkg:pypi/sse-starlette@3.2.0,verified,BSD-3-Clause,no_matching_semantic_proposal
GT-0316,hash_values,pypi,PY-01,sse-starlette,sboms_validation/cdxgen/PY-01_fastapi_cyclonedx.json,cdxgen,209,3.2.0,pkg:pypi/sse-starlette@3.2.0,verified,SHA-256:8127594edfb51abe44eac9c49e59b0b01f1039d0c7461c6fd91d4e03b70da422,no_matching_semantic_proposal
GT-0317,license,pypi,PY-01,strawberry-graphql,sboms_validation/cdxgen/PY-01_fastapi_cyclonedx.json,cdxgen,211,0.319.0,pkg:pypi/strawberry-graphql@0.319.0,verified,MIT,no_matching_semantic_proposal
GT-0317,hash_values,pypi,PY-01,strawberry-graphql,sboms_validation/cdxgen/PY-01_fastapi_cyclonedx.json,cdxgen,211,0.319.0,pkg:pypi/strawberry-graphql@0.319.0,verified,SHA-256:e9afdfe2ca745b5337d3c4909ffd612e405105af6ffc21b1766a2b9848fcfd4f,no_matching_semantic_proposal
GT-0318,license,pypi,PY-02,tblib,sboms_validation/cdxgen/PY-02_django_cyclonedx.json,cdxgen,227,UNRESOLVED — no version specified in source SBOM (latest is 3.2.2),pkg:pypi/tblib,verified,BSD-2-Clause,no_matching_semantic_proposal
GT-0318,repository_url,pypi,PY-02,tblib,sboms_validation/cdxgen/PY-02_django_cyclonedx.json,cdxgen,227,UNRESOLVED — no version specified in source SBOM (latest is 3.2.2),pkg:pypi/tblib,verified,https://github.com/ionelmc/python-tblib,no_matching_semantic_proposal
GT-0319,hash_values,pypi,PY-01,temporalio,sboms_validation/cdxgen/PY-01_fastapi_cyclonedx.json,cdxgen,212,1.26.0,pkg:pypi/temporalio@1.26.0,verified,SHA-256:f4bfb35125e6f5e8c7f7ed1277c7354d812c6fac7ed5f8dbd50536cf289aaaa7,no_matching_semantic_proposal
GT-0320,repository_url,pypi,PY-01,tenacity,sboms_validation/cdxgen/PY-01_fastapi_cyclonedx.json,cdxgen,213,9.1.3,pkg:pypi/tenacity@9.1.3,verified,https://github.com/jd/tenacity,no_matching_semantic_proposal
GT-0320,hash_values,pypi,PY-01,tenacity,sboms_validation/cdxgen/PY-01_fastapi_cyclonedx.json,cdxgen,213,9.1.3,pkg:pypi/tenacity@9.1.3,verified,SHA-256:a6724c947aa717087e2531f883bde5c9188f603f6669a9b8d54eb998e604c12a,no_matching_semantic_proposal
GT-0321,license,pypi,PY-01,tomli,sboms_validation/cdxgen/PY-01_fastapi_cyclonedx.json,cdxgen,219,2.4.0,pkg:pypi/tomli@2.4.0,verified,MIT,no_matching_semantic_proposal
GT-0321,repository_url,pypi,PY-01,tomli,sboms_validation/cdxgen/PY-01_fastapi_cyclonedx.json,cdxgen,219,2.4.0,pkg:pypi/tomli@2.4.0,verified,https://github.com/hukkin/tomli,no_matching_semantic_proposal
GT-0321,hash_values,pypi,PY-01,tomli,sboms_validation/cdxgen/PY-01_fastapi_cyclonedx.json,cdxgen,219,2.4.0,pkg:pypi/tomli@2.4.0,verified,SHA-256:aa89c3f6c277dd275d8e243ad24f3b5e701491a860d5121f2cdd399fbb31fc9c,no_matching_semantic_proposal
GT-0322,license,pypi,PY-04,trustme,sboms_validation/cdxgen/PY-04_requests_cyclonedx.json,cdxgen,5,UNRESOLVED — no version specified in source SBOM (latest is 1.2.1),pkg:pypi/trustme,verified,MIT OR Apache-2.0,no_matching_semantic_proposal
GT-0322,repository_url,pypi,PY-04,trustme,sboms_validation/cdxgen/PY-04_requests_cyclonedx.json,cdxgen,5,UNRESOLVED — no version specified in source SBOM (latest is 1.2.1),pkg:pypi/trustme,verified,https://github.com/python-trio/trustme,no_matching_semantic_proposal
GT-0323,hash_values,pypi,PY-01,ty,sboms_validation/cdxgen/PY-01_fastapi_cyclonedx.json,cdxgen,223,0.0.52,pkg:pypi/ty@0.0.52,verified,SHA-256:f1191175429fea917f96f79a57773eb6e57b861ee97e9ad2d77cc7538f0f284b,no_matching_semantic_proposal
GT-0324,license,pypi,PY-01,typer,sboms_validation/cdxgen/PY-01_fastapi_cyclonedx.json,cdxgen,224,0.26.7,pkg:pypi/typer@0.26.7,verified,MIT,no_matching_semantic_proposal
GT-0324,hash_values,pypi,PY-01,typer,sboms_validation/cdxgen/PY-01_fastapi_cyclonedx.json,cdxgen,224,0.26.7,pkg:pypi/typer@0.26.7,verified,SHA-256:e314a34c617e419c091b2830dda3ea1f257134ff593061a8f5b9717ab8dddb3a,no_matching_semantic_proposal
GT-0325,license,pypi,PY-01,typer-slim,sboms_validation/cdxgen/PY-01_fastapi_cyclonedx.json,cdxgen,225,0.21.2,pkg:pypi/typer-slim@0.21.2,verified,MIT,no_matching_semantic_proposal
GT-0325,hash_values,pypi,PY-01,typer-slim,sboms_validation/cdxgen/PY-01_fastapi_cyclonedx.json,cdxgen,225,0.21.2,pkg:pypi/typer-slim@0.21.2,verified,SHA-256:78f20d793036a62aaf9c3798306142b08261d4b2a941c6e463081239f062a2f9,no_matching_semantic_proposal
GT-0326,license,pypi,PY-01,types-protobuf,sboms_validation/cdxgen/PY-01_fastapi_cyclonedx.json,cdxgen,226,6.32.1.20251210,pkg:pypi/types-protobuf@6.32.1.20251210,verified,Apache-2.0,no_matching_semantic_proposal
GT-0326,supplier,pypi,PY-01,types-protobuf,sboms_validation/cdxgen/PY-01_fastapi_cyclonedx.json,cdxgen,226,6.32.1.20251210,pkg:pypi/types-protobuf@6.32.1.20251210,verified,Python Software Foundation / Python typing community (typeshed),no_matching_semantic_proposal
GT-0326,repository_url,pypi,PY-01,types-protobuf,sboms_validation/cdxgen/PY-01_fastapi_cyclonedx.json,cdxgen,226,6.32.1.20251210,pkg:pypi/types-protobuf@6.32.1.20251210,verified,https://github.com/python/typeshed,no_matching_semantic_proposal
GT-0326,hash_values,pypi,PY-01,types-protobuf,sboms_validation/cdxgen/PY-01_fastapi_cyclonedx.json,cdxgen,226,6.32.1.20251210,pkg:pypi/types-protobuf@6.32.1.20251210,verified,SHA-256:c698bb3f020274b1a2798ae09dc773728ce3f75209a35187bd11916ebfde6763,no_matching_semantic_proposal
GT-0327,license,pypi,MAV-03,typing-extensions,sboms_validation/cdxgen/MAV-03_flink_cyclonedx.json,cdxgen,1699,4.15.0,pkg:pypi/typing-extensions@4.15.0,verified,PSF-2.0,no_matching_semantic_proposal
GT-0327,hash_values,pypi,MAV-03,typing-extensions,sboms_validation/cdxgen/MAV-03_flink_cyclonedx.json,cdxgen,1699,4.15.0,pkg:pypi/typing-extensions@4.15.0,verified,SHA-256:0cea48d173cc12fa28ecabc3b837ea3cf6f38c6d1136f85cbaaf598984861466,no_matching_semantic_proposal
GT-0328,license,pypi,PY-02,tzdata,sboms_validation/cdxgen/PY-02_django_cyclonedx.json,cdxgen,228,UNRESOLVED — no version specified in source SBOM (latest is 2026.3),pkg:pypi/tzdata,verified,Apache-2.0,no_matching_semantic_proposal
GT-0328,supplier,pypi,PY-02,tzdata,sboms_validation/cdxgen/PY-02_django_cyclonedx.json,cdxgen,228,UNRESOLVED — no version specified in source SBOM (latest is 2026.3),pkg:pypi/tzdata,verified,Python Software Foundation,no_matching_semantic_proposal
GT-0328,repository_url,pypi,PY-02,tzdata,sboms_validation/cdxgen/PY-02_django_cyclonedx.json,cdxgen,228,UNRESOLVED — no version specified in source SBOM (latest is 2026.3),pkg:pypi/tzdata,verified,https://github.com/python/tzdata,no_matching_semantic_proposal
GT-0329,license,pypi,PY-01,uvicorn,sboms_validation/cdxgen/PY-01_fastapi_cyclonedx.json,cdxgen,232,0.40.0,pkg:pypi/uvicorn@0.40.0,verified,BSD-3-Clause,no_matching_semantic_proposal
GT-0329,hash_values,pypi,PY-01,uvicorn,sboms_validation/cdxgen/PY-01_fastapi_cyclonedx.json,cdxgen,232,0.40.0,pkg:pypi/uvicorn@0.40.0,verified,SHA-256:839676675e87e73694518b5574fd0f24c9d97b46bea16df7b8c05ea1a51071ea,no_matching_semantic_proposal
GT-0330,repository_url,pypi,PY-01,uvloop,sboms_validation/cdxgen/PY-01_fastapi_cyclonedx.json,cdxgen,233,0.22.1,pkg:pypi/uvloop@0.22.1,verified,https://github.com/MagicStack/uvloop,no_matching_semantic_proposal
GT-0330,hash_values,pypi,PY-01,uvloop,sboms_validation/cdxgen/PY-01_fastapi_cyclonedx.json,cdxgen,233,0.22.1,pkg:pypi/uvloop@0.22.1,verified,SHA-256:6c84bae345b9147082b17371e3dd5d42775bddce91f885499017f4607fdaf39f,no_matching_semantic_proposal
GT-0331,license,pypi,PY-01,wcwidth,sboms_validation/cdxgen/PY-01_fastapi_cyclonedx.json,cdxgen,236,0.5.3,pkg:pypi/wcwidth@0.5.3,verified,MIT,no_matching_semantic_proposal
GT-0331,repository_url,pypi,PY-01,wcwidth,sboms_validation/cdxgen/PY-01_fastapi_cyclonedx.json,cdxgen,236,0.5.3,pkg:pypi/wcwidth@0.5.3,verified,https://github.com/jquast/wcwidth,no_matching_semantic_proposal
GT-0331,hash_values,pypi,PY-01,wcwidth,sboms_validation/cdxgen/PY-01_fastapi_cyclonedx.json,cdxgen,236,0.5.3,pkg:pypi/wcwidth@0.5.3,verified,SHA-256:53123b7af053c74e9fe2e92ac810301f6139e64379031f7124574212fb3b4091,no_matching_semantic_proposal
GT-0332,license,pypi,PY-01,websockets,sboms_validation/cdxgen/PY-01_fastapi_cyclonedx.json,cdxgen,238,15.0.1,pkg:pypi/websockets@15.0.1,verified,BSD-3-Clause,no_matching_semantic_proposal
GT-0332,repository_url,pypi,PY-01,websockets,sboms_validation/cdxgen/PY-01_fastapi_cyclonedx.json,cdxgen,238,15.0.1,pkg:pypi/websockets@15.0.1,verified,https://github.com/python-websockets/websockets,no_matching_semantic_proposal
GT-0332,hash_values,pypi,PY-01,websockets,sboms_validation/cdxgen/PY-01_fastapi_cyclonedx.json,cdxgen,238,15.0.1,pkg:pypi/websockets@15.0.1,verified,SHA-256:82544de02076bafba038ce055ee6412d68da13ab47f0c60cab827346de828dee,no_matching_semantic_proposal
GT-0333,license,pypi,PY-01,wrapt,sboms_validation/cdxgen/PY-01_fastapi_cyclonedx.json,cdxgen,240,1.17.3,pkg:pypi/wrapt@1.17.3,verified,BSD,no_matching_semantic_proposal
GT-0333,repository_url,pypi,PY-01,wrapt,sboms_validation/cdxgen/PY-01_fastapi_cyclonedx.json,cdxgen,240,1.17.3,pkg:pypi/wrapt@1.17.3,verified,https://github.com/GrahamDumpleton/wrapt,no_matching_semantic_proposal
GT-0333,hash_values,pypi,PY-01,wrapt,sboms_validation/cdxgen/PY-01_fastapi_cyclonedx.json,cdxgen,240,1.17.3,pkg:pypi/wrapt@1.17.3,verified,SHA-256:f66eb08feaa410fe4eebd17f2a2c8e2e46d3476e9f8c783daa8e09e0faa666d0,no_matching_semantic_proposal
GT-0334,repository_url,pypi,PY-01,yarl,sboms_validation/cdxgen/PY-01_fastapi_cyclonedx.json,cdxgen,242,1.22.0,pkg:pypi/yarl@1.22.0,verified,https://github.com/aio-libs/yarl,no_matching_semantic_proposal
GT-0334,hash_values,pypi,PY-01,yarl,sboms_validation/cdxgen/PY-01_fastapi_cyclonedx.json,cdxgen,242,1.22.0,pkg:pypi/yarl@1.22.0,verified,SHA-256:bebf8557577d4401ba8bd9ff33906f1376c877aa78d1fe216ad01b4d6745af71,no_matching_semantic_proposal
GT-0335,license,pypi,MAV-03,zipp,sboms_validation/cdxgen/MAV-03_flink_cyclonedx.json,cdxgen,1701,3.23.0,pkg:pypi/zipp@3.23.0,verified,MIT,no_matching_semantic_proposal
GT-0335,hash_values,pypi,MAV-03,zipp,sboms_validation/cdxgen/MAV-03_flink_cyclonedx.json,cdxgen,1701,3.23.0,pkg:pypi/zipp@3.23.0,verified,SHA-256:a07157588a12518c9d4034df3fbbee09c814741a33ff63c05fa29d26a2404166,no_matching_semantic_proposal
GT-0423,license,maven,MAV-02,commons-io,sboms_validation/syft/MAV-02_dubbo_cyclonedx.json,syft,55,2.22.0,pkg:maven/commons-io/commons-io@2.22.0,verified,Apache-2.0,no_matching_semantic_proposal
GT-0423,supplier,maven,MAV-02,commons-io,sboms_validation/syft/MAV-02_dubbo_cyclonedx.json,syft,55,2.22.0,pkg:maven/commons-io/commons-io@2.22.0,verified,Apache Software Foundation,no_matching_semantic_proposal
GT-0423,repository_url,maven,MAV-02,commons-io,sboms_validation/syft/MAV-02_dubbo_cyclonedx.json,syft,55,2.22.0,pkg:maven/commons-io/commons-io@2.22.0,verified,https://github.com/apache/commons-io,no_matching_semantic_proposal
GT-0424,supplier,maven,MAV-05,commons-logging,sboms_validation/syft/MAV-05_maven_cyclonedx.json,syft,651,1.0.3,pkg:maven/commons-logging/commons-logging@1.0.3,verified,Apache Software Foundation,no_matching_semantic_proposal
GT-0424,repository_url,maven,MAV-05,commons-logging,sboms_validation/syft/MAV-05_maven_cyclonedx.json,syft,651,1.0.3,pkg:maven/commons-logging/commons-logging@1.0.3,verified,https://github.com/apache/commons-logging,no_matching_semantic_proposal
GT-0426,license,maven,MAV-05,construct,sboms_validation/syft/MAV-05_maven_cyclonedx.json,syft,676,1.0,pkg:maven/org.ops4j.pax/construct@1.0,verified,Apache-2.0,no_matching_semantic_proposal
GT-0426,repository_url,maven,MAV-05,construct,sboms_validation/syft/MAV-05_maven_cyclonedx.json,syft,676,1.0,pkg:maven/org.ops4j.pax/construct@1.0,verified,https://github.com/ops4j/org.ops4j.pax.construct,no_matching_semantic_proposal
GT-0435,supplier,maven,MAV-02,dubbo-apache-release,sboms_validation/syft/MAV-02_dubbo_cyclonedx.json,syft,67,3.3.7-SNAPSHOT,pkg:maven/org.apache.dubbo/dubbo-apache-release@3.3.7-SNAPSHOT,verified,Apache Software Foundation,no_matching_semantic_proposal
GT-0435,repository_url,maven,MAV-02,dubbo-apache-release,sboms_validation/syft/MAV-02_dubbo_cyclonedx.json,syft,67,3.3.7-SNAPSHOT,pkg:maven/org.apache.dubbo/dubbo-apache-release@3.3.7-SNAPSHOT,verified,https://github.com/apache/dubbo,no_matching_semantic_proposal
GT-0436,license,maven,MAV-02,dubbo-demo-spring-boot-idl-consumer,sboms_validation/syft/MAV-02_dubbo_cyclonedx.json,syft,97,UNKNOWN,pkg:maven/org.apache.dubbo/dubbo-demo-spring-boot-idl-consumer,verified,Apache-2.0,no_matching_semantic_proposal
GT-0436,supplier,maven,MAV-02,dubbo-demo-spring-boot-idl-consumer,sboms_validation/syft/MAV-02_dubbo_cyclonedx.json,syft,97,UNKNOWN,pkg:maven/org.apache.dubbo/dubbo-demo-spring-boot-idl-consumer,verified,Apache Software Foundation,no_matching_semantic_proposal
GT-0436,repository_url,maven,MAV-02,dubbo-demo-spring-boot-idl-consumer,sboms_validation/syft/MAV-02_dubbo_cyclonedx.json,syft,97,UNKNOWN,pkg:maven/org.apache.dubbo/dubbo-demo-spring-boot-idl-consumer,verified,https://github.com/apache/dubbo,no_matching_semantic_proposal
GT-0437,license,maven,MAV-02,dubbo-qos,sboms_validation/cdxgen/MAV-02_dubbo_cyclonedx.json,cdxgen,67,N/A — no version specified in source SBOM,pkg:maven/org.apache.dubbo/dubbo-qos?type=jar,verified,Apache-2.0,no_matching_semantic_proposal
GT-0437,supplier,maven,MAV-02,dubbo-qos,sboms_validation/cdxgen/MAV-02_dubbo_cyclonedx.json,cdxgen,67,N/A — no version specified in source SBOM,pkg:maven/org.apache.dubbo/dubbo-qos?type=jar,verified,Apache Software Foundation,no_matching_semantic_proposal
GT-0437,repository_url,maven,MAV-02,dubbo-qos,sboms_validation/cdxgen/MAV-02_dubbo_cyclonedx.json,cdxgen,67,N/A — no version specified in source SBOM,pkg:maven/org.apache.dubbo/dubbo-qos?type=jar,verified,https://github.com/apache/dubbo,no_matching_semantic_proposal
GT-0438,supplier,maven,MAV-02,dubbo-rest-openapi,sboms_validation/syft/MAV-02_dubbo_cyclonedx.json,syft,165,3.3.7-SNAPSHOT,pkg:maven/org.apache.dubbo/dubbo-rest-openapi@3.3.7-SNAPSHOT,verified,Apache Software Foundation,no_matching_semantic_proposal
GT-0438,repository_url,maven,MAV-02,dubbo-rest-openapi,sboms_validation/syft/MAV-02_dubbo_cyclonedx.json,syft,165,3.3.7-SNAPSHOT,pkg:maven/org.apache.dubbo/dubbo-rest-openapi@3.3.7-SNAPSHOT,verified,https://github.com/apache/dubbo,no_matching_semantic_proposal
GT-0439,supplier,maven,MAV-02,dubbo-serialization-fastjson2,sboms_validation/syft/MAV-02_dubbo_cyclonedx.json,syft,182,3.3.7-SNAPSHOT,pkg:maven/org.apache.dubbo/dubbo-serialization-fastjson2@3.3.7-SNAPSHOT,verified,Apache Software Foundation,no_matching_semantic_proposal
GT-0439,repository_url,maven,MAV-02,dubbo-serialization-fastjson2,sboms_validation/syft/MAV-02_dubbo_cyclonedx.json,syft,182,3.3.7-SNAPSHOT,pkg:maven/org.apache.dubbo/dubbo-serialization-fastjson2@3.3.7-SNAPSHOT,verified,https://github.com/apache/dubbo,no_matching_semantic_proposal
GT-0440,supplier,maven,MAV-02,dubbo-spring-boot-actuator-autoconfigure,sboms_validation/syft/MAV-02_dubbo_cyclonedx.json,syft,189,3.3.7-SNAPSHOT,pkg:maven/org.apache.dubbo/dubbo-spring-boot-actuator-autoconfigure@3.3.7-SNAPSHOT,verified,Apache Software Foundation,no_matching_semantic_proposal
GT-0440,repository_url,maven,MAV-02,dubbo-spring-boot-actuator-autoconfigure,sboms_validation/syft/MAV-02_dubbo_cyclonedx.json,syft,189,3.3.7-SNAPSHOT,pkg:maven/org.apache.dubbo/dubbo-spring-boot-actuator-autoconfigure@3.3.7-SNAPSHOT,verified,https://github.com/apache/dubbo,no_matching_semantic_proposal
GT-0441,license,maven,MAV-02,dubbo-test-check,sboms_validation/cdxgen/MAV-02_dubbo_cyclonedx.json,cdxgen,31,N/A — no version specified in source SBOM,pkg:maven/org.apache.dubbo/dubbo-test-check?type=jar,verified,Apache-2.0,no_matching_semantic_proposal
GT-0441,supplier,maven,MAV-02,dubbo-test-check,sboms_validation/cdxgen/MAV-02_dubbo_cyclonedx.json,cdxgen,31,N/A — no version specified in source SBOM,pkg:maven/org.apache.dubbo/dubbo-test-check?type=jar,verified,Apache Software Foundation,no_matching_semantic_proposal
GT-0441,repository_url,maven,MAV-02,dubbo-test-check,sboms_validation/cdxgen/MAV-02_dubbo_cyclonedx.json,cdxgen,31,N/A — no version specified in source SBOM,pkg:maven/org.apache.dubbo/dubbo-test-check?type=jar,verified,https://github.com/apache/dubbo,no_matching_semantic_proposal
GT-0444,license,maven,MAV-03,flink-datastream-api,sboms_validation/cdxgen/MAV-03_flink_cyclonedx.json,cdxgen,1495,N/A — no version specified in source SBOM,pkg:maven/org.apache.flink/flink-datastream-api?type=jar,verified,Apache-2.0,no_matching_semantic_proposal
GT-0444,supplier,maven,MAV-03,flink-datastream-api,sboms_validation/cdxgen/MAV-03_flink_cyclonedx.json,cdxgen,1495,N/A — no version specified in source SBOM,pkg:maven/org.apache.flink/flink-datastream-api?type=jar,verified,Apache Software Foundation,no_matching_semantic_proposal
GT-0444,repository_url,maven,MAV-03,flink-datastream-api,sboms_validation/cdxgen/MAV-03_flink_cyclonedx.json,cdxgen,1495,N/A — no version specified in source SBOM,pkg:maven/org.apache.flink/flink-datastream-api?type=jar,verified,https://github.com/apache/flink,no_matching_semantic_proposal
GT-0445,license,maven,MAV-03,flink-external-resource-gpu,sboms_validation/cdxgen/MAV-03_flink_cyclonedx.json,cdxgen,1630,N/A — no version specified in source SBOM,pkg:maven/org.apache.flink/flink-external-resource-gpu?type=jar,verified,Apache-2.0,no_matching_semantic_proposal
GT-0445,supplier,maven,MAV-03,flink-external-resource-gpu,sboms_validation/cdxgen/MAV-03_flink_cyclonedx.json,cdxgen,1630,N/A — no version specified in source SBOM,pkg:maven/org.apache.flink/flink-external-resource-gpu?type=jar,verified,Apache Software Foundation,no_matching_semantic_proposal
GT-0445,repository_url,maven,MAV-03,flink-external-resource-gpu,sboms_validation/cdxgen/MAV-03_flink_cyclonedx.json,cdxgen,1630,N/A — no version specified in source SBOM,pkg:maven/org.apache.flink/flink-external-resource-gpu?type=jar,verified,https://github.com/apache/flink,no_matching_semantic_proposal
GT-0446,supplier,maven,MAV-03,flink-shaded-guava,sboms_validation/syft/MAV-03_flink_cyclonedx.json,syft,277,33.5.0-jre-21.0,pkg:maven/org.apache.flink/flink-shaded-guava@33.5.0-jre-21.0,verified,Apache Software Foundation,no_matching_semantic_proposal
GT-0446,repository_url,maven,MAV-03,flink-shaded-guava,sboms_validation/syft/MAV-03_flink_cyclonedx.json,syft,277,33.5.0-jre-21.0,pkg:maven/org.apache.flink/flink-shaded-guava@33.5.0-jre-21.0,verified,https://github.com/apache/flink-shaded,no_matching_semantic_proposal
GT-0447,license,maven,MAV-03,flink-table-code-splitter,sboms_validation/cdxgen/MAV-03_flink_cyclonedx.json,cdxgen,1452,N/A — no version specified in source SBOM,pkg:maven/org.apache.flink/flink-table-code-splitter?type=jar,verified,Apache-2.0,no_matching_semantic_proposal
GT-0447,supplier,maven,MAV-03,flink-table-code-splitter,sboms_validation/cdxgen/MAV-03_flink_cyclonedx.json,cdxgen,1452,N/A — no version specified in source SBOM,pkg:maven/org.apache.flink/flink-table-code-splitter?type=jar,verified,Apache Software Foundation,no_matching_semantic_proposal
GT-0447,repository_url,maven,MAV-03,flink-table-code-splitter,sboms_validation/cdxgen/MAV-03_flink_cyclonedx.json,cdxgen,1452,N/A — no version specified in source SBOM,pkg:maven/org.apache.flink/flink-table-code-splitter?type=jar,verified,https://github.com/apache/flink,no_matching_semantic_proposal
GT-0448,license,maven,MAV-03,hadoop-aws,sboms_validation/cdxgen/MAV-03_flink_cyclonedx.json,cdxgen,1402,N/A — no version specified in source SBOM,pkg:maven/org.apache.hadoop/hadoop-aws?type=jar,verified,Apache-2.0,no_matching_semantic_proposal
GT-0448,supplier,maven,MAV-03,hadoop-aws,sboms_validation/cdxgen/MAV-03_flink_cyclonedx.json,cdxgen,1402,N/A — no version specified in source SBOM,pkg:maven/org.apache.hadoop/hadoop-aws?type=jar,verified,Apache Software Foundation,no_matching_semantic_proposal
GT-0448,repository_url,maven,MAV-03,hadoop-aws,sboms_validation/cdxgen/MAV-03_flink_cyclonedx.json,cdxgen,1402,N/A — no version specified in source SBOM,pkg:maven/org.apache.hadoop/hadoop-aws?type=jar,verified,https://github.com/apache/hadoop,no_matching_semantic_proposal
GT-0451,license,maven,MAV-02,jaxb-impl,sboms_validation/syft/MAV-02_dubbo_cyclonedx.json,syft,249,UNKNOWN,pkg:maven/com.sun.xml.bind/jaxb-impl,verified,BSD-3-Clause,no_matching_semantic_proposal
GT-0451,supplier,maven,MAV-02,jaxb-impl,sboms_validation/syft/MAV-02_dubbo_cyclonedx.json,syft,249,UNKNOWN,pkg:maven/com.sun.xml.bind/jaxb-impl,verified,Eclipse Foundation,no_matching_semantic_proposal
GT-0451,repository_url,maven,MAV-02,jaxb-impl,sboms_validation/syft/MAV-02_dubbo_cyclonedx.json,syft,249,UNKNOWN,pkg:maven/com.sun.xml.bind/jaxb-impl,verified,https://github.com/eclipse-ee4j/jaxb-ri,no_matching_semantic_proposal
GT-0453,license,maven,MAV-05,junit-jupiter-api,sboms_validation/syft/MAV-05_maven_cyclonedx.json,syft,1016,5.10.1,pkg:maven/org.junit.jupiter/junit-jupiter-api@5.10.1,verified,EPL-2.0,no_matching_semantic_proposal
GT-0453,repository_url,maven,MAV-05,junit-jupiter-api,sboms_validation/syft/MAV-05_maven_cyclonedx.json,syft,1016,5.10.1,pkg:maven/org.junit.jupiter/junit-jupiter-api@5.10.1,verified,https://github.com/junit-team/junit5,no_matching_semantic_proposal
GT-0454,license,maven,MAV-03,kryo,sboms_validation/cdxgen/MAV-03_flink_cyclonedx.json,cdxgen,1658,UNRESOLVED — no version specified in source SBOM,pkg:maven/com.esotericsoftware/kryo?type=jar,verified,BSD-3-Clause,no_matching_semantic_proposal
GT-0454,repository_url,maven,MAV-03,kryo,sboms_validation/cdxgen/MAV-03_flink_cyclonedx.json,cdxgen,1658,UNRESOLVED — no version specified in source SBOM,pkg:maven/com.esotericsoftware/kryo?type=jar,verified,https://github.com/EsotericSoftware/kryo,no_matching_semantic_proposal
GT-0463,license,maven,MAV-02,netty-handler-proxy,sboms_validation/syft/MAV-02_dubbo_cyclonedx.json,syft,293,UNKNOWN,pkg:maven/io.netty/netty-handler-proxy,verified,Apache-2.0,no_matching_semantic_proposal
GT-0463,repository_url,maven,MAV-02,netty-handler-proxy,sboms_validation/syft/MAV-02_dubbo_cyclonedx.json,syft,293,UNKNOWN,pkg:maven/io.netty/netty-handler-proxy,verified,https://github.com/netty/netty,no_matching_semantic_proposal
GT-0464,license,maven,MAV-03,netty-nio-client,sboms_validation/syft/MAV-03_flink_cyclonedx.json,syft,451,2.44.4,pkg:maven/software.amazon.awssdk/netty-nio-client@2.44.4,verified,Apache-2.0,no_matching_semantic_proposal
GT-0464,supplier,maven,MAV-03,netty-nio-client,sboms_validation/syft/MAV-03_flink_cyclonedx.json,syft,451,2.44.4,pkg:maven/software.amazon.awssdk/netty-nio-client@2.44.4,verified,"Amazon Web Services, Inc.",no_matching_semantic_proposal
GT-0464,repository_url,maven,MAV-03,netty-nio-client,sboms_validation/syft/MAV-03_flink_cyclonedx.json,syft,451,2.44.4,pkg:maven/software.amazon.awssdk/netty-nio-client@2.44.4,verified,https://github.com/aws/aws-sdk-java-v2,no_matching_semantic_proposal
GT-0470,license,maven,MAV-03,pekko-remote_${scala.binary.version},sboms_validation/cdxgen/MAV-03_flink_cyclonedx.json,cdxgen,1512,1.6.0,pkg:maven/org.apache.pekko/pekko-remote_%2524%257Bscala.binary.version%257D@1.6.0?type=jar,verified,Apache-2.0,no_matching_semantic_proposal
GT-0470,supplier,maven,MAV-03,pekko-remote_${scala.binary.version},sboms_validation/cdxgen/MAV-03_flink_cyclonedx.json,cdxgen,1512,1.6.0,pkg:maven/org.apache.pekko/pekko-remote_%2524%257Bscala.binary.version%257D@1.6.0?type=jar,verified,Apache Software Foundation,no_matching_semantic_proposal
GT-0470,repository_url,maven,MAV-03,pekko-remote_${scala.binary.version},sboms_validation/cdxgen/MAV-03_flink_cyclonedx.json,cdxgen,1512,1.6.0,pkg:maven/org.apache.pekko/pekko-remote_%2524%257Bscala.binary.version%257D@1.6.0?type=jar,verified,https://github.com/apache/pekko,no_matching_semantic_proposal
GT-0473,license,maven,MAV-03,scala-library,sboms_validation/syft/MAV-03_flink_cyclonedx.json,syft,495,2.12.21,pkg:maven/org.scala-lang/scala-library@2.12.21,verified,Apache-2.0,no_matching_semantic_proposal
GT-0473,supplier,maven,MAV-03,scala-library,sboms_validation/syft/MAV-03_flink_cyclonedx.json,syft,495,2.12.21,pkg:maven/org.scala-lang/scala-library@2.12.21,verified,LAMP/EPFL (École Polytechnique Fédérale de Lausanne),no_matching_semantic_proposal
GT-0473,repository_url,maven,MAV-03,scala-library,sboms_validation/syft/MAV-03_flink_cyclonedx.json,syft,495,2.12.21,pkg:maven/org.scala-lang/scala-library@2.12.21,verified,https://github.com/scala/scala,no_matching_semantic_proposal
GT-0474,license,maven,MAV-03,scala-reflect,sboms_validation/cdxgen/MAV-03_flink_cyclonedx.json,cdxgen,1474,UNRESOLVED — no version specified in source SBOM,pkg:maven/org.scala-lang/scala-reflect?type=jar,verified,Apache-2.0,no_matching_semantic_proposal
GT-0474,supplier,maven,MAV-03,scala-reflect,sboms_validation/cdxgen/MAV-03_flink_cyclonedx.json,cdxgen,1474,UNRESOLVED — no version specified in source SBOM,pkg:maven/org.scala-lang/scala-reflect?type=jar,verified,LAMP/EPFL (École Polytechnique Fédérale de Lausanne),no_matching_semantic_proposal
GT-0474,repository_url,maven,MAV-03,scala-reflect,sboms_validation/cdxgen/MAV-03_flink_cyclonedx.json,cdxgen,1474,UNRESOLVED — no version specified in source SBOM,pkg:maven/org.scala-lang/scala-reflect?type=jar,verified,https://github.com/scala/scala,no_matching_semantic_proposal
GT-0476,license,maven,MAV-02,spring-aop,sboms_validation/syft/MAV-02_dubbo_cyclonedx.json,syft,320,6.2.18,pkg:maven/org.springframework/spring-aop@6.2.18,verified,Apache-2.0,no_matching_semantic_proposal
GT-0476,supplier,maven,MAV-02,spring-aop,sboms_validation/syft/MAV-02_dubbo_cyclonedx.json,syft,320,6.2.18,pkg:maven/org.springframework/spring-aop@6.2.18,verified,"Broadcom Inc. (Spring team, formerly VMware/Pivotal)",no_matching_semantic_proposal
GT-0476,repository_url,maven,MAV-02,spring-aop,sboms_validation/syft/MAV-02_dubbo_cyclonedx.json,syft,320,6.2.18,pkg:maven/org.springframework/spring-aop@6.2.18,verified,https://github.com/spring-projects/spring-framework,no_matching_semantic_proposal
GT-0477,license,maven,MAV-01,spring-boot-devtools,sboms_validation/syft/MAV-01_spring_boot_cyclonedx.json,syft,446,@project.version@,pkg:maven/org.springframework.boot/spring-boot-devtools@%40project.version%40,verified,Apache-2.0,no_matching_semantic_proposal
GT-0477,supplier,maven,MAV-01,spring-boot-devtools,sboms_validation/syft/MAV-01_spring_boot_cyclonedx.json,syft,446,@project.version@,pkg:maven/org.springframework.boot/spring-boot-devtools@%40project.version%40,verified,"Broadcom Inc. (Spring team, formerly VMware/Pivotal)",no_matching_semantic_proposal
GT-0477,repository_url,maven,MAV-01,spring-boot-devtools,sboms_validation/syft/MAV-01_spring_boot_cyclonedx.json,syft,446,@project.version@,pkg:maven/org.springframework.boot/spring-boot-devtools@%40project.version%40,verified,https://github.com/spring-projects/spring-boot,no_matching_semantic_proposal
GT-0478,supplier,maven,MAV-01,spring-boot-maven-plugin,sboms_validation/syft/MAV-01_spring_boot_cyclonedx.json,syft,448,{{version}},pkg:maven/org.springframework.boot/spring-boot-maven-plugin@%7B%7Bversion%7D%7D,verified,"Broadcom Inc. (Spring team, formerly VMware/Pivotal)",no_matching_semantic_proposal
GT-0478,repository_url,maven,MAV-01,spring-boot-maven-plugin,sboms_validation/syft/MAV-01_spring_boot_cyclonedx.json,syft,448,{{version}},pkg:maven/org.springframework.boot/spring-boot-maven-plugin@%7B%7Bversion%7D%7D,verified,https://github.com/spring-projects/spring-boot,no_matching_semantic_proposal
GT-0479,license,maven,MAV-02,spring-boot-starter,sboms_validation/syft/MAV-02_dubbo_cyclonedx.json,syft,327,2.7.18,pkg:maven/org.springframework.boot/spring-boot-starter@2.7.18,verified,Apache-2.0,no_matching_semantic_proposal
GT-0479,supplier,maven,MAV-02,spring-boot-starter,sboms_validation/syft/MAV-02_dubbo_cyclonedx.json,syft,327,2.7.18,pkg:maven/org.springframework.boot/spring-boot-starter@2.7.18,verified,"Broadcom Inc. (Spring team, formerly VMware/Pivotal)",no_matching_semantic_proposal
GT-0479,repository_url,maven,MAV-02,spring-boot-starter,sboms_validation/syft/MAV-02_dubbo_cyclonedx.json,syft,327,2.7.18,pkg:maven/org.springframework.boot/spring-boot-starter@2.7.18,verified,https://github.com/spring-projects/spring-boot,no_matching_semantic_proposal
GT-0480,license,maven,MAV-02,spring-boot-starter,sboms_validation/syft/MAV-02_dubbo_cyclonedx.json,syft,328,3.5.14,pkg:maven/org.springframework.boot/spring-boot-starter@3.5.14,verified,Apache-2.0,no_matching_semantic_proposal
GT-0480,supplier,maven,MAV-02,spring-boot-starter,sboms_validation/syft/MAV-02_dubbo_cyclonedx.json,syft,328,3.5.14,pkg:maven/org.springframework.boot/spring-boot-starter@3.5.14,verified,"Broadcom Inc. (Spring team, formerly VMware/Pivotal)",no_matching_semantic_proposal
GT-0480,repository_url,maven,MAV-02,spring-boot-starter,sboms_validation/syft/MAV-02_dubbo_cyclonedx.json,syft,328,3.5.14,pkg:maven/org.springframework.boot/spring-boot-starter@3.5.14,verified,https://github.com/spring-projects/spring-boot,no_matching_semantic_proposal
GT-0481,license,maven,MAV-02,spring-security-oauth2-client,sboms_validation/syft/MAV-02_dubbo_cyclonedx.json,syft,350,UNKNOWN,pkg:maven/org.springframework.security/spring-security-oauth2-client,verified,Apache-2.0,no_matching_semantic_proposal
GT-0481,supplier,maven,MAV-02,spring-security-oauth2-client,sboms_validation/syft/MAV-02_dubbo_cyclonedx.json,syft,350,UNKNOWN,pkg:maven/org.springframework.security/spring-security-oauth2-client,verified,"Broadcom Inc. (Spring team, formerly VMware/Pivotal)",no_matching_semantic_proposal
GT-0481,repository_url,maven,MAV-02,spring-security-oauth2-client,sboms_validation/syft/MAV-02_dubbo_cyclonedx.json,syft,350,UNKNOWN,pkg:maven/org.springframework.security/spring-security-oauth2-client,verified,https://github.com/spring-projects/spring-security,no_matching_semantic_proposal
GT-0484,license,maven,MAV-02,swagger-annotations,sboms_validation/syft/MAV-02_dubbo_cyclonedx.json,syft,364,UNKNOWN,pkg:maven/io.swagger/swagger-annotations,verified,Apache-2.0,no_matching_semantic_proposal
GT-0484,supplier,maven,MAV-02,swagger-annotations,sboms_validation/syft/MAV-02_dubbo_cyclonedx.json,syft,364,UNKNOWN,pkg:maven/io.swagger/swagger-annotations,verified,SmartBear Software Inc.,no_matching_semantic_proposal
GT-0484,repository_url,maven,MAV-02,swagger-annotations,sboms_validation/syft/MAV-02_dubbo_cyclonedx.json,syft,364,UNKNOWN,pkg:maven/io.swagger/swagger-annotations,verified,https://github.com/swagger-api/swagger-core,no_matching_semantic_proposal
GT-0499,license,maven,MAV-03,value,sboms_validation/syft/MAV-03_flink_cyclonedx.json,syft,526,2.11.3,pkg:maven/org.immutables/value@2.11.3,verified,Apache-2.0,no_matching_semantic_proposal
GT-0499,repository_url,maven,MAV-03,value,sboms_validation/syft/MAV-03_flink_cyclonedx.json,syft,526,2.11.3,pkg:maven/org.immutables/value@2.11.3,verified,https://github.com/immutables/immutables,no_matching_semantic_proposal
