component_id,project_id,ecosystem,tool,sbom_path,component_index,name,version,purl,field_name,old_value,new_value,evidence_source,evidence_reference,repair_method,confidence,repaired_at,normalized_repository_url,repository_normalization_rule,static_validation_result,static_validation_confidence,static_validation_rules,static_validation_problems,static_validation_reason,requires_llm_review,llm_review_suitability,llm_review_suitability_reason,requires_human_review,review_priority,validated_at,validation_record_id,normalized_ecosystem,review_route,review_route_reason,llm_review_recommended,human_review_recommended,semantic_review_category,selected_for_human_validation,human_sample_stratum,human_sample_order,human_correctness_label,human_evidence_relation,human_confidence,human_reason,human_reviewer_id,human_review_date,evidence_status,evidence_exact_version_match,evidence_package_name,evidence_registry_url,evidence_license,evidence_repository_url,evidence_supplier,evidence_party_value,evidence_party_role,evidence_party_source_field,evidence_party_candidates_json,evidence_distribution_url,evidence_hash_algorithms,evidence_hash_values,evidence_confidence,evidence_error,retrieved_at,evidence_join_status,semantic_rule_label,semantic_evidence_relation,semantic_rule_confidence,semantic_rule_decision,semantic_rule_reason,semantic_requires_human_review,semantic_rule_id,semantic_validated_at
pkg:npm/find-yarn-workspace-root@2.0.0,NPM-02,npm,cdxgen,sboms_raw/cdxgen/NPM-02_axios_cyclonedx.json,943,find-yarn-workspace-root,2.0.0,pkg:npm/find-yarn-workspace-root@2.0.0,supplier,,"Square, Inc.",npm_registry,https://registry.npmjs.org/find-yarn-workspace-root,registry_supplier_lookup,high,2026-07-27T10:17:56.684032+00:00,,,out_of_scope,medium,evidence_confidence_high;evidence_retrieval_successful;exact_version_confirmed;new_value_present;old_value_was_missing;supplier_semantics_unverified,,"The value is syntactically plausible, but supplier semantics cannot be established through deterministic checks.",yes,yes,"Supplier semantics require interpretation of organization, author, maintainer, or scope evidence.",yes,high,2026-07-27T10:58:06.437303+00:00,VAL-03ea2e0938378588,npm,llm_semantic_review,"Supplier meaning cannot be established deterministically from author, maintainer, scope, developer, or organization metadata.",yes,yes_sample,supplier_semantics_unverified,yes,supplier_out_of_scope,1,,,,,,,success,True,find-yarn-workspace-root,https://registry.npmjs.org/find-yarn-workspace-root,Apache-2.0,https://github.com/square/find-yarn-workspace-root,"Square, Inc.","Square, Inc.",author,npm.version.author,"[{""value"": ""Square, Inc."", ""role"": ""author"", ""source_field"": ""npm.version.author""}, {""value"": ""Square, Inc."", ""role"": ""author"", ""source_field"": ""npm.package.author""}, {""value"": ""adrw <dev+npmjs_adrw@adrw.ch>"", ""role"": ""maintainer"", ""source_field"": ""npm.version.maintainers""}, {""value"": ""bmishkin <bm641024@gmail.com>"", ""role"": ""maintainer"", ""source_field"": ""npm.version.maintainers""}, {""value"": ""dpapastrat <dpapastrat@squareup.com>"", ""role"": ""maintainer"", ""source_field"": ""npm.version.maintainers""}, {""value"": ""hirokiosame <hiroki.osame@gmail.com>"", ""role"": ""maintainer"", ""source_field"": ""npm.version.maintainers""}, {""value"": ""matahwoosh <mbyczkowski@gmail.com>"", ""role"": ""maintainer"", ""source_field"": ""npm.version.maintainers""}, {""value"": ""maxbeatty <npm@maxbeatty.com>"", ""role"": ""maintainer"", ""source_field"": ""npm.version.maintainers""}, {""value"": ""square-developers <devplat-external-sdk-accounts+npm@squareup.com>"", ""role"": ""maintainer"", ""source_field"": ""npm.version.maintainers""}, {""value"": ""square-owner <npmjs@squareup.com>"", ""role"": ""maintainer"", ""source_field"": ""npm.version.maintainers""}, {""value"": ""jguze-sq <jguze@squareup.com>"", ""role"": ""maintainer"", ""source_field"": ""npm.package.maintainers""}, {""value"": ""joanc <joanc@squareup.com>"", ""role"": ""maintainer"", ""source_field"": ""npm.package.maintainers""}, {""value"": ""square-owner <npmjs@squareup.com>"", ""role"": ""maintainer"", ""source_field"": ""npm.package.maintainers""}, {""value"": ""adrw <dev+npmjs_adrw@adrw.ch>"", ""role"": ""maintainer"", ""source_field"": ""npm.package.maintainers""}, {""value"": ""square-developers <devplat-external-sdk-accounts+npm@squareup.com>"", ""role"": ""maintainer"", ""source_field"": ""npm.package.maintainers""}, {""value"": ""matahwoosh <mbyczkowski@gmail.com>"", ""role"": ""maintainer"", ""source_field"": ""npm.package.maintainers""}, {""value"": ""hirokiosame <hiroki.osame@gmail.com>"", ""role"": ""maintainer"", ""source_field"": ""npm.package.maintainers""}, {""value"": ""dpapastrat <dpapastrat@squareup.com>"", ""role"": ""maintainer"", ""source_field"": ""npm.package.maintainers""}, {""value"": ""plinio-square <plinio@squareup.com>"", ""role"": ""maintainer"", ""source_field"": ""npm.package.maintainers""}, {""value"": ""linnea <linneagrambo@gmail.com>"", ""role"": ""maintainer"", ""source_field"": ""npm.package.maintainers""}, {""value"": ""pretzelhammer <kfedorov91@gmail.com>"", ""role"": ""maintainer"", ""source_field"": ""npm.package.maintainers""}, {""value"": ""alexandersmanning <alexandersmanning@gmail.com>"", ""role"": ""maintainer"", ""source_field"": ""npm.package.maintainers""}, {""value"": ""amoghk <me@amoghk.com>"", ""role"": ""maintainer"", ""source_field"": ""npm.package.maintainers""}, {""value"": ""akolyte01 <npm@akolyte.com>"", ""role"": ""maintainer"", ""source_field"": ""npm.package.maintainers""}, {""value"": ""devonsquare <devonreed@squareup.com>"", ""role"": ""maintainer"", ""source_field"": ""npm.package.maintainers""}, {""value"": ""artemchubaryan <artem@squareup.com>"", ""role"": ""maintainer"", ""source_field"": ""npm.package.maintainers""}, {""value"": ""mikekono <mikek@squareup.com>"", ""role"": ""maintainer"", ""source_field"": ""npm.package.maintainers""}, {""value"": ""block-oss-releases <oss-releases@block.xyz>"", ""role"": ""maintainer"", ""source_field"": ""npm.package.maintainers""}, {""value"": ""bmishkin <bm641024@gmail.com>"", ""role"": ""publisher_account"", ""source_field"": ""npm.version._npmUser""}]",https://registry.npmjs.org/find-yarn-workspace-root/-/find-yarn-workspace-root-2.0.0.tgz,integrity;sha1,sha512-1IMnbjt4KzsQfnhnzNd8wUEgXZ44IzZaZmnLYx7D5FZlaHt2gW20Cri8Q+E/t5tIj4+epTBub+2Zxu/vNILzqQ==;f47fb8d239c900eb78179aa81b66673eac88f7bd,high,,2026-07-27T15:19:42.125026+00:00,matched,partially_correct,weak_inference,high,manual_review,"The proposed value matches the registry-derived party, but its recorded role is author, which is not automatically equivalent to a CycloneDX supplier.",yes,SEM-SUP-04,2026-08-01T16:58:31.468457+00:00
pkg:npm/chalk@4.1.2,NPM-05,npm,cdxgen,sboms_raw/cdxgen/NPM-05_core_cyclonedx.json,248,chalk,4.1.2,pkg:npm/chalk@4.1.2,supplier,,sindresorhus,npm_registry,https://registry.npmjs.org/chalk,registry_supplier_lookup,high,2026-07-27T10:17:56.684032+00:00,,,out_of_scope,medium,evidence_confidence_high;evidence_retrieval_successful;exact_version_confirmed;new_value_present;old_value_was_missing;supplier_semantics_unverified,,"The value is syntactically plausible, but supplier semantics cannot be established through deterministic checks.",yes,yes,"Supplier semantics require interpretation of organization, author, maintainer, or scope evidence.",yes,high,2026-07-27T10:58:06.437303+00:00,VAL-ad4447c1ebbbbf1b,npm,llm_semantic_review,"Supplier meaning cannot be established deterministically from author, maintainer, scope, developer, or organization metadata.",yes,yes_sample,supplier_semantics_unverified,yes,supplier_out_of_scope,2,,,,,,,success,True,chalk,https://registry.npmjs.org/chalk,MIT,https://github.com/chalk/chalk,sindresorhus,sindresorhus,maintainer,npm.version.maintainers,"[{""value"": ""sindresorhus <sindresorhus@gmail.com>"", ""role"": ""maintainer"", ""source_field"": ""npm.version.maintainers""}, {""value"": ""qix <josh@junon.me>"", ""role"": ""maintainer"", ""source_field"": ""npm.version.maintainers""}, {""value"": ""sindresorhus <sindresorhus@gmail.com>"", ""role"": ""maintainer"", ""source_field"": ""npm.package.maintainers""}, {""value"": ""sindresorhus <sindresorhus@gmail.com>"", ""role"": ""publisher_account"", ""source_field"": ""npm.version._npmUser""}]",https://registry.npmjs.org/chalk/-/chalk-4.1.2.tgz,integrity;sha1,sha512-oKnbhFyRIXpUuez8iBMmyEa4nbj4IOQyuhc/wy9kY7/WVPcwIO9VA668Pu8RkO7+0G76SLROeyw9CpQ061i4mA==;aac4e2b7734a740867aeb16bf02aad556a1e7a01,high,,2026-07-27T15:16:43.691422+00:00,matched,partially_correct,weak_inference,high,manual_review,"The proposed value matches the registry-derived party, but its recorded role is maintainer, which is not automatically equivalent to a CycloneDX supplier.",yes,SEM-SUP-04,2026-08-01T16:58:31.468488+00:00
pkg:npm/%40tsconfig/node12@1.0.9,MAV-03,maven,cdxgen,sboms_raw/cdxgen/MAV-03_flink_cyclonedx.json,1359,node12,1.0.9,pkg:npm/%40tsconfig/node12@1.0.9,supplier,,@tsconfig,npm_registry,https://registry.npmjs.org/%40tsconfig%2Fnode12,registry_supplier_lookup,high,2026-07-27T10:17:56.684032+00:00,,,out_of_scope,medium,evidence_confidence_high;evidence_retrieval_successful;exact_version_confirmed;maven_organization_or_developer;new_value_present;old_value_was_missing,,The value may come from a Maven organization or developer field. Static checks cannot determine whether it is the actual supplier.,yes,yes,"Supplier semantics require interpretation of organization, author, maintainer, or scope evidence.",yes,high,2026-07-27T10:58:06.437303+00:00,VAL-be79611272529e33,maven,llm_semantic_review,"Supplier meaning cannot be established deterministically from author, maintainer, scope, developer, or organization metadata.",yes,yes_sample,maven_supplier_semantics,yes,supplier_out_of_scope,3,,,,,,,success,True,@tsconfig/node12,https://registry.npmjs.org/%40tsconfig%2Fnode12,MIT,https://github.com/tsconfig/bases,@tsconfig,@tsconfig,npm_scope,npm.package.name,"[{""value"": ""orta <orta.therox@gmail.com>"", ""role"": ""maintainer"", ""source_field"": ""npm.version.maintainers""}, {""value"": ""typescript-deploys <ortam@microsoft.com>"", ""role"": ""maintainer"", ""source_field"": ""npm.version.maintainers""}, {""value"": ""orta <orta.therox@gmail.com>"", ""role"": ""maintainer"", ""source_field"": ""npm.package.maintainers""}, {""value"": ""typescript-deploys <typescript-design@microsoft.com>"", ""role"": ""maintainer"", ""source_field"": ""npm.package.maintainers""}, {""value"": ""typescript-deploys <ortam@microsoft.com>"", ""role"": ""publisher_account"", ""source_field"": ""npm.version._npmUser""}, {""value"": ""@tsconfig"", ""role"": ""npm_scope"", ""source_field"": ""npm.package.name""}]",https://registry.npmjs.org/@tsconfig/node12/-/node12-1.0.9.tgz,integrity;sha1,sha512-/yBMcem+fbvhSREH+s14YJi18sp7J9jpuhYByADT2rypfajMZZN4WQ6zBGgBKp53NKmqI36wFYDb3yaMPurITw==;62c1f6dee2ebd9aead80dc3afa56810e58e1a04c,high,,2026-07-27T17:27:25.854448+00:00,matched,partially_correct,weak_inference,high,manual_review,"The proposed value matches the registry-derived party, but its recorded role is npm_scope, which is not automatically equivalent to a CycloneDX supplier.",yes,SEM-SUP-04,2026-08-01T16:58:31.468493+00:00
pkg:npm/d3-hierarchy@3.1.2,NPM-03,npm,cdxgen,sboms_raw/cdxgen/NPM-03_angular_cyclonedx.json,1032,d3-hierarchy,3.1.2,pkg:npm/d3-hierarchy@3.1.2,supplier,,Mike Bostock,npm_registry,https://registry.npmjs.org/d3-hierarchy,registry_supplier_lookup,high,2026-07-27T10:17:56.684032+00:00,,,out_of_scope,medium,evidence_confidence_high;evidence_retrieval_successful;exact_version_confirmed;new_value_present;old_value_was_missing;supplier_semantics_unverified,,"The value is syntactically plausible, but supplier semantics cannot be established through deterministic checks.",yes,yes,"Supplier semantics require interpretation of organization, author, maintainer, or scope evidence.",yes,high,2026-07-27T10:58:06.437303+00:00,VAL-887aae86d72678ec,npm,llm_semantic_review,"Supplier meaning cannot be established deterministically from author, maintainer, scope, developer, or organization metadata.",yes,yes_sample,supplier_semantics_unverified,yes,supplier_out_of_scope,4,,,,,,,success,True,d3-hierarchy,https://registry.npmjs.org/d3-hierarchy,ISC,https://github.com/d3/d3-hierarchy,Mike Bostock,Mike Bostock,author,npm.version.author,"[{""value"": ""Mike Bostock"", ""role"": ""author"", ""source_field"": ""npm.version.author""}, {""value"": ""Mike Bostock"", ""role"": ""author"", ""source_field"": ""npm.package.author""}, {""value"": ""mbostock <mike@ocks.org>"", ""role"": ""maintainer"", ""source_field"": ""npm.version.maintainers""}, {""value"": ""recifs <fil@rezo.net>"", ""role"": ""maintainer"", ""source_field"": ""npm.version.maintainers""}, {""value"": ""mbostock <mike@ocks.org>"", ""role"": ""maintainer"", ""source_field"": ""npm.package.maintainers""}, {""value"": ""recifs <fil@rezo.net>"", ""role"": ""maintainer"", ""source_field"": ""npm.package.maintainers""}, {""value"": ""mbostock <mike@ocks.org>"", ""role"": ""publisher_account"", ""source_field"": ""npm.version._npmUser""}]",https://registry.npmjs.org/d3-hierarchy/-/d3-hierarchy-3.1.2.tgz,integrity;sha1,sha512-FX/9frcub54beBdugHjDCdikxThEqjnR93Qt7PvQTOHxyiNCAlvMrHhclk3cD5VeAaq9fxmfRp+CnWw9rEMBuA==;b01cd42c1eed3d46db77a5966cf726f8c09160c6,high,,2026-07-27T15:28:12.970556+00:00,matched,partially_correct,weak_inference,high,manual_review,"The proposed value matches the registry-derived party, but its recorded role is author, which is not automatically equivalent to a CycloneDX supplier.",yes,SEM-SUP-04,2026-08-01T16:58:31.468497+00:00
pkg:npm/lazystream@1.0.1,NPM-03,npm,cdxgen,sboms_raw/cdxgen/NPM-03_angular_cyclonedx.json,1560,lazystream,1.0.1,pkg:npm/lazystream@1.0.1,supplier,,Jonas Pommerening,npm_registry,https://registry.npmjs.org/lazystream,registry_supplier_lookup,high,2026-07-27T10:17:56.684032+00:00,,,out_of_scope,medium,evidence_confidence_high;evidence_retrieval_successful;exact_version_confirmed;new_value_present;old_value_was_missing;supplier_semantics_unverified,,"The value is syntactically plausible, but supplier semantics cannot be established through deterministic checks.",yes,yes,"Supplier semantics require interpretation of organization, author, maintainer, or scope evidence.",yes,high,2026-07-27T10:58:06.437303+00:00,VAL-b76600865a4d182e,npm,llm_semantic_review,"Supplier meaning cannot be established deterministically from author, maintainer, scope, developer, or organization metadata.",yes,yes_sample,supplier_semantics_unverified,yes,supplier_out_of_scope,5,,,,,,,success,True,lazystream,https://registry.npmjs.org/lazystream,MIT,https://github.com/jpommerening/node-lazystream,Jonas Pommerening,Jonas Pommerening,author,npm.version.author,"[{""value"": ""Jonas Pommerening <jonas.pommerening@gmail.com>"", ""role"": ""author"", ""source_field"": ""npm.version.author""}, {""value"": ""Jonas Pommerening <jonas.pommerening@gmail.com>"", ""role"": ""author"", ""source_field"": ""npm.package.author""}, {""value"": ""jpommerening <jonas.pommerening@gmail.com>"", ""role"": ""maintainer"", ""source_field"": ""npm.version.maintainers""}, {""value"": ""jpommerening <jonas.pommerening@gmail.com>"", ""role"": ""maintainer"", ""source_field"": ""npm.package.maintainers""}, {""value"": ""jpommerening <jonas.pommerening@gmail.com>"", ""role"": ""publisher_account"", ""source_field"": ""npm.version._npmUser""}]",https://registry.npmjs.org/lazystream/-/lazystream-1.0.1.tgz,integrity;sha1,sha512-b94GiNHQNy6JNTrt5w6zNyffMrNkXZb3KTkCZJb2V1xaEGCk093vkZ2jk3tpaeP33/OiXC+WvK9AxUebnf5nbw==;494c831062f1f9408251ec44db1cba29242a2638,high,,2026-07-27T15:31:21.731795+00:00,matched,partially_correct,weak_inference,high,manual_review,"The proposed value matches the registry-derived party, but its recorded role is author, which is not automatically equivalent to a CycloneDX supplier.",yes,SEM-SUP-04,2026-08-01T16:58:31.468499+00:00
pkg:npm/devlop@1.1.0,NPM-03,npm,cdxgen,sboms_raw/cdxgen/NPM-03_angular_cyclonedx.json,1093,devlop,1.1.0,pkg:npm/devlop@1.1.0,supplier,,Titus Wormer,npm_registry,https://registry.npmjs.org/devlop,registry_supplier_lookup,high,2026-07-27T10:17:56.684032+00:00,,,out_of_scope,medium,evidence_confidence_high;evidence_retrieval_successful;exact_version_confirmed;new_value_present;old_value_was_missing;supplier_semantics_unverified,,"The value is syntactically plausible, but supplier semantics cannot be established through deterministic checks.",yes,yes,"Supplier semantics require interpretation of organization, author, maintainer, or scope evidence.",yes,high,2026-07-27T10:58:06.437303+00:00,VAL-ca848d22d8501b0d,npm,llm_semantic_review,"Supplier meaning cannot be established deterministically from author, maintainer, scope, developer, or organization metadata.",yes,yes_sample,supplier_semantics_unverified,yes,supplier_out_of_scope,6,,,,,,,success,True,devlop,https://registry.npmjs.org/devlop,MIT,https://github.com/wooorm/devlop,Titus Wormer,Titus Wormer,author,npm.version.author,"[{""value"": ""Titus Wormer <tituswormer@gmail.com>"", ""role"": ""author"", ""source_field"": ""npm.version.author""}, {""value"": ""Titus Wormer <tituswormer@gmail.com>"", ""role"": ""author"", ""source_field"": ""npm.package.author""}, {""value"": ""wooorm <tituswormer@gmail.com>"", ""role"": ""maintainer"", ""source_field"": ""npm.version.maintainers""}, {""value"": ""wooorm <tituswormer@gmail.com>"", ""role"": ""maintainer"", ""source_field"": ""npm.package.maintainers""}, {""value"": ""wooorm <tituswormer@gmail.com>"", ""role"": ""publisher_account"", ""source_field"": ""npm.version._npmUser""}]",https://registry.npmjs.org/devlop/-/devlop-1.1.0.tgz,integrity;sha1,sha512-RWmIqhcFf1lRYBvNmr7qTNuyCt/7/ns2jbpp1+PalgE/rDQcBT0fioSMUpJ93irlUhC5hrg4cYqe6U+0ImW0rA==;4db7c2ca4dc6e0e834c30be70c94bbc976dc7018,high,,2026-07-27T15:18:50.343028+00:00,matched,partially_correct,weak_inference,high,manual_review,"The proposed value matches the registry-derived party, but its recorded role is author, which is not automatically equivalent to a CycloneDX supplier.",yes,SEM-SUP-04,2026-08-01T16:58:31.468502+00:00
pkg:npm/%40lmdb/lmdb-win32-x64@3.4.1,MAV-03,maven,cdxgen,sboms_raw/cdxgen/MAV-03_flink_cyclonedx.json,711,lmdb-win32-x64,3.4.1,pkg:npm/%40lmdb/lmdb-win32-x64@3.4.1,supplier,,@lmdb,npm_registry,https://registry.npmjs.org/%40lmdb%2Flmdb-win32-x64,registry_supplier_lookup,high,2026-07-27T10:17:56.684032+00:00,,,out_of_scope,medium,evidence_confidence_high;evidence_retrieval_successful;exact_version_confirmed;maven_organization_or_developer;new_value_present;old_value_was_missing,,The value may come from a Maven organization or developer field. Static checks cannot determine whether it is the actual supplier.,yes,yes,"Supplier semantics require interpretation of organization, author, maintainer, or scope evidence.",yes,high,2026-07-27T10:58:06.437303+00:00,VAL-8e460a63514dd831,maven,llm_semantic_review,"Supplier meaning cannot be established deterministically from author, maintainer, scope, developer, or organization metadata.",yes,yes_sample,maven_supplier_semantics,yes,supplier_out_of_scope,7,,,,,,,success,True,@lmdb/lmdb-win32-x64,https://registry.npmjs.org/%40lmdb%2Flmdb-win32-x64,MIT,ssh://git@github.com/kriszyp/lmdb-js,@lmdb,@lmdb,npm_scope,npm.package.name,"[{""value"": ""Kris Zyp"", ""role"": ""author"", ""source_field"": ""npm.version.author""}, {""value"": ""Kris Zyp"", ""role"": ""author"", ""source_field"": ""npm.package.author""}, {""value"": ""kriszyp <kriszyp@gmail.com>"", ""role"": ""maintainer"", ""source_field"": ""npm.version.maintainers""}, {""value"": ""kriszyp <kriszyp@gmail.com>"", ""role"": ""maintainer"", ""source_field"": ""npm.package.maintainers""}, {""value"": ""kriszyp <kriszyp@gmail.com>"", ""role"": ""publisher_account"", ""source_field"": ""npm.version._npmUser""}, {""value"": ""@lmdb"", ""role"": ""npm_scope"", ""source_field"": ""npm.package.name""}]",https://registry.npmjs.org/@lmdb/lmdb-win32-x64/-/lmdb-win32-x64-3.4.1.tgz,integrity;sha1,sha512-HqqKIhTbq6piJhkJpTTf3w1m/CgrmwXRAL9R9j7Ru5xdZSeO7Mg4AWiBC9B00uXR+LvVZKtUyRMVZfhmIZztmQ==;215693c364a07562d123bb956ca50543723a13f9,high,,2026-07-27T17:23:25.756644+00:00,matched,partially_correct,weak_inference,high,manual_review,"The proposed value matches the registry-derived party, but its recorded role is npm_scope, which is not automatically equivalent to a CycloneDX supplier.",yes,SEM-SUP-04,2026-08-01T16:58:31.468505+00:00
pkg:npm/balanced-match@1.0.2,MAV-01,maven,syft,sboms_raw/syft/MAV-01_spring_boot_cyclonedx.json,120,balanced-match,1.0.2,pkg:npm/balanced-match@1.0.2,supplier,,Julian Gruber,npm_registry,https://registry.npmjs.org/balanced-match,registry_supplier_lookup,high,2026-07-27T10:17:56.684032+00:00,,,out_of_scope,medium,evidence_confidence_high;evidence_retrieval_successful;exact_version_confirmed;maven_organization_or_developer;new_value_present;old_value_was_missing,,The value may come from a Maven organization or developer field. Static checks cannot determine whether it is the actual supplier.,yes,yes,"Supplier semantics require interpretation of organization, author, maintainer, or scope evidence.",yes,high,2026-07-27T10:58:06.437303+00:00,VAL-6360e8b799d20777,maven,llm_semantic_review,"Supplier meaning cannot be established deterministically from author, maintainer, scope, developer, or organization metadata.",yes,yes_sample,maven_supplier_semantics,yes,supplier_out_of_scope,8,,,,,,,success,True,balanced-match,https://registry.npmjs.org/balanced-match,MIT,git://github.com/juliangruber/balanced-match,Julian Gruber,Julian Gruber,author,npm.version.author,"[{""value"": ""Julian Gruber <mail@juliangruber.com>"", ""role"": ""author"", ""source_field"": ""npm.version.author""}, {""value"": ""juliangruber <julian@juliangruber.com>"", ""role"": ""maintainer"", ""source_field"": ""npm.version.maintainers""}, {""value"": ""juliangruber <julian@juliangruber.com>"", ""role"": ""maintainer"", ""source_field"": ""npm.package.maintainers""}, {""value"": ""juliangruber <julian@juliangruber.com>"", ""role"": ""publisher_account"", ""source_field"": ""npm.version._npmUser""}]",https://registry.npmjs.org/balanced-match/-/balanced-match-1.0.2.tgz,integrity;sha1,sha512-3oSeUO0TMV67hN1AmbXsK4yaqU7tjiHlbxRDZOpH0KW9+CeX4bRAaX0Anxt0tx2MrpRpWwQaPwIlISEJhYU5Pw==;e83e3a7e3f300b34cb9d87f615fa0cbf357690ee,high,,2026-07-27T15:17:56.374885+00:00,matched,partially_correct,weak_inference,high,manual_review,"The proposed value matches the registry-derived party, but its recorded role is author, which is not automatically equivalent to a CycloneDX supplier.",yes,SEM-SUP-04,2026-08-01T16:58:31.468507+00:00
pkg:npm/%40nodelib/fs.walk@1.2.8,MAV-01,maven,syft,sboms_raw/syft/MAV-01_spring_boot_cyclonedx.json,52,@nodelib/fs.walk,1.2.8,pkg:npm/%40nodelib/fs.walk@1.2.8,supplier,,@nodelib,npm_registry,https://registry.npmjs.org/%40nodelib%2Ffs.walk,registry_supplier_lookup,high,2026-07-27T10:17:56.684032+00:00,,,out_of_scope,medium,evidence_confidence_high;evidence_retrieval_successful;exact_version_confirmed;maven_organization_or_developer;new_value_present;old_value_was_missing,,The value may come from a Maven organization or developer field. Static checks cannot determine whether it is the actual supplier.,yes,yes,"Supplier semantics require interpretation of organization, author, maintainer, or scope evidence.",yes,high,2026-07-27T10:58:06.437303+00:00,VAL-9adf6fb627d8fda8,maven,llm_semantic_review,"Supplier meaning cannot be established deterministically from author, maintainer, scope, developer, or organization metadata.",yes,yes_sample,maven_supplier_semantics,yes,supplier_out_of_scope,9,,,,,,,success,True,@nodelib/fs.walk,https://registry.npmjs.org/%40nodelib%2Ffs.walk,MIT,https://github.com/nodelib/nodelib/tree/master/packages/fs/fs.walk,@nodelib,@nodelib,npm_scope,npm.package.name,"[{""value"": ""mrmlnc <dmalinochkin@rambler.ru>"", ""role"": ""maintainer"", ""source_field"": ""npm.version.maintainers""}, {""value"": ""mrmlnc <dmalinochkin@rambler.ru>"", ""role"": ""maintainer"", ""source_field"": ""npm.package.maintainers""}, {""value"": ""mrmlnc <dmalinochkin@rambler.ru>"", ""role"": ""publisher_account"", ""source_field"": ""npm.version._npmUser""}, {""value"": ""@nodelib"", ""role"": ""npm_scope"", ""source_field"": ""npm.package.name""}]",https://registry.npmjs.org/@nodelib/fs.walk/-/fs.walk-1.2.8.tgz,integrity;sha1,sha512-oGB+UxlgWcgQkgwo8GcEGwemoTFt3FIO9ababBmaGwXIoBKZ+GTy0pP185beGg7Llih/NSHSV2XAs1lnznocSg==;e95737e8bb6746ddedf69c556953494f196fe69a,high,,2026-07-27T15:23:42.946066+00:00,matched,partially_correct,weak_inference,high,manual_review,"The proposed value matches the registry-derived party, but its recorded role is npm_scope, which is not automatically equivalent to a CycloneDX supplier.",yes,SEM-SUP-04,2026-08-01T16:58:31.468512+00:00
pkg:npm/d3-axis@3.0.0,MAV-03,maven,cdxgen,sboms_raw/cdxgen/MAV-03_flink_cyclonedx.json,42,d3-axis,3.0.0,pkg:npm/d3-axis@3.0.0,supplier,,Mike Bostock,npm_registry,https://registry.npmjs.org/d3-axis,registry_supplier_lookup,high,2026-07-27T10:17:56.684032+00:00,,,out_of_scope,medium,evidence_confidence_high;evidence_retrieval_successful;exact_version_confirmed;maven_organization_or_developer;new_value_present;old_value_was_missing,,The value may come from a Maven organization or developer field. Static checks cannot determine whether it is the actual supplier.,yes,yes,"Supplier semantics require interpretation of organization, author, maintainer, or scope evidence.",yes,high,2026-07-27T10:58:06.437303+00:00,VAL-5cc8477277cde421,maven,llm_semantic_review,"Supplier meaning cannot be established deterministically from author, maintainer, scope, developer, or organization metadata.",yes,yes_sample,maven_supplier_semantics,yes,supplier_out_of_scope,10,,,,,,,success,True,d3-axis,https://registry.npmjs.org/d3-axis,ISC,https://github.com/d3/d3-axis,Mike Bostock,Mike Bostock,author,npm.version.author,"[{""value"": ""Mike Bostock"", ""role"": ""author"", ""source_field"": ""npm.version.author""}, {""value"": ""Mike Bostock"", ""role"": ""author"", ""source_field"": ""npm.package.author""}, {""value"": ""mbostock <mike@ocks.org>"", ""role"": ""maintainer"", ""source_field"": ""npm.version.maintainers""}, {""value"": ""recifs <fil@rezo.net>"", ""role"": ""maintainer"", ""source_field"": ""npm.version.maintainers""}, {""value"": ""mbostock <mike@ocks.org>"", ""role"": ""maintainer"", ""source_field"": ""npm.package.maintainers""}, {""value"": ""recifs <fil@rezo.net>"", ""role"": ""maintainer"", ""source_field"": ""npm.package.maintainers""}, {""value"": ""mbostock <mike@ocks.org>"", ""role"": ""publisher_account"", ""source_field"": ""npm.version._npmUser""}]",https://registry.npmjs.org/d3-axis/-/d3-axis-3.0.0.tgz,integrity;sha1,sha512-IH5tgjV4jE/GhHkRV0HiVYPDtvfjHQlQfJHs0usq7M30XcSBvOotpmH1IgkcXsO/5gEQZD43B//fc7SRT5S+xw==;c42a4a13e8131d637b745fc2973824cfeaf93322,high,,2026-07-27T15:28:06.713626+00:00,matched,partially_correct,weak_inference,high,manual_review,"The proposed value matches the registry-derived party, but its recorded role is author, which is not automatically equivalent to a CycloneDX supplier.",yes,SEM-SUP-04,2026-08-01T16:58:31.468515+00:00
pkg:npm/jed@1.1.1,NPM-01,npm,cdxgen,sboms_raw/cdxgen/NPM-01_react_cyclonedx.json,1992,jed,1.1.1,pkg:npm/jed@1.1.1,supplier,,Alex Sexton,npm_registry,https://registry.npmjs.org/jed,registry_supplier_lookup,high,2026-07-27T10:17:56.684032+00:00,,,out_of_scope,medium,evidence_confidence_high;evidence_retrieval_successful;exact_version_confirmed;new_value_present;old_value_was_missing;supplier_semantics_unverified,,"The value is syntactically plausible, but supplier semantics cannot be established through deterministic checks.",yes,yes,"Supplier semantics require interpretation of organization, author, maintainer, or scope evidence.",yes,high,2026-07-27T10:58:06.437303+00:00,VAL-734acf565996b427,npm,llm_semantic_review,"Supplier meaning cannot be established deterministically from author, maintainer, scope, developer, or organization metadata.",yes,yes_sample,supplier_semantics_unverified,yes,supplier_out_of_scope,11,,,,,,,success,True,jed,https://registry.npmjs.org/jed,MIT,https://SlexAxton@github.com/SlexAxton/Jed,Alex Sexton,Alex Sexton,author,npm.version.author,"[{""value"": ""Alex Sexton <alexsexton@gmail.com>"", ""role"": ""author"", ""source_field"": ""npm.version.author""}, {""value"": ""Alex Sexton <alexsexton@gmail.com>"", ""role"": ""author"", ""source_field"": ""npm.package.author""}, {""value"": ""slexaxton <alexsexton@gmail.com>"", ""role"": ""maintainer"", ""source_field"": ""npm.version.maintainers""}, {""value"": ""slexaxton <alexsexton@gmail.com>"", ""role"": ""maintainer"", ""source_field"": ""npm.package.maintainers""}, {""value"": ""slexaxton <alexsexton@gmail.com>"", ""role"": ""publisher_account"", ""source_field"": ""npm.version._npmUser""}]",https://registry.npmjs.org/jed/-/jed-1.1.1.tgz,integrity;sha1,sha512-z35ZSEcXHxLW4yumw0dF6L464NT36vmx3wxJw8MDpraBcWuNVgUPZgPJKcu1HekNgwlMFNqol7i/IpSbjhqwqA==;7a549bbd9ffe1585b0cd0a191e203055bee574b4,high,,2026-07-27T15:02:41.483089+00:00,matched,partially_correct,weak_inference,high,manual_review,"The proposed value matches the registry-derived party, but its recorded role is author, which is not automatically equivalent to a CycloneDX supplier.",yes,SEM-SUP-04,2026-08-01T16:58:31.468517+00:00
pkg:npm/%40dabh/diagnostics@2.0.3,NPM-01,npm,cdxgen,sboms_raw/cdxgen/NPM-01_react_cyclonedx.json,6949,diagnostics,2.0.3,pkg:npm/%40dabh/diagnostics@2.0.3,supplier,,@dabh,npm_registry,https://registry.npmjs.org/%40dabh%2Fdiagnostics,registry_supplier_lookup,high,2026-07-27T10:17:56.684032+00:00,,,out_of_scope,medium,evidence_confidence_high;evidence_retrieval_successful;exact_version_confirmed;new_value_present;npm_scope_as_supplier;old_value_was_missing,,The value is an npm scope. Static checks cannot establish that the scope owner is equivalent to a CycloneDX supplier.,yes,yes,"Supplier semantics require interpretation of organization, author, maintainer, or scope evidence.",yes,high,2026-07-27T10:58:06.437303+00:00,VAL-2a9b2c988171f1a8,npm,llm_semantic_review,"Supplier meaning cannot be established deterministically from author, maintainer, scope, developer, or organization metadata.",yes,yes_sample,npm_scope_supplier_semantics,yes,supplier_out_of_scope,12,,,,,,,success,True,@dabh/diagnostics,https://registry.npmjs.org/%40dabh%2Fdiagnostics,MIT,git://github.com/3rd-Eden/diagnostics,@dabh,@dabh,npm_scope,npm.package.name,"[{""value"": ""Arnout Kazemier"", ""role"": ""author"", ""source_field"": ""npm.version.author""}, {""value"": ""Arnout Kazemier"", ""role"": ""author"", ""source_field"": ""npm.package.author""}, {""value"": ""dabh <dabh@alumni.stanford.edu>"", ""role"": ""maintainer"", ""source_field"": ""npm.version.maintainers""}, {""value"": ""dabh <dabh@alumni.stanford.edu>"", ""role"": ""maintainer"", ""source_field"": ""npm.package.maintainers""}, {""value"": ""dabh <dabh@alumni.stanford.edu>"", ""role"": ""publisher_account"", ""source_field"": ""npm.version._npmUser""}, {""value"": ""@dabh"", ""role"": ""npm_scope"", ""source_field"": ""npm.package.name""}]",https://registry.npmjs.org/@dabh/diagnostics/-/diagnostics-2.0.3.tgz,integrity;sha1,sha512-hrlQOIi7hAfzsMqlGSFyVucrx38O+j6wiGOf//H2ecvIEqYN4ADBSS2iLMh5UFyDunCNniUIPk/q3riFv45xRA==;7f7e97ee9a725dffc7808d93668cc984e1dc477a,high,,2026-07-27T15:06:49.602252+00:00,matched,partially_correct,weak_inference,high,manual_review,"The proposed value matches the registry-derived party, but its recorded role is npm_scope, which is not automatically equivalent to a CycloneDX supplier.",yes,SEM-SUP-04,2026-08-01T16:58:31.468520+00:00
pkg:npm/vscode-jsonrpc@8.2.0,NPM-01,npm,cdxgen,sboms_raw/cdxgen/NPM-01_react_cyclonedx.json,7435,vscode-jsonrpc,8.2.0,pkg:npm/vscode-jsonrpc@8.2.0,supplier,,Microsoft Corporation,npm_registry,https://registry.npmjs.org/vscode-jsonrpc,registry_supplier_lookup,high,2026-07-27T10:17:56.684032+00:00,,,out_of_scope,medium,evidence_confidence_high;evidence_retrieval_successful;exact_version_confirmed;new_value_present;old_value_was_missing;supplier_semantics_unverified,,"The value is syntactically plausible, but supplier semantics cannot be established through deterministic checks.",yes,yes,"Supplier semantics require interpretation of organization, author, maintainer, or scope evidence.",yes,high,2026-07-27T10:58:06.437303+00:00,VAL-51c451498afa9e5e,npm,llm_semantic_review,"Supplier meaning cannot be established deterministically from author, maintainer, scope, developer, or organization metadata.",yes,yes_sample,supplier_semantics_unverified,yes,supplier_out_of_scope,13,,,,,,,success,True,vscode-jsonrpc,https://registry.npmjs.org/vscode-jsonrpc,MIT,https://github.com/Microsoft/vscode-languageserver-node,Microsoft Corporation,Microsoft Corporation,author,npm.version.author,"[{""value"": ""Microsoft Corporation"", ""role"": ""author"", ""source_field"": ""npm.version.author""}, {""value"": ""Microsoft Corporation"", ""role"": ""author"", ""source_field"": ""npm.package.author""}, {""value"": ""alexandrudima <alexdima@microsoft.com>"", ""role"": ""maintainer"", ""source_field"": ""npm.version.maintainers""}, {""value"": ""dbaeumer <dirk.baeumer@gmail.com>"", ""role"": ""maintainer"", ""source_field"": ""npm.version.maintainers""}, {""value"": ""joaomoreno.ms <joao.moreno@microsoft.com>"", ""role"": ""maintainer"", ""source_field"": ""npm.version.maintainers""}, {""value"": ""kaimaetzel <kamaet@microsoft.com>"", ""role"": ""maintainer"", ""source_field"": ""npm.version.maintainers""}, {""value"": ""microsoft1es <npmjs@microsoft.com>"", ""role"": ""maintainer"", ""source_field"": ""npm.version.maintainers""}, {""value"": ""lszomoru <lszomoru@microsoft.com>"", ""role"": ""maintainer"", ""source_field"": ""npm.version.maintainers""}, {""value"": ""vscode-bot <vscode-bot-npm@microsoft.com>"", ""role"": ""maintainer"", ""source_field"": ""npm.version.maintainers""}, {""value"": ""microsoft1es <npmjs@microsoft.com>"", ""role"": ""maintainer"", ""source_field"": ""npm.package.maintainers""}, {""value"": ""microsoft-oss-releases <microsoft-oss-publishing@microsoft.com>"", ""role"": ""maintainer"", ""source_field"": ""npm.package.maintainers""}, {""value"": ""alexandrudima <alexdima@microsoft.com>"", ""role"": ""maintainer"", ""source_field"": ""npm.package.maintainers""}, {""value"": ""kaimaetzel <kamaet@microsoft.com>"", ""role"": ""maintainer"", ""source_field"": ""npm.package.maintainers""}, {""value"": ""lszomoru <lszomoru@microsoft.com>"", ""role"": ""maintainer"", ""source_field"": ""npm.package.maintainers""}, {""value"": ""vscode-bot <vscode-bot-npm@microsoft.com>"", ""role"": ""maintainer"", ""source_field"": ""npm.package.maintainers""}, {""value"": ""vscode-bot <vscode-bot-npm@microsoft.com>"", ""role"": ""publisher_account"", ""source_field"": ""npm.version._npmUser""}]",https://registry.npmjs.org/vscode-jsonrpc/-/vscode-jsonrpc-8.2.0.tgz,integrity;sha1,sha512-C+r0eKJUIfiDIfwJhria30+TYWPtuHJXHtI7J0YlOmKAo7ogxP20T0zxB7HZQIFhIyvoBPwWskjxrvAtfjyZfA==;f43dfa35fb51e763d17cd94dcca0c9458f35abf9,high,,2026-07-27T15:10:48.038259+00:00,matched,partially_correct,weak_inference,high,manual_review,"The proposed value matches the registry-derived party, but its recorded role is author, which is not automatically equivalent to a CycloneDX supplier.",yes,SEM-SUP-04,2026-08-01T16:58:31.468523+00:00
pkg:npm/postgres-bytea@1.0.1,NPM-03,npm,cdxgen,sboms_raw/cdxgen/NPM-03_angular_cyclonedx.json,1847,postgres-bytea,1.0.1,pkg:npm/postgres-bytea@1.0.1,supplier,,Ben Drucker,npm_registry,https://registry.npmjs.org/postgres-bytea,registry_supplier_lookup,high,2026-07-27T10:17:56.684032+00:00,,,out_of_scope,medium,evidence_confidence_high;evidence_retrieval_successful;exact_version_confirmed;new_value_present;old_value_was_missing;supplier_semantics_unverified,,"The value is syntactically plausible, but supplier semantics cannot be established through deterministic checks.",yes,yes,"Supplier semantics require interpretation of organization, author, maintainer, or scope evidence.",yes,high,2026-07-27T10:58:06.437303+00:00,VAL-c6c0fb4a8f8585bb,npm,llm_semantic_review,"Supplier meaning cannot be established deterministically from author, maintainer, scope, developer, or organization metadata.",yes,yes_sample,supplier_semantics_unverified,yes,supplier_out_of_scope,14,,,,,,,success,True,postgres-bytea,https://registry.npmjs.org/postgres-bytea,MIT,https://github.com/bendrucker/postgres-bytea,Ben Drucker,Ben Drucker,author,npm.version.author,"[{""value"": ""Ben Drucker <bvdrucker@gmail.com>"", ""role"": ""author"", ""source_field"": ""npm.version.author""}, {""value"": ""Ben Drucker <bvdrucker@gmail.com>"", ""role"": ""author"", ""source_field"": ""npm.package.author""}, {""value"": ""bendrucker <bvdrucker@gmail.com>"", ""role"": ""maintainer"", ""source_field"": ""npm.version.maintainers""}, {""value"": ""bendrucker <bvdrucker@gmail.com>"", ""role"": ""maintainer"", ""source_field"": ""npm.package.maintainers""}, {""value"": ""bendrucker <bvdrucker@gmail.com>"", ""role"": ""publisher_account"", ""source_field"": ""npm.version._npmUser""}]",https://registry.npmjs.org/postgres-bytea/-/postgres-bytea-1.0.1.tgz,integrity;sha1,sha512-5+5HqXnsZPE65IJZSMkZtURARZelel2oXUEO8rH83VS/hxH5vv1uHquPg5wZs8yMAfdv971IU+kcPUczi7NVBQ==;c40b3da0222c500ff1e51c5d7014b60b79697c7a,high,,2026-07-27T15:32:59.882159+00:00,matched,partially_correct,weak_inference,high,manual_review,"The proposed value matches the registry-derived party, but its recorded role is author, which is not automatically equivalent to a CycloneDX supplier.",yes,SEM-SUP-04,2026-08-01T16:58:31.468525+00:00
pkg:npm/jsprim@1.4.2,MAV-03,maven,cdxgen,sboms_raw/cdxgen/MAV-03_flink_cyclonedx.json,249,jsprim,1.4.2,pkg:npm/jsprim@1.4.2,supplier,,todd.whiteman,npm_registry,https://registry.npmjs.org/jsprim,registry_supplier_lookup,high,2026-07-27T10:17:56.684032+00:00,,,out_of_scope,medium,evidence_confidence_high;evidence_retrieval_successful;exact_version_confirmed;maven_organization_or_developer;new_value_present;old_value_was_missing,,The value may come from a Maven organization or developer field. Static checks cannot determine whether it is the actual supplier.,yes,yes,"Supplier semantics require interpretation of organization, author, maintainer, or scope evidence.",yes,high,2026-07-27T10:58:06.437303+00:00,VAL-f0706252da01c74e,maven,llm_semantic_review,"Supplier meaning cannot be established deterministically from author, maintainer, scope, developer, or organization metadata.",yes,yes_sample,maven_supplier_semantics,yes,supplier_out_of_scope,15,,,,,,,success,True,jsprim,https://registry.npmjs.org/jsprim,MIT,git://github.com/joyent/node-jsprim,todd.whiteman,todd.whiteman,maintainer,npm.version.maintainers,"[{""value"": ""todd.whiteman <todd.whiteman@joyent.com>"", ""role"": ""maintainer"", ""source_field"": ""npm.version.maintainers""}, {""value"": ""kusor <kusorbox@gmail.com>"", ""role"": ""maintainer"", ""source_field"": ""npm.version.maintainers""}, {""value"": ""wyatt <wpreul@gmail.com>"", ""role"": ""maintainer"", ""source_field"": ""npm.version.maintainers""}, {""value"": ""michael.hicks <michael.hicks@joyent.com>"", ""role"": ""maintainer"", ""source_field"": ""npm.version.maintainers""}, {""value"": ""bahamat <bahamat@digitalelf.net>"", ""role"": ""maintainer"", ""source_field"": ""npm.version.maintainers""}, {""value"": ""chudley <aguycalledrichard@gmail.com>"", ""role"": ""maintainer"", ""source_field"": ""npm.version.maintainers""}, {""value"": ""tchameroy <tyler.chameroy@joyent.com>"", ""role"": ""maintainer"", ""source_field"": ""npm.version.maintainers""}, {""value"": ""dbuell <dayne.buell@joyent.com>"", ""role"": ""maintainer"", ""source_field"": ""npm.version.maintainers""}, {""value"": ""trentm <trentm@gmail.com>"", ""role"": ""maintainer"", ""source_field"": ""npm.version.maintainers""}, {""value"": ""dap <dap@cs.brown.edu>"", ""role"": ""maintainer"", ""source_field"": ""npm.version.maintainers""}, {""value"": ""jclulow <josh@sysmgr.org>"", ""role"": ""maintainer"", ""source_field"": ""npm.version.maintainers""}, {""value"": ""arekinath <alex@cooperi.net>"", ""role"": ""maintainer"", ""source_field"": ""npm.version.maintainers""}, {""value"": ""melloc <cody.mello@joyent.com>"", ""role"": ""maintainer"", ""source_field"": ""npm.version.maintainers""}, {""value"": ""kellymclaughlin <kelly.mclaughlin@joyent.com>"", ""role"": ""maintainer"", ""source_field"": ""npm.version.maintainers""}, {""value"": ""todd.whiteman <todd.whiteman@joyent.com>"", ""role"": ""maintainer"", ""source_field"": ""npm.package.maintainers""}, {""value"": ""kusor <kusorbox@gmail.com>"", ""role"": ""maintainer"", ""source_field"": ""npm.package.maintainers""}, {""value"": ""michael.hicks <michael.hicks@joyent.com>"", ""role"": ""maintainer"", ""source_field"": ""npm.package.maintainers""}, {""value"": ""bahamat <bahamat@digitalelf.net>"", ""role"": ""maintainer"", ""source_field"": ""npm.package.maintainers""}, {""value"": ""tpaul <Tr@visPaul.me>"", ""role"": ""maintainer"", ""source_field"": ""npm.package.maintainers""}, {""value"": ""kebesays <danmcd@edgecast.io>"", ""role"": ""maintainer"", ""source_field"": ""npm.package.maintainers""}, {""value"": ""trentm <trentm@gmail.com>"", ""role"": ""maintainer"", ""source_field"": ""npm.package.maintainers""}, {""value"": ""dap <dap@cs.brown.edu>"", ""role"": ""maintainer"", ""source_field"": ""npm.package.maintainers""}, {""value"": ""jclulow <josh@sysmgr.org>"", ""role"": ""maintainer"", ""source_field"": ""npm.package.maintainers""}, {""value"": ""arekinath <alex@cooperi.net>"", ""role"": ""maintainer"", ""source_field"": ""npm.package.maintainers""}, {""value"": ""melloc <melloc@writev.io>"", ""role"": ""maintainer"", ""source_field"": ""npm.package.maintainers""}, {""value"": ""kellymclaughlin <kelly.mclaughlin@joyent.com>"", ""role"": ""maintainer"", ""source_field"": ""npm.package.maintainers""}, {""value"": ""bahamat <bahamat@digitalelf.net>"", ""role"": ""publisher_account"", ""source_field"": ""npm.version._npmUser""}]",https://registry.npmjs.org/jsprim/-/jsprim-1.4.2.tgz,integrity;sha1,sha512-P2bSOMAc/ciLz6DzgjVlGJP9+BrJWu5UDGK70C2iweC5QBIeFf0ZXRvGjEj2uYgrY2MkAAhsSWHDWlFtEroZWw==;712c65533a15c878ba59e9ed5f0e26d5b77c5feb,high,,2026-07-27T15:31:13.846591+00:00,matched,partially_correct,weak_inference,high,manual_review,"The proposed value matches the registry-derived party, but its recorded role is maintainer, which is not automatically equivalent to a CycloneDX supplier.",yes,SEM-SUP-04,2026-08-01T16:58:31.468528+00:00
pkg:npm/isexe@4.0.0,NPM-03,npm,cdxgen,sboms_raw/cdxgen/NPM-03_angular_cyclonedx.json,1467,isexe,4.0.0,pkg:npm/isexe@4.0.0,supplier,,Isaac Z. Schlueter,npm_registry,https://registry.npmjs.org/isexe,registry_supplier_lookup,high,2026-07-27T10:17:56.684032+00:00,,,out_of_scope,medium,evidence_confidence_high;evidence_retrieval_successful;exact_version_confirmed;new_value_present;old_value_was_missing;supplier_semantics_unverified,,"The value is syntactically plausible, but supplier semantics cannot be established through deterministic checks.",yes,yes,"Supplier semantics require interpretation of organization, author, maintainer, or scope evidence.",yes,high,2026-07-27T10:58:06.437303+00:00,VAL-2b24121477250b84,npm,llm_semantic_review,"Supplier meaning cannot be established deterministically from author, maintainer, scope, developer, or organization metadata.",yes,yes_sample,supplier_semantics_unverified,yes,supplier_out_of_scope,16,,,,,,,success,True,isexe,https://registry.npmjs.org/isexe,BlueOak-1.0.0,https://github.com/isaacs/isexe,Isaac Z. Schlueter,Isaac Z. Schlueter,author,npm.version.author,"[{""value"": ""Isaac Z. Schlueter <i@izs.me>"", ""role"": ""author"", ""source_field"": ""npm.version.author""}, {""value"": ""Isaac Z. Schlueter <i@izs.me>"", ""role"": ""author"", ""source_field"": ""npm.package.author""}, {""value"": ""isaacs <i@izs.me>"", ""role"": ""maintainer"", ""source_field"": ""npm.version.maintainers""}, {""value"": ""isaacs <i@izs.me>"", ""role"": ""maintainer"", ""source_field"": ""npm.package.maintainers""}, {""value"": ""isaacs <i@izs.me>"", ""role"": ""publisher_account"", ""source_field"": ""npm.version._npmUser""}]",https://registry.npmjs.org/isexe/-/isexe-4.0.0.tgz,integrity;sha1,sha512-FFUtZMpoZ8RqHS3XeXEmHWLA4thH+ZxCv2lOiPIn1Xc7CxrqhWzNSDzD+/chS/zbYezmiwWLdQC09JdQKmthOw==;48f6576af8e87a18feb796b7ed5e2e5903b43dca,high,,2026-07-27T15:30:45.718556+00:00,matched,partially_correct,weak_inference,high,manual_review,"The proposed value matches the registry-derived party, but its recorded role is author, which is not automatically equivalent to a CycloneDX supplier.",yes,SEM-SUP-04,2026-08-01T16:58:31.468530+00:00
pkg:npm/%40typescript-eslint/eslint-plugin@8.18.1,NPM-01,npm,cdxgen,sboms_raw/cdxgen/NPM-01_react_cyclonedx.json,7092,eslint-plugin,8.18.1,pkg:npm/%40typescript-eslint/eslint-plugin@8.18.1,supplier,,@typescript-eslint,npm_registry,https://registry.npmjs.org/%40typescript-eslint%2Feslint-plugin,registry_supplier_lookup,high,2026-07-27T10:17:56.684032+00:00,,,out_of_scope,medium,evidence_confidence_high;evidence_retrieval_successful;exact_version_confirmed;new_value_present;npm_scope_as_supplier;old_value_was_missing,,The value is an npm scope. Static checks cannot establish that the scope owner is equivalent to a CycloneDX supplier.,yes,yes,"Supplier semantics require interpretation of organization, author, maintainer, or scope evidence.",yes,high,2026-07-27T10:58:06.437303+00:00,VAL-93d2a5ed9af0f0f0,npm,llm_semantic_review,"Supplier meaning cannot be established deterministically from author, maintainer, scope, developer, or organization metadata.",yes,yes_sample,npm_scope_supplier_semantics,yes,supplier_out_of_scope,17,,,,,,,success,True,@typescript-eslint/eslint-plugin,https://registry.npmjs.org/%40typescript-eslint%2Feslint-plugin,MIT,https://github.com/typescript-eslint/typescript-eslint,@typescript-eslint,@typescript-eslint,npm_scope,npm.package.name,"[{""value"": ""jameshenry <james@henry.sc>"", ""role"": ""maintainer"", ""source_field"": ""npm.version.maintainers""}, {""value"": ""bradzacher <brad.zacher@gmail.com>"", ""role"": ""maintainer"", ""source_field"": ""npm.version.maintainers""}, {""value"": ""jameshenry <james@henry.sc>"", ""role"": ""maintainer"", ""source_field"": ""npm.package.maintainers""}, {""value"": ""bradzacher <brad.zacher@gmail.com>"", ""role"": ""maintainer"", ""source_field"": ""npm.package.maintainers""}, {""value"": ""jameshenry <james@henry.sc>"", ""role"": ""publisher_account"", ""source_field"": ""npm.version._npmUser""}, {""value"": ""@typescript-eslint"", ""role"": ""npm_scope"", ""source_field"": ""npm.package.name""}]",https://registry.npmjs.org/@typescript-eslint/eslint-plugin/-/eslint-plugin-8.18.1.tgz,integrity;sha1,sha512-Ncvsq5CT3Gvh+uJG0Lwlho6suwDfUXH0HztslDf5I+F2wAFAZMRwYLEorumpKLzmO2suAXZ/td1tBg4NZIi9CQ==;992e5ac1553ce20d0d46aa6eccd79dc36dedc805,high,,2026-07-27T15:07:57.798324+00:00,matched,partially_correct,weak_inference,high,manual_review,"The proposed value matches the registry-derived party, but its recorded role is npm_scope, which is not automatically equivalent to a CycloneDX supplier.",yes,SEM-SUP-04,2026-08-01T16:58:31.468533+00:00
pkg:npm/convert-source-map@1.8.0,MAV-03,maven,cdxgen,sboms_raw/cdxgen/MAV-03_flink_cyclonedx.json,139,convert-source-map,1.8.0,pkg:npm/convert-source-map@1.8.0,supplier,,Thorsten Lorenz,npm_registry,https://registry.npmjs.org/convert-source-map,registry_supplier_lookup,high,2026-07-27T10:17:56.684032+00:00,,,out_of_scope,medium,evidence_confidence_high;evidence_retrieval_successful;exact_version_confirmed;maven_organization_or_developer;new_value_present;old_value_was_missing,,The value may come from a Maven organization or developer field. Static checks cannot determine whether it is the actual supplier.,yes,yes,"Supplier semantics require interpretation of organization, author, maintainer, or scope evidence.",yes,high,2026-07-27T10:58:06.437303+00:00,VAL-a7781d3afe20e5ab,maven,llm_semantic_review,"Supplier meaning cannot be established deterministically from author, maintainer, scope, developer, or organization metadata.",yes,yes_sample,maven_supplier_semantics,yes,supplier_out_of_scope,18,,,,,,,success,True,convert-source-map,https://registry.npmjs.org/convert-source-map,MIT,git://github.com/thlorenz/convert-source-map,Thorsten Lorenz,Thorsten Lorenz,author,npm.version.author,"[{""value"": ""Thorsten Lorenz <thlorenz@gmx.de>"", ""role"": ""author"", ""source_field"": ""npm.version.author""}, {""value"": ""Thorsten Lorenz <thlorenz@gmx.de>"", ""role"": ""author"", ""source_field"": ""npm.package.author""}, {""value"": ""thlorenz <thlorenz10@gmail.com>"", ""role"": ""maintainer"", ""source_field"": ""npm.version.maintainers""}, {""value"": ""phated <blaine.bublitz@gmail.com>"", ""role"": ""maintainer"", ""source_field"": ""npm.package.maintainers""}, {""value"": ""thlorenz <thlorenz10@gmail.com>"", ""role"": ""maintainer"", ""source_field"": ""npm.package.maintainers""}, {""value"": ""thlorenz <thlorenz10@gmail.com>"", ""role"": ""publisher_account"", ""source_field"": ""npm.version._npmUser""}]",https://registry.npmjs.org/convert-source-map/-/convert-source-map-1.8.0.tgz,integrity;sha1,sha512-+OQdjP49zViI/6i7nIJpA8rAl4sV/JdPfU9nZs3VqOwGIgizICvuN2ru6fMd+4llL0tar18UYJXfZ/TWtmhUjA==;f3373c32d21b4d780dd8004514684fb791ca4369,high,,2026-07-27T17:20:02.842535+00:00,matched,partially_correct,weak_inference,high,manual_review,"The proposed value matches the registry-derived party, but its recorded role is author, which is not automatically equivalent to a CycloneDX supplier.",yes,SEM-SUP-04,2026-08-01T16:58:31.468536+00:00
pkg:npm/%40babel/plugin-syntax-jsx@7.24.1,NPM-01,npm,cdxgen,sboms_raw/cdxgen/NPM-01_react_cyclonedx.json,858,plugin-syntax-jsx,7.24.1,pkg:npm/%40babel/plugin-syntax-jsx@7.24.1,supplier,,@babel,npm_registry,https://registry.npmjs.org/%40babel%2Fplugin-syntax-jsx,registry_supplier_lookup,high,2026-07-27T10:17:56.684032+00:00,,,out_of_scope,medium,evidence_confidence_high;evidence_retrieval_successful;exact_version_confirmed;new_value_present;npm_scope_as_supplier;old_value_was_missing,,The value is an npm scope. Static checks cannot establish that the scope owner is equivalent to a CycloneDX supplier.,yes,yes,"Supplier semantics require interpretation of organization, author, maintainer, or scope evidence.",yes,high,2026-07-27T10:58:06.437303+00:00,VAL-ef3df587b902b3d3,npm,llm_semantic_review,"Supplier meaning cannot be established deterministically from author, maintainer, scope, developer, or organization metadata.",yes,yes_sample,npm_scope_supplier_semantics,yes,supplier_out_of_scope,19,,,,,,,success,True,@babel/plugin-syntax-jsx,https://registry.npmjs.org/%40babel%2Fplugin-syntax-jsx,MIT,https://github.com/babel/babel,@babel,@babel,npm_scope,npm.package.name,"[{""value"": ""The Babel Team (https://babel.dev/team)"", ""role"": ""author"", ""source_field"": ""npm.version.author""}, {""value"": ""The Babel Team (https://babel.dev/team)"", ""role"": ""author"", ""source_field"": ""npm.package.author""}, {""value"": ""hzoo <hi@henryzoo.com>"", ""role"": ""maintainer"", ""source_field"": ""npm.version.maintainers""}, {""value"": ""existentialism <bng412@gmail.com>"", ""role"": ""maintainer"", ""source_field"": ""npm.version.maintainers""}, {""value"": ""nicolo-ribaudo <nicolo.ribaudo@gmail.com>"", ""role"": ""maintainer"", ""source_field"": ""npm.version.maintainers""}, {""value"": ""jlhwung <jlhwung@gmail.com>"", ""role"": ""maintainer"", ""source_field"": ""npm.version.maintainers""}, {""value"": ""hzoo <hi@henryzoo.com>"", ""role"": ""maintainer"", ""source_field"": ""npm.package.maintainers""}, {""value"": ""existentialism <bng412@gmail.com>"", ""role"": ""maintainer"", ""source_field"": ""npm.package.maintainers""}, {""value"": ""nicolo-ribaudo <hello+npm@nicr.dev>"", ""role"": ""maintainer"", ""source_field"": ""npm.package.maintainers""}, {""value"": ""jlhwung <jlhwung@gmail.com>"", ""role"": ""maintainer"", ""source_field"": ""npm.package.maintainers""}, {""value"": ""nicolo-ribaudo <nicolo.ribaudo@gmail.com>"", ""role"": ""publisher_account"", ""source_field"": ""npm.version._npmUser""}, {""value"": ""@babel"", ""role"": ""npm_scope"", ""source_field"": ""npm.package.name""}]",https://registry.npmjs.org/@babel/plugin-syntax-jsx/-/plugin-syntax-jsx-7.24.1.tgz,integrity;sha1,sha512-2eCtxZXf+kbkMIsXS4poTvT4Yu5rXiRa+9xGVT56raghjmBTKMpFNc9R4IDiB4emao9eO22Ox7CxuJG7BgExqA==;3f6ca04b8c841811dbc3c5c5f837934e0d626c10,high,,2026-07-27T14:57:32.753987+00:00,matched,partially_correct,weak_inference,high,manual_review,"The proposed value matches the registry-derived party, but its recorded role is npm_scope, which is not automatically equivalent to a CycloneDX supplier.",yes,SEM-SUP-04,2026-08-01T16:58:31.468538+00:00
pkg:npm/fdir@6.5.0,NPM-05,npm,cdxgen,sboms_raw/cdxgen/NPM-05_core_cyclonedx.json,333,fdir,6.5.0,pkg:npm/fdir@6.5.0,supplier,,thecodrr,npm_registry,https://registry.npmjs.org/fdir,registry_supplier_lookup,high,2026-07-27T10:17:56.684032+00:00,,,out_of_scope,medium,evidence_confidence_high;evidence_retrieval_successful;exact_version_confirmed;new_value_present;old_value_was_missing;supplier_semantics_unverified,,"The value is syntactically plausible, but supplier semantics cannot be established through deterministic checks.",yes,yes,"Supplier semantics require interpretation of organization, author, maintainer, or scope evidence.",yes,high,2026-07-27T10:58:06.437303+00:00,VAL-6d82416420f96b3f,npm,llm_semantic_review,"Supplier meaning cannot be established deterministically from author, maintainer, scope, developer, or organization metadata.",yes,yes_sample,supplier_semantics_unverified,yes,supplier_out_of_scope,20,,,,,,,success,True,fdir,https://registry.npmjs.org/fdir,MIT,https://github.com/thecodrr/fdir,thecodrr,thecodrr,author,npm.version.author,"[{""value"": ""thecodrr <thecodrr@protonmail.com>"", ""role"": ""author"", ""source_field"": ""npm.version.author""}, {""value"": ""thecodrr <thecodrr@protonmail.com>"", ""role"": ""author"", ""source_field"": ""npm.package.author""}, {""value"": ""thecodrr <enkaboot@gmail.com>"", ""role"": ""maintainer"", ""source_field"": ""npm.version.maintainers""}, {""value"": ""thecodrr <enkaboot@gmail.com>"", ""role"": ""maintainer"", ""source_field"": ""npm.package.maintainers""}, {""value"": ""thecodrr <enkaboot@gmail.com>"", ""role"": ""publisher_account"", ""source_field"": ""npm.version._npmUser""}]",https://registry.npmjs.org/fdir/-/fdir-6.5.0.tgz,integrity;sha1,sha512-tIbYtZbucOs0BRGqPJkshJUYdL+SDH7dVM8gjy+ERp3WAUjLEFJE+02kanyHtwjWOnwrKYBiwAmM0p4kLJAnXg==;ed2ab967a331ade62f18d077dae192684d50d350,high,,2026-07-27T15:15:27.298265+00:00,matched,partially_correct,weak_inference,high,manual_review,"The proposed value matches the registry-derived party, but its recorded role is author, which is not automatically equivalent to a CycloneDX supplier.",yes,SEM-SUP-04,2026-08-01T16:58:31.468541+00:00
pkg:npm/object.getownpropertydescriptors@2.1.0,NPM-01,npm,cdxgen,sboms_raw/cdxgen/NPM-01_react_cyclonedx.json,2202,object.getownpropertydescriptors,2.1.0,pkg:npm/object.getownpropertydescriptors@2.1.0,supplier,,Jordan Harband,npm_registry,https://registry.npmjs.org/object.getownpropertydescriptors,registry_supplier_lookup,high,2026-07-27T10:17:56.684032+00:00,,,out_of_scope,medium,evidence_confidence_high;evidence_retrieval_successful;exact_version_confirmed;new_value_present;old_value_was_missing;supplier_semantics_unverified,,"The value is syntactically plausible, but supplier semantics cannot be established through deterministic checks.",yes,yes,"Supplier semantics require interpretation of organization, author, maintainer, or scope evidence.",yes,high,2026-07-27T10:58:06.437303+00:00,VAL-a14d760802789a35,npm,llm_semantic_review,"Supplier meaning cannot be established deterministically from author, maintainer, scope, developer, or organization metadata.",yes,yes_sample,supplier_semantics_unverified,yes,supplier_out_of_scope,21,,,,,,,success,True,object.getownpropertydescriptors,https://registry.npmjs.org/object.getownpropertydescriptors,MIT,git://github.com/es-shims/object.getownpropertydescriptors,Jordan Harband,Jordan Harband,author,npm.version.author,"[{""value"": ""Jordan Harband <ljharb@gmail.com>"", ""role"": ""author"", ""source_field"": ""npm.version.author""}, {""value"": ""Jordan Harband <ljharb@gmail.com>"", ""role"": ""author"", ""source_field"": ""npm.package.author""}, {""value"": ""es-shims-owner <ljharb+esshims@gmail.com>"", ""role"": ""maintainer"", ""source_field"": ""npm.version.maintainers""}, {""value"": ""ljharb <ljharb@gmail.com>"", ""role"": ""maintainer"", ""source_field"": ""npm.version.maintainers""}, {""value"": ""ljharb <ljharb@gmail.com>"", ""role"": ""maintainer"", ""source_field"": ""npm.package.maintainers""}, {""value"": ""ljharb <ljharb@gmail.com>"", ""role"": ""publisher_account"", ""source_field"": ""npm.version._npmUser""}]",https://registry.npmjs.org/object.getownpropertydescriptors/-/object.getownpropertydescriptors-2.1.0.tgz,integrity;sha1,sha512-Z53Oah9A3TdLoblT7VKJaTDdXdT+lQO+cNpKVnya5JDe9uLvzu1YyY1yFDFrcxrlRgWrEFH0jJtD/IbuwjcEVg==;369bf1f9592d8ab89d712dced5cb81c7c5352649,high,,2026-07-27T15:03:30.673531+00:00,matched,partially_correct,weak_inference,high,manual_review,"The proposed value matches the registry-derived party, but its recorded role is author, which is not automatically equivalent to a CycloneDX supplier.",yes,SEM-SUP-04,2026-08-01T16:58:31.468545+00:00
pkg:npm/arrify@1.0.1,NPM-03,npm,cdxgen,sboms_raw/cdxgen/NPM-03_angular_cyclonedx.json,789,arrify,1.0.1,pkg:npm/arrify@1.0.1,supplier,,Sindre Sorhus,npm_registry,https://registry.npmjs.org/arrify,registry_supplier_lookup,high,2026-07-27T10:17:56.684032+00:00,,,out_of_scope,medium,evidence_confidence_high;evidence_retrieval_successful;exact_version_confirmed;new_value_present;old_value_was_missing;supplier_semantics_unverified,,"The value is syntactically plausible, but supplier semantics cannot be established through deterministic checks.",yes,yes,"Supplier semantics require interpretation of organization, author, maintainer, or scope evidence.",yes,high,2026-07-27T10:58:06.437303+00:00,VAL-9edc5982d45c556a,npm,llm_semantic_review,"Supplier meaning cannot be established deterministically from author, maintainer, scope, developer, or organization metadata.",yes,yes_sample,supplier_semantics_unverified,yes,supplier_out_of_scope,22,,,,,,,success,True,arrify,https://registry.npmjs.org/arrify,MIT,https://github.com/sindresorhus/arrify,Sindre Sorhus,Sindre Sorhus,author,npm.version.author,"[{""value"": ""Sindre Sorhus <sindresorhus@gmail.com>"", ""role"": ""author"", ""source_field"": ""npm.version.author""}, {""value"": ""Sindre Sorhus <sindresorhus@gmail.com>"", ""role"": ""author"", ""source_field"": ""npm.package.author""}, {""value"": ""sindresorhus <sindresorhus@gmail.com>"", ""role"": ""maintainer"", ""source_field"": ""npm.version.maintainers""}, {""value"": ""sindresorhus <sindresorhus@gmail.com>"", ""role"": ""maintainer"", ""source_field"": ""npm.package.maintainers""}, {""value"": ""sindresorhus <sindresorhus@gmail.com>"", ""role"": ""publisher_account"", ""source_field"": ""npm.version._npmUser""}]",https://registry.npmjs.org/arrify/-/arrify-1.0.1.tgz,integrity;sha1,sha512-3CYzex9M9FGQjCGMGyi6/31c8GJbgb0qGyrx5HWxPd0aCwh4cB2YjMb2Xf9UuoogrMrlO9cTqnB5rI5GHZTcUA==;898508da2226f380df904728456849c1501a4b0d,high,,2026-07-27T15:26:43.614356+00:00,matched,partially_correct,weak_inference,high,manual_review,"The proposed value matches the registry-derived party, but its recorded role is author, which is not automatically equivalent to a CycloneDX supplier.",yes,SEM-SUP-04,2026-08-01T16:58:31.468547+00:00
pkg:npm/typed-array-byte-offset@1.0.3,MAV-03,maven,cdxgen,sboms_raw/cdxgen/MAV-03_flink_cyclonedx.json,1204,typed-array-byte-offset,1.0.3,pkg:npm/typed-array-byte-offset@1.0.3,supplier,,Jordan Harband,npm_registry,https://registry.npmjs.org/typed-array-byte-offset,registry_supplier_lookup,high,2026-07-27T10:17:56.684032+00:00,,,out_of_scope,medium,evidence_confidence_high;evidence_retrieval_successful;exact_version_confirmed;maven_organization_or_developer;new_value_present;old_value_was_missing,,The value may come from a Maven organization or developer field. Static checks cannot determine whether it is the actual supplier.,yes,yes,"Supplier semantics require interpretation of organization, author, maintainer, or scope evidence.",yes,high,2026-07-27T10:58:06.437303+00:00,VAL-3b21e2ba05b2d941,maven,llm_semantic_review,"Supplier meaning cannot be established deterministically from author, maintainer, scope, developer, or organization metadata.",yes,yes_sample,maven_supplier_semantics,yes,supplier_out_of_scope,23,,,,,,,success,True,typed-array-byte-offset,https://registry.npmjs.org/typed-array-byte-offset,MIT,https://github.com/inspect-js/typed-array-byte-offset,Jordan Harband,Jordan Harband,author,npm.version.author,"[{""value"": ""Jordan Harband <ljharb@gmail.com>"", ""role"": ""author"", ""source_field"": ""npm.version.author""}, {""value"": ""Jordan Harband <ljharb@gmail.com>"", ""role"": ""author"", ""source_field"": ""npm.package.author""}, {""value"": ""ljharb <ljharb@gmail.com>"", ""role"": ""maintainer"", ""source_field"": ""npm.version.maintainers""}, {""value"": ""ljharb <ljharb@gmail.com>"", ""role"": ""maintainer"", ""source_field"": ""npm.package.maintainers""}, {""value"": ""ljharb <ljharb@gmail.com>"", ""role"": ""publisher_account"", ""source_field"": ""npm.version._npmUser""}]",https://registry.npmjs.org/typed-array-byte-offset/-/typed-array-byte-offset-1.0.3.tgz,integrity;sha1,sha512-GsvTyUHTriq6o/bHcTd0vM7OQ9JEdlvluu9YISaA7+KzDzPaIzEeDFNkTfhdE3MYcNhNi0vq/LlegYgIs5yPAw==;3fa9f22567700cc86aaf86a1e7176f74b59600f2,high,,2026-07-27T17:26:30.609037+00:00,matched,partially_correct,weak_inference,high,manual_review,"The proposed value matches the registry-derived party, but its recorded role is author, which is not automatically equivalent to a CycloneDX supplier.",yes,SEM-SUP-04,2026-08-01T16:58:31.468550+00:00
pkg:npm/convert-source-map@1.9.0,NPM-03,npm,cdxgen,sboms_raw/cdxgen/NPM-03_angular_cyclonedx.json,983,convert-source-map,1.9.0,pkg:npm/convert-source-map@1.9.0,supplier,,Thorsten Lorenz,npm_registry,https://registry.npmjs.org/convert-source-map,registry_supplier_lookup,high,2026-07-27T10:17:56.684032+00:00,,,out_of_scope,medium,evidence_confidence_high;evidence_retrieval_successful;exact_version_confirmed;new_value_present;old_value_was_missing;supplier_semantics_unverified,,"The value is syntactically plausible, but supplier semantics cannot be established through deterministic checks.",yes,yes,"Supplier semantics require interpretation of organization, author, maintainer, or scope evidence.",yes,high,2026-07-27T10:58:06.437303+00:00,VAL-7e1378c740a94e10,npm,llm_semantic_review,"Supplier meaning cannot be established deterministically from author, maintainer, scope, developer, or organization metadata.",yes,yes_sample,supplier_semantics_unverified,yes,supplier_out_of_scope,24,,,,,,,success,True,convert-source-map,https://registry.npmjs.org/convert-source-map,MIT,git://github.com/thlorenz/convert-source-map,Thorsten Lorenz,Thorsten Lorenz,author,npm.version.author,"[{""value"": ""Thorsten Lorenz <thlorenz@gmx.de>"", ""role"": ""author"", ""source_field"": ""npm.version.author""}, {""value"": ""Thorsten Lorenz <thlorenz@gmx.de>"", ""role"": ""author"", ""source_field"": ""npm.package.author""}, {""value"": ""thlorenz <thlorenz10@gmail.com>"", ""role"": ""maintainer"", ""source_field"": ""npm.version.maintainers""}, {""value"": ""phated <blaine.bublitz@gmail.com>"", ""role"": ""maintainer"", ""source_field"": ""npm.package.maintainers""}, {""value"": ""thlorenz <thlorenz10@gmail.com>"", ""role"": ""maintainer"", ""source_field"": ""npm.package.maintainers""}, {""value"": ""thlorenz <thlorenz10@gmail.com>"", ""role"": ""publisher_account"", ""source_field"": ""npm.version._npmUser""}]",https://registry.npmjs.org/convert-source-map/-/convert-source-map-1.9.0.tgz,integrity;sha1,sha512-ASFBup0Mz1uyiIjANan1jzLQami9z1PoYSZCiiYW2FczPbenXc45FZdBZLzOT+r6+iciuEModtmCti+hjaAk0A==;7faae62353fb4213366d0ca98358d22e8368b05f,high,,2026-07-27T15:27:54.274376+00:00,matched,partially_correct,weak_inference,high,manual_review,"The proposed value matches the registry-derived party, but its recorded role is author, which is not automatically equivalent to a CycloneDX supplier.",yes,SEM-SUP-04,2026-08-01T16:58:31.468552+00:00
pkg:npm/ip-address@10.2.0,NPM-03,npm,cdxgen,sboms_raw/cdxgen/NPM-03_angular_cyclonedx.json,1388,ip-address,10.2.0,pkg:npm/ip-address@10.2.0,supplier,,Beau Gunderson,npm_registry,https://registry.npmjs.org/ip-address,registry_supplier_lookup,high,2026-07-27T10:17:56.684032+00:00,,,out_of_scope,medium,evidence_confidence_high;evidence_retrieval_successful;exact_version_confirmed;new_value_present;old_value_was_missing;supplier_semantics_unverified,,"The value is syntactically plausible, but supplier semantics cannot be established through deterministic checks.",yes,yes,"Supplier semantics require interpretation of organization, author, maintainer, or scope evidence.",yes,high,2026-07-27T10:58:06.437303+00:00,VAL-fec2b064434d8dfe,npm,llm_semantic_review,"Supplier meaning cannot be established deterministically from author, maintainer, scope, developer, or organization metadata.",yes,yes_sample,supplier_semantics_unverified,yes,supplier_out_of_scope,25,,,,,,,success,True,ip-address,https://registry.npmjs.org/ip-address,MIT,git://github.com/beaugunderson/ip-address,Beau Gunderson,Beau Gunderson,author,npm.version.author,"[{""value"": ""Beau Gunderson <beau@beaugunderson.com>"", ""role"": ""author"", ""source_field"": ""npm.version.author""}, {""value"": ""Beau Gunderson <beau@beaugunderson.com>"", ""role"": ""author"", ""source_field"": ""npm.package.author""}, {""value"": ""beaugunderson <beau@beaugunderson.com>"", ""role"": ""maintainer"", ""source_field"": ""npm.version.maintainers""}, {""value"": ""beaugunderson <beau@beaugunderson.com>"", ""role"": ""maintainer"", ""source_field"": ""npm.package.maintainers""}, {""value"": ""beaugunderson <beau@beaugunderson.com>"", ""role"": ""publisher_account"", ""source_field"": ""npm.version._npmUser""}]",https://registry.npmjs.org/ip-address/-/ip-address-10.2.0.tgz,integrity;sha1,sha512-/+S6j4E9AHvW9SWMSEY9Xfy66O5PWvVEJ08O0y5JGyEKQpojb0K0GKpz/v5HJ/G0vi3D2sjGK78119oXZeE0qA==;805fc178b20c518bd4c8548b24fe30892d7f3206,high,,2026-07-27T15:30:20.132765+00:00,matched,partially_correct,weak_inference,high,manual_review,"The proposed value matches the registry-derived party, but its recorded role is author, which is not automatically equivalent to a CycloneDX supplier.",yes,SEM-SUP-04,2026-08-01T16:58:31.468555+00:00
pkg:npm/path-root@0.1.1,NPM-03,npm,cdxgen,sboms_raw/cdxgen/NPM-03_angular_cyclonedx.json,1797,path-root,0.1.1,pkg:npm/path-root@0.1.1,supplier,,Jon Schlinkert,npm_registry,https://registry.npmjs.org/path-root,registry_supplier_lookup,high,2026-07-27T10:17:56.684032+00:00,,,out_of_scope,medium,evidence_confidence_high;evidence_retrieval_successful;exact_version_confirmed;new_value_present;old_value_was_missing;supplier_semantics_unverified,,"The value is syntactically plausible, but supplier semantics cannot be established through deterministic checks.",yes,yes,"Supplier semantics require interpretation of organization, author, maintainer, or scope evidence.",yes,high,2026-07-27T10:58:06.437303+00:00,VAL-050961d0710267e0,npm,llm_semantic_review,"Supplier meaning cannot be established deterministically from author, maintainer, scope, developer, or organization metadata.",yes,yes_sample,supplier_semantics_unverified,yes,supplier_out_of_scope,26,,,,,,,success,True,path-root,https://registry.npmjs.org/path-root,MIT,https://github.com/jonschlinkert/path-root,Jon Schlinkert,Jon Schlinkert,author,npm.version.author,"[{""value"": ""Jon Schlinkert"", ""role"": ""author"", ""source_field"": ""npm.version.author""}, {""value"": ""Jon Schlinkert"", ""role"": ""author"", ""source_field"": ""npm.package.author""}, {""value"": ""jonschlinkert <github@sellside.com>"", ""role"": ""maintainer"", ""source_field"": ""npm.version.maintainers""}, {""value"": ""jonschlinkert <github@sellside.com>"", ""role"": ""maintainer"", ""source_field"": ""npm.package.maintainers""}, {""value"": ""jonschlinkert <github@sellside.com>"", ""role"": ""publisher_account"", ""source_field"": ""npm.version._npmUser""}]",https://registry.npmjs.org/path-root/-/path-root-0.1.1.tgz,integrity;sha1,sha512-QLcPegTHF11axjfojBIoDygmS2E3Lf+8+jI6wOVmNVenrKSo3mFdSGiIgdSHenczw3wPtlVMQaFVwGmM7BJdtg==;9a4a6814cac1c0cd73360a95f32083c8ea4745b7,high,,2026-07-27T15:03:46.007918+00:00,matched,partially_correct,weak_inference,high,manual_review,"The proposed value matches the registry-derived party, but its recorded role is author, which is not automatically equivalent to a CycloneDX supplier.",yes,SEM-SUP-04,2026-08-01T16:58:31.468557+00:00
pkg:npm/%40reach/observe-rect@1.2.0,NPM-01,npm,cdxgen,sboms_raw/cdxgen/NPM-01_react_cyclonedx.json,1120,observe-rect,1.2.0,pkg:npm/%40reach/observe-rect@1.2.0,supplier,,@reach,npm_registry,https://registry.npmjs.org/%40reach%2Fobserve-rect,registry_supplier_lookup,high,2026-07-27T10:17:56.684032+00:00,,,out_of_scope,medium,evidence_confidence_high;evidence_retrieval_successful;exact_version_confirmed;new_value_present;npm_scope_as_supplier;old_value_was_missing,,The value is an npm scope. Static checks cannot establish that the scope owner is equivalent to a CycloneDX supplier.,yes,yes,"Supplier semantics require interpretation of organization, author, maintainer, or scope evidence.",yes,high,2026-07-27T10:58:06.437303+00:00,VAL-9e1c64609eca0280,npm,llm_semantic_review,"Supplier meaning cannot be established deterministically from author, maintainer, scope, developer, or organization metadata.",yes,yes_sample,npm_scope_supplier_semantics,yes,supplier_out_of_scope,27,,,,,,,success,True,@reach/observe-rect,https://registry.npmjs.org/%40reach%2Fobserve-rect,MIT,https://github.com/reach/observe-rect,@reach,@reach,npm_scope,npm.package.name,"[{""value"": ""React Training <hello@reacttraining.com>"", ""role"": ""author"", ""source_field"": ""npm.version.author""}, {""value"": ""React Training <hello@reacttraining.com>"", ""role"": ""author"", ""source_field"": ""npm.package.author""}, {""value"": ""blainekasten <blainekasten@gmail.com>"", ""role"": ""maintainer"", ""source_field"": ""npm.version.maintainers""}, {""value"": ""chancestrickland <chance.strickland@gmail.com>"", ""role"": ""maintainer"", ""source_field"": ""npm.version.maintainers""}, {""value"": ""mjackson <npm@mjackson.me>"", ""role"": ""maintainer"", ""source_field"": ""npm.version.maintainers""}, {""value"": ""ryanflorence <rpflorence@gmail.com>"", ""role"": ""maintainer"", ""source_field"": ""npm.version.maintainers""}, {""value"": ""ryanflorence <rpflorence@gmail.com>"", ""role"": ""maintainer"", ""source_field"": ""npm.package.maintainers""}, {""value"": ""mjackson <mjijackson+npm@gmail.com>"", ""role"": ""maintainer"", ""source_field"": ""npm.package.maintainers""}, {""value"": ""chancestrickland <chance.strickland@gmail.com>"", ""role"": ""publisher_account"", ""source_field"": ""npm.version._npmUser""}, {""value"": ""@reach"", ""role"": ""npm_scope"", ""source_field"": ""npm.package.name""}]",https://registry.npmjs.org/@reach/observe-rect/-/observe-rect-1.2.0.tgz,integrity;sha1,sha512-Ba7HmkFgfQxZqqaeIWWkNK0rEhpxVQHIoVyW1YDSkGsGIXzcaW4deC8B0pZrNSSyLTdIk7y+5olKt5+g0GmFIQ==;d7a6013b8aafcc64c778a0ccb83355a11204d3b2,high,,2026-07-27T14:58:27.312183+00:00,matched,partially_correct,weak_inference,high,manual_review,"The proposed value matches the registry-derived party, but its recorded role is npm_scope, which is not automatically equivalent to a CycloneDX supplier.",yes,SEM-SUP-04,2026-08-01T16:58:31.468560+00:00
pkg:npm/%40algolia/ingestion@1.23.4,NPM-01,npm,cdxgen,sboms_raw/cdxgen/NPM-01_react_cyclonedx.json,6892,ingestion,1.23.4,pkg:npm/%40algolia/ingestion@1.23.4,supplier,,@algolia,npm_registry,https://registry.npmjs.org/%40algolia%2Fingestion,registry_supplier_lookup,high,2026-07-27T10:17:56.684032+00:00,,,out_of_scope,medium,evidence_confidence_high;evidence_retrieval_successful;exact_version_confirmed;new_value_present;npm_scope_as_supplier;old_value_was_missing,,The value is an npm scope. Static checks cannot establish that the scope owner is equivalent to a CycloneDX supplier.,yes,yes,"Supplier semantics require interpretation of organization, author, maintainer, or scope evidence.",yes,high,2026-07-27T10:58:06.437303+00:00,VAL-4f4238bd5dd0e437,npm,llm_semantic_review,"Supplier meaning cannot be established deterministically from author, maintainer, scope, developer, or organization metadata.",yes,yes_sample,npm_scope_supplier_semantics,yes,supplier_out_of_scope,28,,,,,,,success,True,@algolia/ingestion,https://registry.npmjs.org/%40algolia%2Fingestion,MIT,https://github.com/algolia/algoliasearch-client-javascript,@algolia,@algolia,npm_scope,npm.package.name,"[{""value"": ""Algolia"", ""role"": ""author"", ""source_field"": ""npm.version.author""}, {""value"": ""Algolia"", ""role"": ""author"", ""source_field"": ""npm.package.author""}, {""value"": ""lukyvj <lucas.bonomi@gmail.com>"", ""role"": ""maintainer"", ""source_field"": ""npm.version.maintainers""}, {""value"": ""ejaldorau <emmanuelle.jaldorau@algolia.com>"", ""role"": ""maintainer"", ""source_field"": ""npm.version.maintainers""}, {""value"": ""haroenv <hello@haroen.me>"", ""role"": ""maintainer"", ""source_field"": ""npm.version.maintainers""}, {""value"": ""rayrutjes <raymond.rutjes@gmail.com>"", ""role"": ""maintainer"", ""source_field"": ""npm.version.maintainers""}, {""value"": ""jerska <matthieu.dumont@algolia.com>"", ""role"": ""maintainer"", ""source_field"": ""npm.version.maintainers""}, {""value"": ""samouss <samuel.vllnt@gmail.com>"", ""role"": ""maintainer"", ""source_field"": ""npm.version.maintainers""}, {""value"": ""therealwebby <alex@alexjwebb.com>"", ""role"": ""maintainer"", ""source_field"": ""npm.version.maintainers""}, {""value"": ""francoischalifour <francois.chalifour@gmail.com>"", ""role"": ""maintainer"", ""source_field"": ""npm.version.maintainers""}, {""value"": ""tkrugg <contact@ymammar.com>"", ""role"": ""maintainer"", ""source_field"": ""npm.version.maintainers""}, {""value"": ""seafoox <seafoox@gmail.com>"", ""role"": ""maintainer"", ""source_field"": ""npm.version.maintainers""}, {""value"": ""sylvainh <sylvain.huprelle@algolia.com>"", ""role"": ""maintainer"", ""source_field"": ""npm.version.maintainers""}, {""value"": ""lorrissaintgenez <lorris.saint-genez@algolia.com>"", ""role"": ""maintainer"", ""source_field"": ""npm.version.maintainers""}, {""value"": ""broujo <johann.broudin@gmail.com>"", ""role"": ""maintainer"", ""source_field"": ""npm.version.maintainers""}, {""value"": ""e-krebs <eprhbs@gmail.com>"", ""role"": ""maintainer"", ""source_field"": ""npm.version.maintainers""}, {""value"": ""kombucha <vincentlemeunier+npm@gmail.com>"", ""role"": ""maintainer"", ""source_field"": ""npm.version.maintainers""}, {""value"": ""sylvain <sylvain.bellone@gmail.com>"", ""role"": ""maintainer"", ""source_field"": ""npm.version.maintainers""}, {""value"": ""crawler-team <support+crawler@algolia.com>"", ""role"": ""maintainer"", ""source_field"": ""npm.version.maintainers""}, {""value"": ""amcdaid106 <aoife.mcdaid@gmail.com>"", ""role"": ""maintainer"", ""source_field"": ""npm.version.maintainers""}, {""value"": ""devinalgolia <devin@algolia.com>"", ""role"": ""maintainer"", ""source_field"": ""npm.version.maintainers""}, {""value"": ""jvenezia <veneziajeremy@gmail.com>"", ""role"": ""maintainer"", ""source_field"": ""npm.version.maintainers""}, {""value"": ""otomatik <thomas.dalous@gmail.com>"", ""role"": ""maintainer"", ""source_field"": ""npm.version.maintainers""}, {""value"": ""sarahdayan <hello@sarahdayan.com>"", ""role"": ""maintainer"", ""source_field"": ""npm.version.maintainers""}, {""value"": ""maximehuang <maxime.huang@algolia.com>"", ""role"": ""maintainer"", ""source_field"": ""npm.version.maintainers""}, {""value"": ""guitek <guillaume.truchot@algolia.com>"", ""role"": ""maintainer"", ""source_field"": ""npm.version.maintainers""}, {""value"": ""matthewbond <matthew.bond@algolia.com>"", ""role"": ""maintainer"", ""source_field"": ""npm.version.maintainers""}, {""value"": ""shaejaz <shaejaz5@gmail.com>"", ""role"": ""maintainer"", ""source_field"": ""npm.version.maintainers""}, {""value"": ""cyril.descossy <cyril.descossy@algolia.com>"", ""role"": ""maintainer"", ""source_field"": ""npm.version.maintainers""}, {""value"": ""tatsuro <tatsuro.handa@algolia.com>"", ""role"": ""maintainer"", ""source_field"": ""npm.version.maintainers""}, {""value"": ""mathougui <guillaume.dessain@algolia.com>"", ""role"": ""maintainer"", ""source_field"": ""npm.version.maintainers""}, {""value"": ""xavdh <xav.dhalluin@gmail.com>"", ""role"": ""maintainer"", ""source_field"": ""npm.version.maintainers""}, {""value"": ""agdavid <antonio.g.david@gmail.com>"", ""role"": ""maintainer"", ""source_field"": ""npm.version.maintainers""}, {""value"": ""rasemotte <claire.helme-guizon@algolia.com>"", ""role"": ""maintainer"", ""source_field"": ""npm.version.maintainers""}, {""value"": ""plnech <dev@plnech.fr>"", ""role"": ""maintainer"", ""source_field"": ""npm.version.maintainers""}, {""value"": ""shortcuts <clement.vannicatte@algolia.com>"", ""role"": ""maintainer"", ""source_field"": ""npm.version.maintainers""}, {""value"": ""praagyajoshi <praagya.joshi@gmail.com>"", ""role"": ""maintainer"", ""source_field"": ""npm.version.maintainers""}, {""value"": ""alphonseb <alphonse.bouy@gmail.com>"", ""role"": ""maintainer"", ""source_field"": ""npm.version.maintainers""}, {""value"": ""leodau <bluedraggy@gmail.com>"", ""role"": ""maintainer"", ""source_field"": ""npm.version.maintainers""}, {""value"": ""fabienmotte <contact@fabienmotte.com>"", ""role"": ""maintainer"", ""source_field"": ""npm.version.maintainers""}, {""value"": ""sarahfranc <sarah.franc@algolia.com>"", ""role"": ""maintainer"", ""source_field"": ""npm.version.maintainers""}, {""value"": ""millotp <millotpierre3@gmail.com>"", ""role"": ""maintainer"", ""source_field"": ""npm.version.maintainers""}, {""value"": ""daltondickalgolia <dalton.dick@algolia.com>"", ""role"": ""maintainer"", ""source_field"": ""npm.version.maintainers""}, {""value"": ""dhaya.b <dhaya.benmessaoud@algolia.com>"", ""role"": ""maintainer"", ""source_field"": ""npm.version.maintainers""}, {""value"": ""bengreenbank <benjamingeoffrey.greenbank@algolia.com>"", ""role"": ""maintainer"", ""source_field"": ""npm.version.maintainers""}, {""value"": ""algabet <aurelien.gabet@algolia.com>"", ""role"": ""maintainer"", ""source_field"": ""npm.version.maintainers""}, {""value"": ""alg-bgastinne <benoit.gastinne@algolia.com>"", ""role"": ""maintainer"", ""source_field"": ""npm.version.maintainers""}, {""value"": ""emmanuel.fortin <emmanuel.fortin@algolia.com>"", ""role"": ""maintainer"", ""source_field"": ""npm.version.maintainers""}, {""value"": ""dylantientcheu <dylan.tientcheu@algolia.com>"", ""role"": ""maintainer"", ""source_field"": ""npm.version.maintainers""}, {""value"": ""andy_ds <andreas.destefani@algolia.com>"", ""role"": ""maintainer"", ""source_field"": ""npm.version.maintainers""}, {""value"": ""robertmogos <robert.mogos@algolia.com>"", ""role"": ""maintainer"", ""source_field"": ""npm.version.maintainers""}, {""value"": ""jcohonner-algolia <jerome.cohonner@algolia.com>"", ""role"": ""maintainer"", ""source_field"": ""npm.version.maintainers""}, {""value"": ""catalgolia <claudia.rodriguez-schroeder@algolia.com>"", ""role"": ""maintainer"", ""source_field"": ""npm.version.maintainers""}, {""value"": ""raed-algolia <raed.chammam@algolia.com>"", ""role"": ""maintainer"", ""source_field"": ""npm.version.maintainers""}, {""value"": ""aymeric.giraudet <aymeric.giraudet@gmail.com>"", ""role"": ""maintainer"", ""source_field"": ""npm.version.maintainers""}, {""value"": ""pjankowski5312 <paul.jankowski@algolia.com>"", ""role"": ""maintainer"", ""source_field"": ""npm.version.maintainers""}, {""value"": ""valentindotxyz <valentin@hey.com>"", ""role"": ""maintainer"", ""source_field"": ""npm.version.maintainers""}, {""value"": ""eventexperiences_algolia <team-event-experiences-engineering@algolia.com>"", ""role"": ""maintainer"", ""source_field"": ""npm.version.maintainers""}, {""value"": ""taylorcjohnson_algolia <taylor.johnson@algolia.com>"", ""role"": ""maintainer"", ""source_field"": ""npm.version.maintainers""}, {""value"": ""sfaiqh <sfaiqh@gmail.com>"", ""role"": ""maintainer"", ""source_field"": ""npm.version.maintainers""}, {""value"": ""instantsearch-bot <instantsearch-bot@algolia.com>"", ""role"": ""maintainer"", ""source_field"": ""npm.version.maintainers""}, {""value"": ""fluf <thomas.raffray@icloud.com>"", ""role"": ""maintainer"", ""source_field"": ""npm.version.maintainers""}, {""value"": ""leviwhalen <levi@leviwhalen.com>"", ""role"": ""maintainer"", ""source_field"": ""npm.version.maintainers""}, {""value"": ""abodelot <alexandre.bodelot@gmail.com>"", ""role"": ""maintainer"", ""source_field"": ""npm.version.maintainers""}, {""value"": ""mprevell97 <matt.revell@algolia.com>"", ""role"": ""maintainer"", ""source_field"": ""npm.version.maintainers""}, {""value"": ""jkaho <jessica.hong@algolia.com>"", ""role"": ""maintainer"", ""source_field"": ""npm.version.maintainers""}, {""value"": ""antoine.gilles <antoine.gilles@algolia.com>"", ""role"": ""maintainer"", ""source_field"": ""npm.version.maintainers""}, {""value"": ""wwalser <waw325@gmail.com>"", ""role"": ""maintainer"", ""source_field"": ""npm.version.maintainers""}, {""value"": ""bhinchley-algolia <ben.hinchley@algolia.com>"", ""role"": ""maintainer"", ""source_field"": ""npm.version.maintainers""}, {""value"": ""louishousiaux <louis.housiaux@algolia.com>"", ""role"": ""maintainer"", ""source_field"": ""npm.version.maintainers""}, {""value"": ""jsok_algolia <jonathan.sokolowski@algolia.com>"", ""role"": ""maintainer"", ""source_field"": ""npm.version.maintainers""}, {""value"": ""alg-admin <admin@algolia.com>"", ""role"": ""maintainer"", ""source_field"": ""npm.version.maintainers""}, {""value"": ""hugowit <valla.hugo@gmail.com>"", ""role"": ""maintainer"", ""source_field"": ""npm.version.maintainers""}, {""value"": ""drodriguln <drodriguln@icloud.com>"", ""role"": ""maintainer"", ""source_field"": ""npm.version.maintainers""}, {""value"": ""scyganek-algolia <sebastian.cyganek@algolia.com>"", ""role"": ""maintainer"", ""source_field"": ""npm.version.maintainers""}, {""value"": ""jasonberry <jason@thevagabond.net>"", ""role"": ""maintainer"", ""source_field"": ""npm.version.maintainers""}, {""value"": ""bhcastle <brian.castle@algolia.com>"", ""role"": ""maintainer"", ""source_field"": ""npm.version.maintainers""}, {""value"": ""gavinwade12 <gavin.wade12@gmail.com>"", ""role"": ""maintainer"", ""source_field"": ""npm.version.maintainers""}, {""value"": ""algthomasbritton <thomaspaul.britton@algolia.com>"", ""role"": ""maintainer"", ""source_field"": ""npm.version.maintainers""}, {""value"": ""vascobettencourt <vasco.bettencourt@algolia.com>"", ""role"": ""maintainer"", ""source_field"": ""npm.version.maintainers""}, {""value"": ""mariaaalungu <maria.lungu@algolia.com>"", ""role"": ""maintainer"", ""source_field"": ""npm.version.maintainers""}, {""value"": ""cdhawke-algolia <christopher.hawke@algolia.com>"", ""role"": ""maintainer"", ""source_field"": ""npm.version.maintainers""}, {""value"": ""felipe-bernal <guillermo.bernal@algolia.com>"", ""role"": ""maintainer"", ""source_field"": ""npm.version.maintainers""}, {""value"": ""morgan-algolia2 <morgan.leroi+npm@algolia.com>"", ""role"": ""maintainer"", ""source_field"": ""npm.version.maintainers""}, {""value"": ""julia-francais <julia.francais@algolia.com>"", ""role"": ""maintainer"", ""source_field"": ""npm.version.maintainers""}, {""value"": ""jcalgo <jonathan.case@algolia.com>"", ""role"": ""maintainer"", ""source_field"": ""npm.version.maintainers""}, {""value"": ""aallam.alg <mouaad.aallam@algolia.com>"", ""role"": ""maintainer"", ""source_field"": ""npm.version.maintainers""}, {""value"": ""arlnbrln <aurelian.burlan@algolia.com>"", ""role"": ""maintainer"", ""source_field"": ""npm.version.maintainers""}, {""value"": ""minjaslavkovic <minja.slavkovic@algolia.com>"", ""role"": ""maintainer"", ""source_field"": ""npm.version.maintainers""}, {""value"": ""cmarguta-algolia <catalin.marguta@algolia.com>"", ""role"": ""maintainer"", ""source_field"": ""npm.version.maintainers""}, {""value"": ""harsharora-algolia <harsh.arora@algolia.com>"", ""role"": ""maintainer"", ""source_field"": ""npm.version.maintainers""}, {""value"": ""blaineventurine <blaineventurine@gmail.com>"", ""role"": ""maintainer"", ""source_field"": ""npm.version.maintainers""}, {""value"": ""sarahdayanalgolia <sarah.dayan@algolia.com>"", ""role"": ""maintainer"", ""source_field"": ""npm.version.maintainers""}, {""value"": ""georgios.bourikas <georgios.bourikas@algolia.com>"", ""role"": ""maintainer"", ""source_field"": ""npm.version.maintainers""}, {""value"": ""haroenv <hello@haroen.me>"", ""role"": ""maintainer"", ""source_field"": ""npm.package.maintainers""}, {""value"": ""tkrugg <contact@ymammar.com>"", ""role"": ""maintainer"", ""source_field"": ""npm.package.maintainers""}, {""value"": ""sarahdayan <dayan.sarah@gmail.com>"", ""role"": ""maintainer"", ""source_field"": ""npm.package.maintainers""}, {""value"": ""cyril.descossy <cyril.descossy@algolia.com>"", ""role"": ""maintainer"", ""source_field"": ""npm.package.maintainers""}, {""value"": ""alg-bgastinne <benoit.gastinne@algolia.com>"", ""role"": ""maintainer"", ""source_field"": ""npm.package.maintainers""}, {""value"": ""emmanuel.fortin <emmanuel.fortin@algolia.com>"", ""role"": ""maintainer"", ""source_field"": ""npm.package.maintainers""}, {""value"": ""robertmogos <robert.mogos@algolia.com>"", ""role"": ""maintainer"", ""source_field"": ""npm.package.maintainers""}, {""value"": ""jinste <stephane.jin@algolia.com>"", ""role"": ""maintainer"", ""source_field"": ""npm.package.maintainers""}, {""value"": ""eventexperiences_algolia <team-event-experiences-engineering@algolia.com>"", ""role"": ""maintainer"", ""source_field"": ""npm.package.maintainers""}, {""value"": ""alg-admin <admin@algolia.com>"", ""role"": ""maintainer"", ""source_field"": ""npm.package.maintainers""}, {""value"": ""sarahdayanalgolia <sarah.dayan@algolia.com>"", ""role"": ""maintainer"", ""source_field"": ""npm.package.maintainers""}, {""value"": ""morgan-algolia2 <morgan.leroi+npm@algolia.com>"", ""role"": ""maintainer"", ""source_field"": ""npm.package.maintainers""}, {""value"": ""fluf <thomas.raffray@icloud.com>"", ""role"": ""maintainer"", ""source_field"": ""npm.package.maintainers""}, {""value"": ""eric-zaharia <zahariaeric@gmail.com>"", ""role"": ""maintainer"", ""source_field"": ""npm.package.maintainers""}, {""value"": ""sylvain <sylvain.bellone@gmail.com>"", ""role"": ""maintainer"", ""source_field"": ""npm.package.maintainers""}, {""value"": ""marioalgolia <mario.dan@algolia.com>"", ""role"": ""maintainer"", ""source_field"": ""npm.package.maintainers""}, {""value"": ""shortcuts <clement.vannicatte@algolia.com>"", ""role"": ""maintainer"", ""source_field"": ""npm.package.maintainers""}, {""value"": ""shortcuts <clement.vannicatte@algolia.com>"", ""role"": ""publisher_account"", ""source_field"": ""npm.version._npmUser""}, {""value"": ""@algolia"", ""role"": ""npm_scope"", ""source_field"": ""npm.package.name""}]",https://registry.npmjs.org/@algolia/ingestion/-/ingestion-1.23.4.tgz,integrity;sha1,sha512-Si6rFuGnSeEUPU9QchYvbknvEIyCRK7nkeaPVQdZpABU7m4V/tsiWdHmjVodtx3h20VZivJdHeQO9XbHxBOcCw==;f542907b13e7bb97dede32101cb86ce7e8482318,high,,2026-07-27T15:06:29.971246+00:00,matched,partially_correct,weak_inference,high,manual_review,"The proposed value matches the registry-derived party, but its recorded role is npm_scope, which is not automatically equivalent to a CycloneDX supplier.",yes,SEM-SUP-04,2026-08-01T16:58:31.468565+00:00
pkg:npm/base64-js@0.0.8,NPM-01,npm,cdxgen,sboms_raw/cdxgen/NPM-01_react_cyclonedx.json,1395,base64-js,0.0.8,pkg:npm/base64-js@0.0.8,supplier,,T. Jameson Little,npm_registry,https://registry.npmjs.org/base64-js,registry_supplier_lookup,high,2026-07-27T10:17:56.684032+00:00,,,out_of_scope,medium,evidence_confidence_high;evidence_retrieval_successful;exact_version_confirmed;new_value_present;old_value_was_missing;supplier_semantics_unverified,,"The value is syntactically plausible, but supplier semantics cannot be established through deterministic checks.",yes,yes,"Supplier semantics require interpretation of organization, author, maintainer, or scope evidence.",yes,high,2026-07-27T10:58:06.437303+00:00,VAL-eff03b55bc359544,npm,llm_semantic_review,"Supplier meaning cannot be established deterministically from author, maintainer, scope, developer, or organization metadata.",yes,yes_sample,supplier_semantics_unverified,yes,supplier_out_of_scope,29,,,,,,,success,True,base64-js,https://registry.npmjs.org/base64-js,MIT,git://github.com/beatgammit/base64-js,T. Jameson Little,T. Jameson Little,author,npm.version.author,"[{""value"": ""T. Jameson Little <t.jameson.little@gmail.com>"", ""role"": ""author"", ""source_field"": ""npm.version.author""}, {""value"": ""T. Jameson Little <t.jameson.little@gmail.com>"", ""role"": ""author"", ""source_field"": ""npm.package.author""}, {""value"": ""beatgammit <t.jameson.little@gmail.com>"", ""role"": ""maintainer"", ""source_field"": ""npm.version.maintainers""}, {""value"": ""feross <feross@feross.org>"", ""role"": ""maintainer"", ""source_field"": ""npm.version.maintainers""}, {""value"": ""beatgammit <t.jameson.little@gmail.com>"", ""role"": ""maintainer"", ""source_field"": ""npm.package.maintainers""}, {""value"": ""feross <feross@feross.org>"", ""role"": ""maintainer"", ""source_field"": ""npm.package.maintainers""}, {""value"": ""feross <feross@feross.org>"", ""role"": ""publisher_account"", ""source_field"": ""npm.version._npmUser""}]",https://registry.npmjs.org/base64-js/-/base64-js-0.0.8.tgz,integrity;sha1,sha512-3XSA2cR/h/73EzlXXdU6YNycmYI7+kicTxks4eJg2g39biHR84slg2+des+p7iHYhbRg/udIS4TD53WabcOUkw==;1101e9544f4a76b1bc3b26d452ca96d7a35e7978,high,,2026-07-27T15:00:36.991871+00:00,matched,partially_correct,weak_inference,high,manual_review,"The proposed value matches the registry-derived party, but its recorded role is author, which is not automatically equivalent to a CycloneDX supplier.",yes,SEM-SUP-04,2026-08-01T16:58:31.468568+00:00
pkg:npm/readdirp@4.1.2,MAV-03,maven,cdxgen,sboms_raw/cdxgen/MAV-03_flink_cyclonedx.json,138,readdirp,4.1.2,pkg:npm/readdirp@4.1.2,supplier,,Thorsten Lorenz,npm_registry,https://registry.npmjs.org/readdirp,registry_supplier_lookup,high,2026-07-27T10:17:56.684032+00:00,,,out_of_scope,medium,evidence_confidence_high;evidence_retrieval_successful;exact_version_confirmed;maven_organization_or_developer;new_value_present;old_value_was_missing,,The value may come from a Maven organization or developer field. Static checks cannot determine whether it is the actual supplier.,yes,yes,"Supplier semantics require interpretation of organization, author, maintainer, or scope evidence.",yes,high,2026-07-27T10:58:06.437303+00:00,VAL-d043ca86d32ecf81,maven,llm_semantic_review,"Supplier meaning cannot be established deterministically from author, maintainer, scope, developer, or organization metadata.",yes,yes_sample,maven_supplier_semantics,yes,supplier_out_of_scope,30,,,,,,,success,True,readdirp,https://registry.npmjs.org/readdirp,MIT,git://github.com/paulmillr/readdirp,Thorsten Lorenz,Thorsten Lorenz,author,npm.version.author,"[{""value"": ""Thorsten Lorenz <thlorenz@gmx.de>"", ""role"": ""author"", ""source_field"": ""npm.version.author""}, {""value"": ""Thorsten Lorenz <thlorenz@gmx.de>"", ""role"": ""author"", ""source_field"": ""npm.package.author""}, {""value"": ""paulmillr <paul@paulmillr.com>"", ""role"": ""maintainer"", ""source_field"": ""npm.version.maintainers""}, {""value"": ""thlorenz <thlorenz10@gmail.com>"", ""role"": ""maintainer"", ""source_field"": ""npm.version.maintainers""}, {""value"": ""paulmillr <paul@paulmillr.com>"", ""role"": ""maintainer"", ""source_field"": ""npm.package.maintainers""}, {""value"": ""thlorenz <thlorenz10@gmail.com>"", ""role"": ""maintainer"", ""source_field"": ""npm.package.maintainers""}, {""value"": ""paulmillr <paul@paulmillr.com>"", ""role"": ""publisher_account"", ""source_field"": ""npm.version._npmUser""}]",https://registry.npmjs.org/readdirp/-/readdirp-4.1.2.tgz,integrity;sha1,sha512-GDhwkLfywWL2s6vEjyhri+eXmfH6j1L7JE27WhqLeYzoh/A3DBaYGEj2H/HFZCn/kMfim73FXxEJTw06WtxQwg==;eb85801435fbf2a7ee58f19e0921b068fc69948d,high,,2026-07-27T15:04:12.606456+00:00,matched,partially_correct,weak_inference,high,manual_review,"The proposed value matches the registry-derived party, but its recorded role is author, which is not automatically equivalent to a CycloneDX supplier.",yes,SEM-SUP-04,2026-08-01T16:58:31.468571+00:00
pkg:npm/%40csstools/css-tokenizer@4.0.0,NPM-05,npm,cdxgen,sboms_raw/cdxgen/NPM-05_core_cyclonedx.json,22,css-tokenizer,4.0.0,pkg:npm/%40csstools/css-tokenizer@4.0.0,supplier,,@csstools,npm_registry,https://registry.npmjs.org/%40csstools%2Fcss-tokenizer,registry_supplier_lookup,high,2026-07-27T10:17:56.684032+00:00,,,out_of_scope,medium,evidence_confidence_high;evidence_retrieval_successful;exact_version_confirmed;new_value_present;npm_scope_as_supplier;old_value_was_missing,,The value is an npm scope. Static checks cannot establish that the scope owner is equivalent to a CycloneDX supplier.,yes,yes,"Supplier semantics require interpretation of organization, author, maintainer, or scope evidence.",yes,high,2026-07-27T10:58:06.437303+00:00,VAL-e5ed04083dc33203,npm,llm_semantic_review,"Supplier meaning cannot be established deterministically from author, maintainer, scope, developer, or organization metadata.",yes,yes_sample,npm_scope_supplier_semantics,yes,supplier_out_of_scope,31,,,,,,,success,True,@csstools/css-tokenizer,https://registry.npmjs.org/%40csstools%2Fcss-tokenizer,MIT,https://github.com/csstools/postcss-plugins,@csstools,@csstools,npm_scope,npm.package.name,"[{""value"": ""jonathantneal <jonathantneal@hotmail.com>"", ""role"": ""maintainer"", ""source_field"": ""npm.version.maintainers""}, {""value"": ""alaguna <sombragriselros@gmail.com>"", ""role"": ""maintainer"", ""source_field"": ""npm.version.maintainers""}, {""value"": ""romainmenke <romainmenke@gmail.com>"", ""role"": ""maintainer"", ""source_field"": ""npm.version.maintainers""}, {""value"": ""jonathantneal <jonathantneal@hotmail.com>"", ""role"": ""maintainer"", ""source_field"": ""npm.package.maintainers""}, {""value"": ""alaguna <sombragriselros@gmail.com>"", ""role"": ""maintainer"", ""source_field"": ""npm.package.maintainers""}, {""value"": ""romainmenke <romainmenke@gmail.com>"", ""role"": ""maintainer"", ""source_field"": ""npm.package.maintainers""}, {""value"": ""romainmenke <romainmenke@gmail.com>"", ""role"": ""publisher_account"", ""source_field"": ""npm.version._npmUser""}, {""value"": ""@csstools"", ""role"": ""npm_scope"", ""source_field"": ""npm.package.name""}]",https://registry.npmjs.org/@csstools/css-tokenizer/-/css-tokenizer-4.0.0.tgz,integrity;sha1,sha512-QxULHAm7cNu72w97JUNCBFODFaXpbDg+dP8b/oWFAZ2MTRppA3U00Y2L1HqaS4J6yBqxwa/Y3nMBaxVKbB/NsA==;798a33950d11226a0ebb6acafa60f5594424967f,high,,2026-07-27T15:21:02.536747+00:00,matched,partially_correct,weak_inference,high,manual_review,"The proposed value matches the registry-derived party, but its recorded role is npm_scope, which is not automatically equivalent to a CycloneDX supplier.",yes,SEM-SUP-04,2026-08-01T16:58:31.468573+00:00
pkg:npm/ansi-regex@6.2.2,NPM-05,npm,cdxgen,sboms_raw/cdxgen/NPM-05_core_cyclonedx.json,225,ansi-regex,6.2.2,pkg:npm/ansi-regex@6.2.2,supplier,,Sindre Sorhus,npm_registry,https://registry.npmjs.org/ansi-regex,registry_supplier_lookup,high,2026-07-27T10:17:56.684032+00:00,,,out_of_scope,medium,evidence_confidence_high;evidence_retrieval_successful;exact_version_confirmed;new_value_present;old_value_was_missing;supplier_semantics_unverified,,"The value is syntactically plausible, but supplier semantics cannot be established through deterministic checks.",yes,yes,"Supplier semantics require interpretation of organization, author, maintainer, or scope evidence.",yes,high,2026-07-27T10:58:06.437303+00:00,VAL-2207d2e58e59995a,npm,llm_semantic_review,"Supplier meaning cannot be established deterministically from author, maintainer, scope, developer, or organization metadata.",yes,yes_sample,supplier_semantics_unverified,yes,supplier_out_of_scope,32,,,,,,,success,True,ansi-regex,https://registry.npmjs.org/ansi-regex,MIT,https://github.com/chalk/ansi-regex,Sindre Sorhus,Sindre Sorhus,author,npm.version.author,"[{""value"": ""Sindre Sorhus <sindresorhus@gmail.com>"", ""role"": ""author"", ""source_field"": ""npm.version.author""}, {""value"": ""Sindre Sorhus <sindresorhus@gmail.com>"", ""role"": ""author"", ""source_field"": ""npm.package.author""}, {""value"": ""sindresorhus <sindresorhus@gmail.com>"", ""role"": ""maintainer"", ""source_field"": ""npm.version.maintainers""}, {""value"": ""sindresorhus <sindresorhus@gmail.com>"", ""role"": ""maintainer"", ""source_field"": ""npm.package.maintainers""}, {""value"": ""sindresorhus <sindresorhus@gmail.com>"", ""role"": ""publisher_account"", ""source_field"": ""npm.version._npmUser""}]",https://registry.npmjs.org/ansi-regex/-/ansi-regex-6.2.2.tgz,integrity;sha1,sha512-Bq3SmSpyFHaWjPk8If9yc6svM8c56dB5BAtW4Qbw5jHTwwXXcTLoRMkpDJp6VL0XzlWaCHTXrkFURMYmD0sLqg==;60216eea464d864597ce2832000738a0589650c1,high,,2026-07-27T15:14:50.145115+00:00,matched,partially_correct,weak_inference,high,manual_review,"The proposed value matches the registry-derived party, but its recorded role is author, which is not automatically equivalent to a CycloneDX supplier.",yes,SEM-SUP-04,2026-08-01T16:58:31.468575+00:00
pkg:npm/%40next/swc-linux-arm64-gnu@15.5.7,NPM-01,npm,cdxgen,sboms_raw/cdxgen/NPM-01_react_cyclonedx.json,7495,swc-linux-arm64-gnu,15.5.7,pkg:npm/%40next/swc-linux-arm64-gnu@15.5.7,supplier,,@next,npm_registry,https://registry.npmjs.org/%40next%2Fswc-linux-arm64-gnu,registry_supplier_lookup,high,2026-07-27T10:17:56.684032+00:00,,,out_of_scope,medium,evidence_confidence_high;evidence_retrieval_successful;exact_version_confirmed;new_value_present;npm_scope_as_supplier;old_value_was_missing,,The value is an npm scope. Static checks cannot establish that the scope owner is equivalent to a CycloneDX supplier.,yes,yes,"Supplier semantics require interpretation of organization, author, maintainer, or scope evidence.",yes,high,2026-07-27T10:58:06.437303+00:00,VAL-2be79860be30ecfa,npm,llm_semantic_review,"Supplier meaning cannot be established deterministically from author, maintainer, scope, developer, or organization metadata.",yes,yes_sample,npm_scope_supplier_semantics,yes,supplier_out_of_scope,33,,,,,,,success,True,@next/swc-linux-arm64-gnu,https://registry.npmjs.org/%40next%2Fswc-linux-arm64-gnu,MIT,https://github.com/vercel/next.js,@next,@next,npm_scope,npm.package.name,"[{""value"": ""vercel-release-bot <infra+release@vercel.com>"", ""role"": ""maintainer"", ""source_field"": ""npm.version.maintainers""}, {""value"": ""rauchg <rauchg@gmail.com>"", ""role"": ""maintainer"", ""source_field"": ""npm.version.maintainers""}, {""value"": ""timneutkens <timneutkens@icloud.com>"", ""role"": ""maintainer"", ""source_field"": ""npm.version.maintainers""}, {""value"": ""timer <timer150@gmail.com>"", ""role"": ""maintainer"", ""source_field"": ""npm.version.maintainers""}, {""value"": ""matt.straka <matt.j.straka@gmail.com>"", ""role"": ""maintainer"", ""source_field"": ""npm.version.maintainers""}, {""value"": ""vercel-release-bot <infra+release@vercel.com>"", ""role"": ""maintainer"", ""source_field"": ""npm.package.maintainers""}, {""value"": ""matt.straka <matt.j.straka@gmail.com>"", ""role"": ""maintainer"", ""source_field"": ""npm.package.maintainers""}, {""value"": ""vercel-release-bot <infra+release@vercel.com>"", ""role"": ""publisher_account"", ""source_field"": ""npm.version._npmUser""}, {""value"": ""@next"", ""role"": ""npm_scope"", ""source_field"": ""npm.package.name""}]",https://registry.npmjs.org/@next/swc-linux-arm64-gnu/-/swc-linux-arm64-gnu-15.5.7.tgz,integrity;sha1,sha512-NCslw3GrNIw7OgmRBxHtdWFQYhexoUCq+0oS2ccjyYLtcn1SzGzeM54jpTFonIMUjNbHmpKpziXnpxhSWLcmBA==;fe7c7e08264cf522d4e524299f6d3e63d68d579a,high,,2026-07-27T15:11:13.448024+00:00,matched,partially_correct,weak_inference,high,manual_review,"The proposed value matches the registry-derived party, but its recorded role is npm_scope, which is not automatically equivalent to a CycloneDX supplier.",yes,SEM-SUP-04,2026-08-01T16:58:31.468578+00:00
pkg:npm/eslint-plugin-import@2.31.0,MAV-03,maven,cdxgen,sboms_raw/cdxgen/MAV-03_flink_cyclonedx.json,1154,eslint-plugin-import,2.31.0,pkg:npm/eslint-plugin-import@2.31.0,supplier,,Ben Mosher,npm_registry,https://registry.npmjs.org/eslint-plugin-import,registry_supplier_lookup,high,2026-07-27T10:17:56.684032+00:00,,,out_of_scope,medium,evidence_confidence_high;evidence_retrieval_successful;exact_version_confirmed;maven_organization_or_developer;new_value_present;old_value_was_missing,,The value may come from a Maven organization or developer field. Static checks cannot determine whether it is the actual supplier.,yes,yes,"Supplier semantics require interpretation of organization, author, maintainer, or scope evidence.",yes,high,2026-07-27T10:58:06.437303+00:00,VAL-df508dcbdd090fc6,maven,llm_semantic_review,"Supplier meaning cannot be established deterministically from author, maintainer, scope, developer, or organization metadata.",yes,yes_sample,maven_supplier_semantics,yes,supplier_out_of_scope,34,,,,,,,success,True,eslint-plugin-import,https://registry.npmjs.org/eslint-plugin-import,MIT,https://github.com/import-js/eslint-plugin-import,Ben Mosher,Ben Mosher,author,npm.version.author,"[{""value"": ""Ben Mosher <me@benmosher.com>"", ""role"": ""author"", ""source_field"": ""npm.version.author""}, {""value"": ""Ben Mosher <me@benmosher.com>"", ""role"": ""author"", ""source_field"": ""npm.package.author""}, {""value"": ""benmosher <me@benmosher.com>"", ""role"": ""maintainer"", ""source_field"": ""npm.version.maintainers""}, {""value"": ""ljharb <ljharb@gmail.com>"", ""role"": ""maintainer"", ""source_field"": ""npm.version.maintainers""}, {""value"": ""jfmengels <jfm.engels@gmail.com>"", ""role"": ""maintainer"", ""source_field"": ""npm.version.maintainers""}, {""value"": ""benmosher <me@benmosher.com>"", ""role"": ""maintainer"", ""source_field"": ""npm.package.maintainers""}, {""value"": ""ljharb <ljharb@gmail.com>"", ""role"": ""maintainer"", ""source_field"": ""npm.package.maintainers""}, {""value"": ""jfmengels <jfm.engels@gmail.com>"", ""role"": ""maintainer"", ""source_field"": ""npm.package.maintainers""}, {""value"": ""ljharb <ljharb@gmail.com>"", ""role"": ""publisher_account"", ""source_field"": ""npm.version._npmUser""}]",https://registry.npmjs.org/eslint-plugin-import/-/eslint-plugin-import-2.31.0.tgz,integrity;sha1,sha512-ixmkI62Rbc2/w8Vfxyh1jQRTdRTF52VxwRVHl/ykPAmqG+Nb7/kNn+byLP0LxPgI7zWA16Jt82SybJInmMia3A==;310ce7e720ca1d9c0bb3f69adfd1c6bdd7d9e0e7,high,,2026-07-27T17:26:12.018377+00:00,matched,partially_correct,weak_inference,high,manual_review,"The proposed value matches the registry-derived party, but its recorded role is author, which is not automatically equivalent to a CycloneDX supplier.",yes,SEM-SUP-04,2026-08-01T16:58:31.468581+00:00
pkg:npm/%40harperfast/extended-iterable@1.0.3,NPM-03,npm,cdxgen,sboms_raw/cdxgen/NPM-03_angular_cyclonedx.json,289,extended-iterable,1.0.3,pkg:npm/%40harperfast/extended-iterable@1.0.3,supplier,,@harperfast,npm_registry,https://registry.npmjs.org/%40harperfast%2Fextended-iterable,registry_supplier_lookup,high,2026-07-27T10:17:56.684032+00:00,,,out_of_scope,medium,evidence_confidence_high;evidence_retrieval_successful;exact_version_confirmed;new_value_present;npm_scope_as_supplier;old_value_was_missing,,The value is an npm scope. Static checks cannot establish that the scope owner is equivalent to a CycloneDX supplier.,yes,yes,"Supplier semantics require interpretation of organization, author, maintainer, or scope evidence.",yes,high,2026-07-27T10:58:06.437303+00:00,VAL-7a79705dee4d1a21,npm,llm_semantic_review,"Supplier meaning cannot be established deterministically from author, maintainer, scope, developer, or organization metadata.",yes,yes_sample,npm_scope_supplier_semantics,yes,supplier_out_of_scope,35,,,,,,,success,True,@harperfast/extended-iterable,https://registry.npmjs.org/%40harperfast%2Fextended-iterable,Apache-2.0,ssh://git@github.com/harperdb/extended-iterable,@harperfast,@harperfast,npm_scope,npm.package.name,"[{""value"": ""Harper"", ""role"": ""author"", ""source_field"": ""npm.version.author""}, {""value"": ""Harper"", ""role"": ""author"", ""source_field"": ""npm.package.author""}, {""value"": ""dawsontoth <dawson@tothsolutions.com>"", ""role"": ""maintainer"", ""source_field"": ""npm.version.maintainers""}, {""value"": ""cb1kenobi <chris@cb1inc.com>"", ""role"": ""maintainer"", ""source_field"": ""npm.version.maintainers""}, {""value"": ""harperdb_team <npm@harperdb.io>"", ""role"": ""maintainer"", ""source_field"": ""npm.version.maintainers""}, {""value"": ""kriszyp <kriszyp@gmail.com>"", ""role"": ""maintainer"", ""source_field"": ""npm.version.maintainers""}, {""value"": ""ethan_arrowood <ethan@arrowood.dev>"", ""role"": ""maintainer"", ""source_field"": ""npm.version.maintainers""}, {""value"": ""dawsontoth <dawson@tothsolutions.com>"", ""role"": ""maintainer"", ""source_field"": ""npm.package.maintainers""}, {""value"": ""cb1kenobi <chris@cb1inc.com>"", ""role"": ""maintainer"", ""source_field"": ""npm.package.maintainers""}, {""value"": ""harperdb_team <npm@harperdb.io>"", ""role"": ""maintainer"", ""source_field"": ""npm.package.maintainers""}, {""value"": ""heskew <heskew@pm.me>"", ""role"": ""maintainer"", ""source_field"": ""npm.package.maintainers""}, {""value"": ""joshua_hdb <jjohnson@harperdb.io>"", ""role"": ""maintainer"", ""source_field"": ""npm.package.maintainers""}, {""value"": ""kriszyp <kriszyp@gmail.com>"", ""role"": ""maintainer"", ""source_field"": ""npm.package.maintainers""}, {""value"": ""ethan_arrowood <ethan@arrowood.dev>"", ""role"": ""maintainer"", ""source_field"": ""npm.package.maintainers""}, {""value"": ""kriszyp <kriszyp@gmail.com>"", ""role"": ""publisher_account"", ""source_field"": ""npm.version._npmUser""}, {""value"": ""@harperfast"", ""role"": ""npm_scope"", ""source_field"": ""npm.package.name""}]",https://registry.npmjs.org/@harperfast/extended-iterable/-/extended-iterable-1.0.3.tgz,integrity;sha1,sha512-sSAYhQca3rDWtQUHSAPeO7axFIUJOI6hn1gjRC5APVE1a90tuyT8f5WIgRsFhhWA7htNkju2veB9eWL6YHi/Lw==;471489c5058331017e821bf6c33de70fc2c073ee,high,,2026-07-27T15:22:51.161268+00:00,matched,partially_correct,weak_inference,high,manual_review,"The proposed value matches the registry-derived party, but its recorded role is npm_scope, which is not automatically equivalent to a CycloneDX supplier.",yes,SEM-SUP-04,2026-08-01T16:58:31.468583+00:00
pkg:npm/env-paths@2.2.1,MAV-03,maven,cdxgen,sboms_raw/cdxgen/MAV-03_flink_cyclonedx.json,854,env-paths,2.2.1,pkg:npm/env-paths@2.2.1,supplier,,Sindre Sorhus,npm_registry,https://registry.npmjs.org/env-paths,registry_supplier_lookup,high,2026-07-27T10:17:56.684032+00:00,,,out_of_scope,medium,evidence_confidence_high;evidence_retrieval_successful;exact_version_confirmed;maven_organization_or_developer;new_value_present;old_value_was_missing,,The value may come from a Maven organization or developer field. Static checks cannot determine whether it is the actual supplier.,yes,yes,"Supplier semantics require interpretation of organization, author, maintainer, or scope evidence.",yes,high,2026-07-27T10:58:06.437303+00:00,VAL-9ab1c9176ec1e534,maven,llm_semantic_review,"Supplier meaning cannot be established deterministically from author, maintainer, scope, developer, or organization metadata.",yes,yes_sample,maven_supplier_semantics,yes,supplier_out_of_scope,36,,,,,,,success,True,env-paths,https://registry.npmjs.org/env-paths,MIT,https://github.com/sindresorhus/env-paths,Sindre Sorhus,Sindre Sorhus,author,npm.version.author,"[{""value"": ""Sindre Sorhus <sindresorhus@gmail.com>"", ""role"": ""author"", ""source_field"": ""npm.version.author""}, {""value"": ""Sindre Sorhus <sindresorhus@gmail.com>"", ""role"": ""author"", ""source_field"": ""npm.package.author""}, {""value"": ""sindresorhus <sindresorhus@gmail.com>"", ""role"": ""maintainer"", ""source_field"": ""npm.version.maintainers""}, {""value"": ""sindresorhus <sindresorhus@gmail.com>"", ""role"": ""maintainer"", ""source_field"": ""npm.package.maintainers""}, {""value"": ""sindresorhus <sindresorhus@gmail.com>"", ""role"": ""publisher_account"", ""source_field"": ""npm.version._npmUser""}]",https://registry.npmjs.org/env-paths/-/env-paths-2.2.1.tgz,integrity;sha1,sha512-+h1lkLKhZMTYjog1VEpJNG7NZJWcuc2DDk/qsqSTRRCOXiLjeQ1d1/udrUGhqMxUgAlwKNZ0cf2uqan5GLuS2A==;420399d416ce1fbe9bc0a07c62fa68d67fd0f8f2,high,,2026-07-27T15:14:40.203483+00:00,matched,partially_correct,weak_inference,high,manual_review,"The proposed value matches the registry-derived party, but its recorded role is author, which is not automatically equivalent to a CycloneDX supplier.",yes,SEM-SUP-04,2026-08-01T16:58:31.468586+00:00
pkg:npm/%40inquirer/input@4.3.1,NPM-03,npm,cdxgen,sboms_raw/cdxgen/NPM-03_angular_cyclonedx.json,310,input,4.3.1,pkg:npm/%40inquirer/input@4.3.1,supplier,,@inquirer,npm_registry,https://registry.npmjs.org/%40inquirer%2Finput,registry_supplier_lookup,high,2026-07-27T10:17:56.684032+00:00,,,out_of_scope,medium,evidence_confidence_high;evidence_retrieval_successful;exact_version_confirmed;new_value_present;npm_scope_as_supplier;old_value_was_missing,,The value is an npm scope. Static checks cannot establish that the scope owner is equivalent to a CycloneDX supplier.,yes,yes,"Supplier semantics require interpretation of organization, author, maintainer, or scope evidence.",yes,high,2026-07-27T10:58:06.437303+00:00,VAL-68f91fe460859d78,npm,llm_semantic_review,"Supplier meaning cannot be established deterministically from author, maintainer, scope, developer, or organization metadata.",yes,yes_sample,npm_scope_supplier_semantics,yes,supplier_out_of_scope,37,,,,,,,success,True,@inquirer/input,https://registry.npmjs.org/%40inquirer%2Finput,MIT,https://github.com/SBoudrias/Inquirer.js,@inquirer,@inquirer,npm_scope,npm.package.name,"[{""value"": ""Simon Boudrias <admin@simonboudrias.com>"", ""role"": ""author"", ""source_field"": ""npm.version.author""}, {""value"": ""Simon Boudrias <admin@simonboudrias.com>"", ""role"": ""author"", ""source_field"": ""npm.package.author""}, {""value"": ""sboudrias <admin@simonboudrias.com>"", ""role"": ""maintainer"", ""source_field"": ""npm.version.maintainers""}, {""value"": ""mischah <mail@michael-kuehnel.de>"", ""role"": ""maintainer"", ""source_field"": ""npm.version.maintainers""}, {""value"": ""sboudrias <admin@simonboudrias.com>"", ""role"": ""maintainer"", ""source_field"": ""npm.package.maintainers""}, {""value"": ""mischah <mail@michael-kuehnel.de>"", ""role"": ""maintainer"", ""source_field"": ""npm.package.maintainers""}, {""value"": ""sboudrias <admin@simonboudrias.com>"", ""role"": ""publisher_account"", ""source_field"": ""npm.version._npmUser""}, {""value"": ""@inquirer"", ""role"": ""npm_scope"", ""source_field"": ""npm.package.name""}]",https://registry.npmjs.org/@inquirer/input/-/input-4.3.1.tgz,integrity;sha1,sha512-kN0pAM4yPrLjJ1XJBjDxyfDduXOuQHrBB8aLDMueuwUGn+vNpF7Gq7TvyVxx8u4SHlFFj4trmj+a2cbpG4Jn1g==;778683b4c4c4d95d05d4b05c4a854964b73565b4,high,,2026-07-27T15:23:01.380999+00:00,matched,partially_correct,weak_inference,high,manual_review,"The proposed value matches the registry-derived party, but its recorded role is npm_scope, which is not automatically equivalent to a CycloneDX supplier.",yes,SEM-SUP-04,2026-08-01T16:58:31.468588+00:00
pkg:npm/terser@5.46.0,NPM-02,npm,cdxgen,sboms_raw/cdxgen/NPM-02_axios_cyclonedx.json,338,terser,5.46.0,pkg:npm/terser@5.46.0,supplier,,Mihai Bazon,npm_registry,https://registry.npmjs.org/terser,registry_supplier_lookup,high,2026-07-27T10:17:56.684032+00:00,,,out_of_scope,medium,evidence_confidence_high;evidence_retrieval_successful;exact_version_confirmed;new_value_present;old_value_was_missing;supplier_semantics_unverified,,"The value is syntactically plausible, but supplier semantics cannot be established through deterministic checks.",yes,yes,"Supplier semantics require interpretation of organization, author, maintainer, or scope evidence.",yes,high,2026-07-27T10:58:06.437303+00:00,VAL-d46eba3468d3a1af,npm,llm_semantic_review,"Supplier meaning cannot be established deterministically from author, maintainer, scope, developer, or organization metadata.",yes,yes_sample,supplier_semantics_unverified,yes,supplier_out_of_scope,38,,,,,,,success,True,terser,https://registry.npmjs.org/terser,BSD-2-Clause,https://github.com/terser/terser,Mihai Bazon,Mihai Bazon,author,npm.version.author,"[{""value"": ""Mihai Bazon <mihai.bazon@gmail.com>"", ""role"": ""author"", ""source_field"": ""npm.version.author""}, {""value"": ""Mihai Bazon <mihai.bazon@gmail.com>"", ""role"": ""author"", ""source_field"": ""npm.package.author""}, {""value"": ""fabiosantoscode <fabiosantosart@gmail.com>"", ""role"": ""maintainer"", ""source_field"": ""npm.version.maintainers""}, {""value"": ""fabiosantoscode <fabiosantosart@gmail.com>"", ""role"": ""maintainer"", ""source_field"": ""npm.package.maintainers""}, {""value"": ""fabiosantoscode <fabiosantosart@gmail.com>"", ""role"": ""publisher_account"", ""source_field"": ""npm.version._npmUser""}]",https://registry.npmjs.org/terser/-/terser-5.46.0.tgz,integrity;sha1,sha512-jTwoImyr/QbOWFFso3YoU3ik0jBBDJ6JTOQiy/J2YxVJdZCc+5u7skhNwiOR3FQIygFqVUPHl7qbbxtjW2K3Qg==;1b81e560d584bbdd74a8ede87b4d9477b0ff9695,high,,2026-07-27T15:15:31.517814+00:00,matched,partially_correct,weak_inference,high,manual_review,"The proposed value matches the registry-derived party, but its recorded role is author, which is not automatically equivalent to a CycloneDX supplier.",yes,SEM-SUP-04,2026-08-01T16:58:31.468590+00:00
pkg:npm/dashdash@1.14.1,NPM-03,npm,cdxgen,sboms_raw/cdxgen/NPM-03_angular_cyclonedx.json,1052,dashdash,1.14.1,pkg:npm/dashdash@1.14.1,supplier,,Trent Mick,npm_registry,https://registry.npmjs.org/dashdash,registry_supplier_lookup,high,2026-07-27T10:17:56.684032+00:00,,,out_of_scope,medium,evidence_confidence_high;evidence_retrieval_successful;exact_version_confirmed;new_value_present;old_value_was_missing;supplier_semantics_unverified,,"The value is syntactically plausible, but supplier semantics cannot be established through deterministic checks.",yes,yes,"Supplier semantics require interpretation of organization, author, maintainer, or scope evidence.",yes,high,2026-07-27T10:58:06.437303+00:00,VAL-9cd5e502c07dbc24,npm,llm_semantic_review,"Supplier meaning cannot be established deterministically from author, maintainer, scope, developer, or organization metadata.",yes,yes_sample,supplier_semantics_unverified,yes,supplier_out_of_scope,39,,,,,,,success,True,dashdash,https://registry.npmjs.org/dashdash,MIT,git://github.com/trentm/node-dashdash,Trent Mick,Trent Mick,author,npm.version.author,"[{""value"": ""Trent Mick <trentm@gmail.com>"", ""role"": ""author"", ""source_field"": ""npm.version.author""}, {""value"": ""Trent Mick <trentm@gmail.com>"", ""role"": ""author"", ""source_field"": ""npm.package.author""}, {""value"": ""trentm <trentm@gmail.com>"", ""role"": ""maintainer"", ""source_field"": ""npm.version.maintainers""}, {""value"": ""trentm <trentm@gmail.com>"", ""role"": ""maintainer"", ""source_field"": ""npm.package.maintainers""}, {""value"": ""trentm <trentm@gmail.com>"", ""role"": ""publisher_account"", ""source_field"": ""npm.version._npmUser""}]",https://registry.npmjs.org/dashdash/-/dashdash-1.14.1.tgz,integrity;sha1,sha512-jRFi8UDGo6j+odZiEpjazZaWqEal3w/basFjQHQEwVtZJGDpxbH1MeYluwCS8Xq5wmLJooDlMgvVarmWfGM44g==;853cfa0f7cbe2fed5de20326b8dd581035f6e2f0,high,,2026-07-27T15:28:21.250519+00:00,matched,partially_correct,weak_inference,high,manual_review,"The proposed value matches the registry-derived party, but its recorded role is author, which is not automatically equivalent to a CycloneDX supplier.",yes,SEM-SUP-04,2026-08-01T16:58:31.468593+00:00
pkg:npm/range-parser@1.2.1,NPM-04,npm,cdxgen,sboms_raw/cdxgen/NPM-04_express_cyclonedx.json,57,range-parser,1.2.1,pkg:npm/range-parser@1.2.1,supplier,,TJ Holowaychuk,npm_registry,https://registry.npmjs.org/range-parser,registry_supplier_lookup,high,2026-07-27T10:17:56.684032+00:00,,,out_of_scope,medium,evidence_confidence_high;evidence_retrieval_successful;exact_version_confirmed;new_value_present;old_value_was_missing;supplier_semantics_unverified,,"The value is syntactically plausible, but supplier semantics cannot be established through deterministic checks.",yes,yes,"Supplier semantics require interpretation of organization, author, maintainer, or scope evidence.",yes,high,2026-07-27T10:58:06.437303+00:00,VAL-7a8697b8208f4aeb,npm,llm_semantic_review,"Supplier meaning cannot be established deterministically from author, maintainer, scope, developer, or organization metadata.",yes,yes_sample,supplier_semantics_unverified,yes,supplier_out_of_scope,40,,,,,,,success,True,range-parser,https://registry.npmjs.org/range-parser,MIT,https://github.com/jshttp/range-parser,TJ Holowaychuk,TJ Holowaychuk,author,npm.version.author,"[{""value"": ""TJ Holowaychuk <tj@vision-media.ca>"", ""role"": ""author"", ""source_field"": ""npm.version.author""}, {""value"": ""TJ Holowaychuk <tj@vision-media.ca>"", ""role"": ""author"", ""source_field"": ""npm.package.author""}, {""value"": ""dougwilson <doug@somethingdoug.com>"", ""role"": ""maintainer"", ""source_field"": ""npm.version.maintainers""}, {""value"": ""jonathanong <jonathanrichardong@gmail.com>"", ""role"": ""maintainer"", ""source_field"": ""npm.version.maintainers""}, {""value"": ""jongleberry <jonathanrichardong@gmail.com>"", ""role"": ""maintainer"", ""source_field"": ""npm.version.maintainers""}, {""value"": ""tjholowaychuk <tj@vision-media.ca>"", ""role"": ""maintainer"", ""source_field"": ""npm.version.maintainers""}, {""value"": ""ulisesgascon <ulisesgascondev@gmail.com>"", ""role"": ""maintainer"", ""source_field"": ""npm.package.maintainers""}, {""value"": ""blakeembrey <hello@blakeembrey.com>"", ""role"": ""maintainer"", ""source_field"": ""npm.package.maintainers""}, {""value"": ""tjholowaychuk <tj@vision-media.ca>"", ""role"": ""maintainer"", ""source_field"": ""npm.package.maintainers""}, {""value"": ""dougwilson <doug@somethingdoug.com>"", ""role"": ""maintainer"", ""source_field"": ""npm.package.maintainers""}, {""value"": ""jonathanong <jonathanrichardong@gmail.com>"", ""role"": ""maintainer"", ""source_field"": ""npm.package.maintainers""}, {""value"": ""jongleberry <jonathanrichardong@gmail.com>"", ""role"": ""maintainer"", ""source_field"": ""npm.package.maintainers""}, {""value"": ""dougwilson <doug@somethingdoug.com>"", ""role"": ""publisher_account"", ""source_field"": ""npm.version._npmUser""}]",https://registry.npmjs.org/range-parser/-/range-parser-1.2.1.tgz,integrity;sha1,sha512-Hrgsx+orqoygnmhFbKaHE6c296J+HTAQXoxEF6gNupROmmGJRoyzfG3ccAveqCBrwr/2yxQ5BVd/GTl5agOwSg==;3cf37023d199e1c24d1a55b84800c2f3e6468031,high,,2026-07-27T15:16:27.263892+00:00,matched,partially_correct,weak_inference,high,manual_review,"The proposed value matches the registry-derived party, but its recorded role is author, which is not automatically equivalent to a CycloneDX supplier.",yes,SEM-SUP-04,2026-08-01T16:58:31.468595+00:00
pkg:npm/mime-types@2.1.35,NPM-03,npm,cdxgen,sboms_raw/cdxgen/NPM-03_angular_cyclonedx.json,1652,mime-types,2.1.35,pkg:npm/mime-types@2.1.35,supplier,,dougwilson,npm_registry,https://registry.npmjs.org/mime-types,registry_supplier_lookup,high,2026-07-27T10:17:56.684032+00:00,,,out_of_scope,medium,evidence_confidence_high;evidence_retrieval_successful;exact_version_confirmed;new_value_present;old_value_was_missing;supplier_semantics_unverified,,"The value is syntactically plausible, but supplier semantics cannot be established through deterministic checks.",yes,yes,"Supplier semantics require interpretation of organization, author, maintainer, or scope evidence.",yes,high,2026-07-27T10:58:06.437303+00:00,VAL-cafec0d1c5d79aee,npm,llm_semantic_review,"Supplier meaning cannot be established deterministically from author, maintainer, scope, developer, or organization metadata.",yes,yes_sample,supplier_semantics_unverified,yes,supplier_out_of_scope,41,,,,,,,success,True,mime-types,https://registry.npmjs.org/mime-types,MIT,https://github.com/jshttp/mime-types,dougwilson,dougwilson,maintainer,npm.version.maintainers,"[{""value"": ""dougwilson <doug@somethingdoug.com>"", ""role"": ""maintainer"", ""source_field"": ""npm.version.maintainers""}, {""value"": ""jongleberry <jonathanrichardong@gmail.com>"", ""role"": ""maintainer"", ""source_field"": ""npm.version.maintainers""}, {""value"": ""blakeembrey <hello@blakeembrey.com>"", ""role"": ""maintainer"", ""source_field"": ""npm.package.maintainers""}, {""value"": ""wesleytodd <wes@wesleytodd.com>"", ""role"": ""maintainer"", ""source_field"": ""npm.package.maintainers""}, {""value"": ""dougwilson <doug@somethingdoug.com>"", ""role"": ""maintainer"", ""source_field"": ""npm.package.maintainers""}, {""value"": ""ulisesgascon <ulisesgascondev@gmail.com>"", ""role"": ""maintainer"", ""source_field"": ""npm.package.maintainers""}, {""value"": ""jongleberry <jonathanrichardong@gmail.com>"", ""role"": ""maintainer"", ""source_field"": ""npm.package.maintainers""}, {""value"": ""dougwilson <doug@somethingdoug.com>"", ""role"": ""publisher_account"", ""source_field"": ""npm.version._npmUser""}]",https://registry.npmjs.org/mime-types/-/mime-types-2.1.35.tgz,integrity;sha1,sha512-ZDY+bPm5zTTF+YpCrAU9nK0UgICYPT0QtT1NZWFv4s++TNkcgVaT0g6+4R2uI4MjQjzysHB1zxuWL50hzaeXiw==;381a871b62a734450660ae3deee44813f70d959a,high,,2026-07-27T15:13:22.268150+00:00,matched,partially_correct,weak_inference,high,manual_review,"The proposed value matches the registry-derived party, but its recorded role is maintainer, which is not automatically equivalent to a CycloneDX supplier.",yes,SEM-SUP-04,2026-08-01T16:58:31.468599+00:00
pkg:npm/less@4.3.0,MAV-03,maven,cdxgen,sboms_raw/cdxgen/MAV-03_flink_cyclonedx.json,535,less,4.3.0,pkg:npm/less@4.3.0,supplier,,Alexis Sellier,npm_registry,https://registry.npmjs.org/less,registry_supplier_lookup,high,2026-07-27T10:17:56.684032+00:00,,,out_of_scope,medium,evidence_confidence_high;evidence_retrieval_successful;exact_version_confirmed;maven_organization_or_developer;new_value_present;old_value_was_missing,,The value may come from a Maven organization or developer field. Static checks cannot determine whether it is the actual supplier.,yes,yes,"Supplier semantics require interpretation of organization, author, maintainer, or scope evidence.",yes,high,2026-07-27T10:58:06.437303+00:00,VAL-5079305d3e0da4ea,maven,llm_semantic_review,"Supplier meaning cannot be established deterministically from author, maintainer, scope, developer, or organization metadata.",yes,yes_sample,maven_supplier_semantics,yes,supplier_out_of_scope,42,,,,,,,success,True,less,https://registry.npmjs.org/less,Apache-2.0,https://github.com/less/less.js,Alexis Sellier,Alexis Sellier,author,npm.version.author,"[{""value"": ""Alexis Sellier <self@cloudhead.net>"", ""role"": ""author"", ""source_field"": ""npm.version.author""}, {""value"": ""Alexis Sellier <self@cloudhead.net>"", ""role"": ""author"", ""source_field"": ""npm.package.author""}, {""value"": ""matthew-dean <matthewdean.me@gmail.com>"", ""role"": ""maintainer"", ""source_field"": ""npm.version.maintainers""}, {""value"": ""cloudhead <alexis@cloudhead.io>"", ""role"": ""maintainer"", ""source_field"": ""npm.version.maintainers""}, {""value"": ""meri <sommeridevel@gmail.com>"", ""role"": ""maintainer"", ""source_field"": ""npm.version.maintainers""}, {""value"": ""seven-phases-max <seven.phases.max@gmail.com>"", ""role"": ""maintainer"", ""source_field"": ""npm.version.maintainers""}, {""value"": ""lukeapage <luke.a.page@gmail.com>"", ""role"": ""maintainer"", ""source_field"": ""npm.version.maintainers""}, {""value"": ""matthew-dean <matthewdean.me@gmail.com>"", ""role"": ""maintainer"", ""source_field"": ""npm.package.maintainers""}, {""value"": ""cloudhead <alexis@cloudhead.io>"", ""role"": ""maintainer"", ""source_field"": ""npm.package.maintainers""}, {""value"": ""meri <sommeridevel@gmail.com>"", ""role"": ""maintainer"", ""source_field"": ""npm.package.maintainers""}, {""value"": ""seven-phases-max <seven.phases.max@gmail.com>"", ""role"": ""maintainer"", ""source_field"": ""npm.package.maintainers""}, {""value"": ""lukeapage <luke.a.page@gmail.com>"", ""role"": ""maintainer"", ""source_field"": ""npm.package.maintainers""}, {""value"": ""matthew-dean <matthewdean.me@gmail.com>"", ""role"": ""publisher_account"", ""source_field"": ""npm.version._npmUser""}]",https://registry.npmjs.org/less/-/less-4.3.0.tgz,integrity;sha1,sha512-X9RyH9fvemArzfdP8Pi3irr7lor2Ok4rOttDXBhlwDg+wKQsXOXgHWduAJE1EsF7JJx0w0bcO6BC6tCKKYnXKA==;ef0cfc260a9ca8079ed8d0e3512bda8a12c82f2a,high,,2026-07-27T17:22:09.920998+00:00,matched,partially_correct,weak_inference,high,manual_review,"The proposed value matches the registry-derived party, but its recorded role is author, which is not automatically equivalent to a CycloneDX supplier.",yes,SEM-SUP-04,2026-08-01T16:58:31.468602+00:00
pkg:npm/find-cache-dir@3.3.2,NPM-04,npm,cdxgen,sboms_raw/cdxgen/NPM-04_express_cyclonedx.json,276,find-cache-dir,3.3.2,pkg:npm/find-cache-dir@3.3.2,supplier,,Sindre Sorhus,npm_registry,https://registry.npmjs.org/find-cache-dir,registry_supplier_lookup,high,2026-07-27T10:17:56.684032+00:00,,,out_of_scope,medium,evidence_confidence_high;evidence_retrieval_successful;exact_version_confirmed;new_value_present;old_value_was_missing;supplier_semantics_unverified,,"The value is syntactically plausible, but supplier semantics cannot be established through deterministic checks.",yes,yes,"Supplier semantics require interpretation of organization, author, maintainer, or scope evidence.",yes,high,2026-07-27T10:58:06.437303+00:00,VAL-41bd1b67a768e6a3,npm,llm_semantic_review,"Supplier meaning cannot be established deterministically from author, maintainer, scope, developer, or organization metadata.",yes,yes_sample,supplier_semantics_unverified,yes,supplier_out_of_scope,43,,,,,,,success,True,find-cache-dir,https://registry.npmjs.org/find-cache-dir,MIT,https://github.com/avajs/find-cache-dir,Sindre Sorhus,Sindre Sorhus,author,npm.package.author,"[{""value"": ""Sindre Sorhus <sindresorhus@gmail.com>"", ""role"": ""author"", ""source_field"": ""npm.package.author""}, {""value"": ""jamestalmage <james@talmage.io>"", ""role"": ""maintainer"", ""source_field"": ""npm.version.maintainers""}, {""value"": ""sindresorhus <sindresorhus@gmail.com>"", ""role"": ""maintainer"", ""source_field"": ""npm.version.maintainers""}, {""value"": ""sindresorhus <sindresorhus@gmail.com>"", ""role"": ""maintainer"", ""source_field"": ""npm.package.maintainers""}, {""value"": ""sindresorhus <sindresorhus@gmail.com>"", ""role"": ""publisher_account"", ""source_field"": ""npm.version._npmUser""}]",https://registry.npmjs.org/find-cache-dir/-/find-cache-dir-3.3.2.tgz,integrity;sha1,sha512-wXZV5emFEjrridIgED11OoUKLxiYjAcqot/NJdAkOhlJ+vGzwhOAfcG5OX1jP+S0PcjEn8bdMJv+g2jwQ3Onig==;b30c5b6eff0730731aea9bbd9dbecbd80256d64b,high,,2026-07-27T15:37:33.902030+00:00,matched,partially_correct,weak_inference,high,manual_review,"The proposed value matches the registry-derived party, but its recorded role is author, which is not automatically equivalent to a CycloneDX supplier.",yes,SEM-SUP-04,2026-08-01T16:58:31.468604+00:00
pkg:npm/exit-x@0.2.2,PY-02,pypi,cdxgen,sboms_raw/cdxgen/PY-02_django_cyclonedx.json,97,exit-x,0.2.2,pkg:npm/exit-x@0.2.2,supplier,,Grunt Development Team,npm_registry,https://registry.npmjs.org/exit-x,registry_supplier_lookup,high,2026-07-27T10:17:56.684032+00:00,,,out_of_scope,medium,evidence_confidence_high;evidence_retrieval_successful;exact_version_confirmed;new_value_present;old_value_was_missing;pypi_author_or_maintainer,,The value may represent an author or maintainer rather than a software supplier.,yes,yes,"Supplier semantics require interpretation of organization, author, maintainer, or scope evidence.",yes,high,2026-07-27T10:58:06.437303+00:00,VAL-9fb94cd4f60e0aed,pypi,llm_semantic_review,"Supplier meaning cannot be established deterministically from author, maintainer, scope, developer, or organization metadata.",yes,yes_sample,pypi_supplier_semantics,yes,supplier_out_of_scope,44,,,,,,,success,True,exit-x,https://registry.npmjs.org/exit-x,MIT,git://github.com/gruntjs/node-exit-x,Grunt Development Team,Grunt Development Team,author,npm.version.author,"[{""value"": ""Grunt Development Team"", ""role"": ""author"", ""source_field"": ""npm.version.author""}, {""value"": ""Grunt Development Team"", ""role"": ""author"", ""source_field"": ""npm.package.author""}, {""value"": ""krinkle <krinkle@fastmail.com>"", ""role"": ""maintainer"", ""source_field"": ""npm.version.maintainers""}, {""value"": ""vladikoff <vlad@vladikoff.com>"", ""role"": ""maintainer"", ""source_field"": ""npm.version.maintainers""}, {""value"": ""xhmikosr <xhmikosr@gmail.com>"", ""role"": ""maintainer"", ""source_field"": ""npm.version.maintainers""}, {""value"": ""krinkle <krinkle@fastmail.com>"", ""role"": ""maintainer"", ""source_field"": ""npm.package.maintainers""}, {""value"": ""vladikoff <vlad@vladikoff.com>"", ""role"": ""maintainer"", ""source_field"": ""npm.package.maintainers""}, {""value"": ""xhmikosr <xhmikosr@gmail.com>"", ""role"": ""maintainer"", ""source_field"": ""npm.package.maintainers""}, {""value"": ""vladikoff <vlad@vladikoff.com>"", ""role"": ""publisher_account"", ""source_field"": ""npm.version._npmUser""}]",https://registry.npmjs.org/exit-x/-/exit-x-0.2.2.tgz,integrity;sha1,sha512-+I6B/IkJc1o/2tiURyz/ivu/O0nKNEArIUB5O7zBrlDVJr22SCLH3xTeEry428LvFhRzIA1g8izguxJ/gbNcVQ==;1f9052de3b8d99a696b10dad5bced9bdd5c3aa64,high,,2026-07-27T15:29:08.251943+00:00,matched,partially_correct,weak_inference,high,manual_review,"The proposed value matches the registry-derived party, but its recorded role is author, which is not automatically equivalent to a CycloneDX supplier.",yes,SEM-SUP-04,2026-08-01T16:58:31.468607+00:00
pkg:npm/path-scurry@1.10.1,NPM-01,npm,cdxgen,sboms_raw/cdxgen/NPM-01_react_cyclonedx.json,7354,path-scurry,1.10.1,pkg:npm/path-scurry@1.10.1,supplier,,Isaac Z. Schlueter,npm_registry,https://registry.npmjs.org/path-scurry,registry_supplier_lookup,high,2026-07-27T10:17:56.684032+00:00,,,out_of_scope,medium,evidence_confidence_high;evidence_retrieval_successful;exact_version_confirmed;new_value_present;old_value_was_missing;supplier_semantics_unverified,,"The value is syntactically plausible, but supplier semantics cannot be established through deterministic checks.",yes,yes,"Supplier semantics require interpretation of organization, author, maintainer, or scope evidence.",yes,high,2026-07-27T10:58:06.437303+00:00,VAL-647dcc15810095e0,npm,llm_semantic_review,"Supplier meaning cannot be established deterministically from author, maintainer, scope, developer, or organization metadata.",yes,yes_sample,supplier_semantics_unverified,yes,supplier_out_of_scope,45,,,,,,,success,True,path-scurry,https://registry.npmjs.org/path-scurry,BlueOak-1.0.0,https://github.com/isaacs/path-scurry,Isaac Z. Schlueter,Isaac Z. Schlueter,author,npm.version.author,"[{""value"": ""Isaac Z. Schlueter <i@izs.me>"", ""role"": ""author"", ""source_field"": ""npm.version.author""}, {""value"": ""Isaac Z. Schlueter <i@izs.me>"", ""role"": ""author"", ""source_field"": ""npm.package.author""}, {""value"": ""isaacs <i@izs.me>"", ""role"": ""maintainer"", ""source_field"": ""npm.version.maintainers""}, {""value"": ""isaacs <i@izs.me>"", ""role"": ""maintainer"", ""source_field"": ""npm.package.maintainers""}, {""value"": ""isaacs <i@izs.me>"", ""role"": ""publisher_account"", ""source_field"": ""npm.version._npmUser""}]",https://registry.npmjs.org/path-scurry/-/path-scurry-1.10.1.tgz,integrity;sha1,sha512-MkhCqzzBEpPvxxQ71Md0b1Kk51W01lrYvlMzSUaIzNsODdd7mqhiimSZlr+VegAz5Z6Vzt9Xg2ttE//XBhH3EQ==;9ba6bf5aa8500fe9fd67df4f0d9483b2b0bfc698,high,,2026-07-27T15:10:14.459302+00:00,matched,partially_correct,weak_inference,high,manual_review,"The proposed value matches the registry-derived party, but its recorded role is author, which is not automatically equivalent to a CycloneDX supplier.",yes,SEM-SUP-04,2026-08-01T16:58:31.468611+00:00
pkg:npm/jest-leak-detector@29.5.0,NPM-01,npm,cdxgen,sboms_raw/cdxgen/NPM-01_react_cyclonedx.json,7275,jest-leak-detector,29.5.0,pkg:npm/jest-leak-detector@29.5.0,supplier,,scotthovestadt,npm_registry,https://registry.npmjs.org/jest-leak-detector,registry_supplier_lookup,high,2026-07-27T10:17:56.684032+00:00,,,out_of_scope,medium,evidence_confidence_high;evidence_retrieval_successful;exact_version_confirmed;new_value_present;old_value_was_missing;supplier_semantics_unverified,,"The value is syntactically plausible, but supplier semantics cannot be established through deterministic checks.",yes,yes,"Supplier semantics require interpretation of organization, author, maintainer, or scope evidence.",yes,high,2026-07-27T10:58:06.437303+00:00,VAL-0ef99ced1b207341,npm,llm_semantic_review,"Supplier meaning cannot be established deterministically from author, maintainer, scope, developer, or organization metadata.",yes,yes_sample,supplier_semantics_unverified,yes,supplier_out_of_scope,46,,,,,,,success,True,jest-leak-detector,https://registry.npmjs.org/jest-leak-detector,MIT,https://github.com/facebook/jest,scotthovestadt,scotthovestadt,maintainer,npm.version.maintainers,"[{""value"": ""scotthovestadt <scott.hovestadt@gmail.com>"", ""role"": ""maintainer"", ""source_field"": ""npm.version.maintainers""}, {""value"": ""rubennorte <rubennorte@gmail.com>"", ""role"": ""maintainer"", ""source_field"": ""npm.version.maintainers""}, {""value"": ""simenb <sbekkhus91@gmail.com>"", ""role"": ""maintainer"", ""source_field"": ""npm.version.maintainers""}, {""value"": ""fb <opensource+npm@fb.com>"", ""role"": ""maintainer"", ""source_field"": ""npm.version.maintainers""}, {""value"": ""davidzilburg <davidzilburg@gmail.com>"", ""role"": ""maintainer"", ""source_field"": ""npm.version.maintainers""}, {""value"": ""aaronabramov <aaron@abramov.io>"", ""role"": ""maintainer"", ""source_field"": ""npm.package.maintainers""}, {""value"": ""simenb <sbekkhus91@gmail.com>"", ""role"": ""maintainer"", ""source_field"": ""npm.package.maintainers""}, {""value"": ""rickhanlonii <rickhanlonii@gmail.com>"", ""role"": ""maintainer"", ""source_field"": ""npm.package.maintainers""}, {""value"": ""openjs-operations <operations@openjsf.org>"", ""role"": ""maintainer"", ""source_field"": ""npm.package.maintainers""}, {""value"": ""cpojer <christoph.pojer@gmail.com>"", ""role"": ""maintainer"", ""source_field"": ""npm.package.maintainers""}, {""value"": ""simenb <sbekkhus91@gmail.com>"", ""role"": ""publisher_account"", ""source_field"": ""npm.version._npmUser""}]",https://registry.npmjs.org/jest-leak-detector/-/jest-leak-detector-29.5.0.tgz,integrity;sha1,sha512-u9YdeeVnghBUtpN5mVxjID7KbkKE1QU4f6uUwuxiY0vYRi9BUCLKlPEZfDGR67ofdFmDz9oPAy2G92Ujrntmow==;cf4bdea9615c72bac4a3a7ba7e7930f9c0610c8c,high,,2026-07-27T15:09:43.456378+00:00,matched,partially_correct,weak_inference,high,manual_review,"The proposed value matches the registry-derived party, but its recorded role is maintainer, which is not automatically equivalent to a CycloneDX supplier.",yes,SEM-SUP-04,2026-08-01T16:58:31.468614+00:00
pkg:npm/supports-preserve-symlinks-flag@1.0.0,NPM-02,npm,cdxgen,sboms_raw/cdxgen/NPM-02_axios_cyclonedx.json,152,supports-preserve-symlinks-flag,1.0.0,pkg:npm/supports-preserve-symlinks-flag@1.0.0,supplier,,Jordan Harband,npm_registry,https://registry.npmjs.org/supports-preserve-symlinks-flag,registry_supplier_lookup,high,2026-07-27T10:17:56.684032+00:00,,,out_of_scope,medium,evidence_confidence_high;evidence_retrieval_successful;exact_version_confirmed;new_value_present;old_value_was_missing;supplier_semantics_unverified,,"The value is syntactically plausible, but supplier semantics cannot be established through deterministic checks.",yes,yes,"Supplier semantics require interpretation of organization, author, maintainer, or scope evidence.",yes,high,2026-07-27T10:58:06.437303+00:00,VAL-6f193e47764018cc,npm,llm_semantic_review,"Supplier meaning cannot be established deterministically from author, maintainer, scope, developer, or organization metadata.",yes,yes_sample,supplier_semantics_unverified,yes,supplier_out_of_scope,47,,,,,,,success,True,supports-preserve-symlinks-flag,https://registry.npmjs.org/supports-preserve-symlinks-flag,MIT,https://github.com/inspect-js/node-supports-preserve-symlinks-flag,Jordan Harband,Jordan Harband,author,npm.version.author,"[{""value"": ""Jordan Harband <ljharb@gmail.com>"", ""role"": ""author"", ""source_field"": ""npm.version.author""}, {""value"": ""Jordan Harband <ljharb@gmail.com>"", ""role"": ""author"", ""source_field"": ""npm.package.author""}, {""value"": ""ljharb <ljharb@gmail.com>"", ""role"": ""maintainer"", ""source_field"": ""npm.version.maintainers""}, {""value"": ""ljharb <ljharb@gmail.com>"", ""role"": ""maintainer"", ""source_field"": ""npm.package.maintainers""}, {""value"": ""ljharb <ljharb@gmail.com>"", ""role"": ""publisher_account"", ""source_field"": ""npm.version._npmUser""}]",https://registry.npmjs.org/supports-preserve-symlinks-flag/-/supports-preserve-symlinks-flag-1.0.0.tgz,integrity;sha1,sha512-ot0WnXS9fgdkgIcePe6RHNk1WA8+muPa6cSjeR3V8K27q9BB1rTE3R1p7Hv0z1ZyAc8s6Vvv8DIyWf681MAt0w==;6eda4bd344a3c94aea376d4cc31bc77311039e09,high,,2026-07-27T15:14:17.359287+00:00,matched,partially_correct,weak_inference,high,manual_review,"The proposed value matches the registry-derived party, but its recorded role is author, which is not automatically equivalent to a CycloneDX supplier.",yes,SEM-SUP-04,2026-08-01T16:58:31.468616+00:00
pkg:npm/%40napi-rs/nice-linux-arm64-gnu@1.0.4,MAV-03,maven,cdxgen,sboms_raw/cdxgen/MAV-03_flink_cyclonedx.json,680,nice-linux-arm64-gnu,1.0.4,pkg:npm/%40napi-rs/nice-linux-arm64-gnu@1.0.4,supplier,,@napi-rs,npm_registry,https://registry.npmjs.org/%40napi-rs%2Fnice-linux-arm64-gnu,registry_supplier_lookup,high,2026-07-27T10:17:56.684032+00:00,,,out_of_scope,medium,evidence_confidence_high;evidence_retrieval_successful;exact_version_confirmed;maven_organization_or_developer;new_value_present;old_value_was_missing,,The value may come from a Maven organization or developer field. Static checks cannot determine whether it is the actual supplier.,yes,yes,"Supplier semantics require interpretation of organization, author, maintainer, or scope evidence.",yes,high,2026-07-27T10:58:06.437303+00:00,VAL-d28ec85cda486a9c,maven,llm_semantic_review,"Supplier meaning cannot be established deterministically from author, maintainer, scope, developer, or organization metadata.",yes,yes_sample,maven_supplier_semantics,yes,supplier_out_of_scope,48,,,,,,,success,True,@napi-rs/nice-linux-arm64-gnu,https://registry.npmjs.org/%40napi-rs%2Fnice-linux-arm64-gnu,MIT,ssh://git@github.com/Brooooooklyn/nice,@napi-rs,@napi-rs,npm_scope,npm.package.name,"[{""value"": ""broooooklyn <lynweklm@gmail.com>"", ""role"": ""maintainer"", ""source_field"": ""npm.version.maintainers""}, {""value"": ""forehalo <forehalo@gmail.com>"", ""role"": ""maintainer"", ""source_field"": ""npm.version.maintainers""}, {""value"": ""broooooklyn <lynweklm@gmail.com>"", ""role"": ""maintainer"", ""source_field"": ""npm.package.maintainers""}, {""value"": ""forehalo <forehalo@gmail.com>"", ""role"": ""maintainer"", ""source_field"": ""npm.package.maintainers""}, {""value"": ""broooooklyn <lynweklm@gmail.com>"", ""role"": ""publisher_account"", ""source_field"": ""npm.version._npmUser""}, {""value"": ""@napi-rs"", ""role"": ""npm_scope"", ""source_field"": ""npm.package.name""}]",https://registry.npmjs.org/@napi-rs/nice-linux-arm64-gnu/-/nice-linux-arm64-gnu-1.0.4.tgz,integrity;sha1,sha512-wdAJ7lgjhAlsANUCv0zi6msRwq+D4KDgU+GCCHssSxWmAERZa2KZXO0H2xdmoJ/0i03i6YfK/sWaZgUAyuW2oQ==;714d62af0ec354a60b134e8c3bbc018667248b5a,high,,2026-07-27T17:23:10.358299+00:00,matched,partially_correct,weak_inference,high,manual_review,"The proposed value matches the registry-derived party, but its recorded role is npm_scope, which is not automatically equivalent to a CycloneDX supplier.",yes,SEM-SUP-04,2026-08-01T16:58:31.468619+00:00
pkg:npm/fs-extra@10.1.0,NPM-02,npm,cdxgen,sboms_raw/cdxgen/NPM-02_axios_cyclonedx.json,944,fs-extra,10.1.0,pkg:npm/fs-extra@10.1.0,supplier,,JP Richardson,npm_registry,https://registry.npmjs.org/fs-extra,registry_supplier_lookup,high,2026-07-27T10:17:56.684032+00:00,,,out_of_scope,medium,evidence_confidence_high;evidence_retrieval_successful;exact_version_confirmed;new_value_present;old_value_was_missing;supplier_semantics_unverified,,"The value is syntactically plausible, but supplier semantics cannot be established through deterministic checks.",yes,yes,"Supplier semantics require interpretation of organization, author, maintainer, or scope evidence.",yes,high,2026-07-27T10:58:06.437303+00:00,VAL-4ca685c96c2f9c3d,npm,llm_semantic_review,"Supplier meaning cannot be established deterministically from author, maintainer, scope, developer, or organization metadata.",yes,yes_sample,supplier_semantics_unverified,yes,supplier_out_of_scope,49,,,,,,,success,True,fs-extra,https://registry.npmjs.org/fs-extra,MIT,https://github.com/jprichardson/node-fs-extra,JP Richardson,JP Richardson,author,npm.version.author,"[{""value"": ""JP Richardson <jprichardson@gmail.com>"", ""role"": ""author"", ""source_field"": ""npm.version.author""}, {""value"": ""JP Richardson <jprichardson@gmail.com>"", ""role"": ""author"", ""source_field"": ""npm.package.author""}, {""value"": ""jprichardson <jprichardson@gmail.com>"", ""role"": ""maintainer"", ""source_field"": ""npm.version.maintainers""}, {""value"": ""ryanzim <opensrc@ryanzim.com>"", ""role"": ""maintainer"", ""source_field"": ""npm.version.maintainers""}, {""value"": ""manidlou <manidlou@gmail.com>"", ""role"": ""maintainer"", ""source_field"": ""npm.version.maintainers""}, {""value"": ""jprichardson <jprichardson@gmail.com>"", ""role"": ""maintainer"", ""source_field"": ""npm.package.maintainers""}, {""value"": ""ryanzim <opensrc@ryanzim.com>"", ""role"": ""maintainer"", ""source_field"": ""npm.package.maintainers""}, {""value"": ""manidlou <manidlou@gmail.com>"", ""role"": ""maintainer"", ""source_field"": ""npm.package.maintainers""}, {""value"": ""ryanzim <opensrc@ryanzim.com>"", ""role"": ""publisher_account"", ""source_field"": ""npm.version._npmUser""}]",https://registry.npmjs.org/fs-extra/-/fs-extra-10.1.0.tgz,integrity;sha1,sha512-oRXApq54ETRj4eMiFzGnHWGy+zo5raudjuxN0b8H7s/RU2oW0Wvsx9O0ACRN/kRq9E8Vu/ReskGB5o3ji+FzHQ==;02873cfbc4084dde127eaa5f9905eef2325d1abf,high,,2026-07-27T15:19:42.506045+00:00,matched,partially_correct,weak_inference,high,manual_review,"The proposed value matches the registry-derived party, but its recorded role is author, which is not automatically equivalent to a CycloneDX supplier.",yes,SEM-SUP-04,2026-08-01T16:58:31.468622+00:00
pkg:npm/%40typescript-eslint/type-utils@6.21.0,NPM-01,npm,cdxgen,sboms_raw/cdxgen/NPM-01_react_cyclonedx.json,1234,type-utils,6.21.0,pkg:npm/%40typescript-eslint/type-utils@6.21.0,supplier,,@typescript-eslint,npm_registry,https://registry.npmjs.org/%40typescript-eslint%2Ftype-utils,registry_supplier_lookup,high,2026-07-27T10:17:56.684032+00:00,,,out_of_scope,medium,evidence_confidence_high;evidence_retrieval_successful;exact_version_confirmed;new_value_present;npm_scope_as_supplier;old_value_was_missing,,The value is an npm scope. Static checks cannot establish that the scope owner is equivalent to a CycloneDX supplier.,yes,yes,"Supplier semantics require interpretation of organization, author, maintainer, or scope evidence.",yes,high,2026-07-27T10:58:06.437303+00:00,VAL-7bbca6b523c8f0e0,npm,llm_semantic_review,"Supplier meaning cannot be established deterministically from author, maintainer, scope, developer, or organization metadata.",yes,yes_sample,npm_scope_supplier_semantics,yes,supplier_out_of_scope,50,,,,,,,success,True,@typescript-eslint/type-utils,https://registry.npmjs.org/%40typescript-eslint%2Ftype-utils,MIT,https://github.com/typescript-eslint/typescript-eslint,@typescript-eslint,@typescript-eslint,npm_scope,npm.package.name,"[{""value"": ""bradzacher <brad.zacher@gmail.com>"", ""role"": ""maintainer"", ""source_field"": ""npm.version.maintainers""}, {""value"": ""jameshenry <npm@jameshenry.email>"", ""role"": ""maintainer"", ""source_field"": ""npm.version.maintainers""}, {""value"": ""jameshenry <james@henry.sc>"", ""role"": ""maintainer"", ""source_field"": ""npm.package.maintainers""}, {""value"": ""bradzacher <brad.zacher@gmail.com>"", ""role"": ""maintainer"", ""source_field"": ""npm.package.maintainers""}, {""value"": ""jameshenry <npm@jameshenry.email>"", ""role"": ""publisher_account"", ""source_field"": ""npm.version._npmUser""}, {""value"": ""@typescript-eslint"", ""role"": ""npm_scope"", ""source_field"": ""npm.package.name""}]",https://registry.npmjs.org/@typescript-eslint/type-utils/-/type-utils-6.21.0.tgz,integrity;sha1,sha512-rZQI7wHfao8qMX3Rd3xqeYSMCL3SoiSQLBATSiVKARdFGCYSRvmViieZjqc58jKgs8Y8i9YvVVhRbHSTA4VBag==;6473281cfed4dacabe8004e8521cee0bd9d4c01e,high,,2026-07-27T14:59:33.309397+00:00,matched,partially_correct,weak_inference,high,manual_review,"The proposed value matches the registry-derived party, but its recorded role is npm_scope, which is not automatically equivalent to a CycloneDX supplier.",yes,SEM-SUP-04,2026-08-01T16:58:31.468624+00:00
pkg:maven/com.squareup.okhttp3/mockwebserver@4.12.0,MAV-03,maven,syft,sboms_raw/syft/MAV-03_flink_cyclonedx.json,448,mockwebserver,4.12.0,pkg:maven/com.squareup.okhttp3/mockwebserver@4.12.0,supplier,,"Square, Inc.",maven_central,https://search.maven.org/solrsearch/select?q=g%3A%22com.squareup.okhttp3%22%20AND%20a%3A%22mockwebserver%22%20AND%20v%3A%224.12.0%22&rows=20&wt=json,registry_supplier_lookup,high,2026-07-27T10:17:56.684032+00:00,,,out_of_scope,medium,evidence_confidence_high;evidence_retrieval_successful;exact_version_confirmed;maven_organization_or_developer;new_value_present;old_value_was_missing,,The value may come from a Maven organization or developer field. Static checks cannot determine whether it is the actual supplier.,yes,yes,"Supplier semantics require interpretation of organization, author, maintainer, or scope evidence.",yes,high,2026-07-27T10:58:06.437303+00:00,VAL-bd9856d089d01dc9,maven,llm_semantic_review,"Supplier meaning cannot be established deterministically from author, maintainer, scope, developer, or organization metadata.",yes,yes_sample,maven_supplier_semantics,yes,supplier_out_of_scope,51,,,,,,,success,True,com.squareup.okhttp3:mockwebserver,https://search.maven.org/solrsearch/select?q=g%3A%22com.squareup.okhttp3%22%20AND%20a%3A%22mockwebserver%22%20AND%20v%3A%224.12.0%22&rows=20&wt=json,"The Apache Software License, Version 2.0",https://github.com/square/okhttp,"Square, Inc.","Square, Inc.",developer,maven.pom.developers.developer.name,"[{""value"": ""Square, Inc."", ""role"": ""developer"", ""source_field"": ""maven.pom.developers.developer.name""}]",https://repo1.maven.org/maven2/com/squareup/okhttp3/mockwebserver/4.12.0/mockwebserver-4.12.0.jar,sha1,3bc54cc5c87cd632031d0881f3c313d3799a1476,high,,2026-07-27T17:13:08.808911+00:00,matched,partially_correct,weak_inference,high,manual_review,"The proposed value matches the registry-derived party, but its recorded role is developer, which is not automatically equivalent to a CycloneDX supplier.",yes,SEM-SUP-04,2026-08-01T16:58:31.468628+00:00
pkg:npm/time-stamp@1.1.0,NPM-01,npm,cdxgen,sboms_raw/cdxgen/NPM-01_react_cyclonedx.json,2583,time-stamp,1.1.0,pkg:npm/time-stamp@1.1.0,supplier,,Jon Schlinkert,npm_registry,https://registry.npmjs.org/time-stamp,registry_supplier_lookup,high,2026-07-27T10:17:56.684032+00:00,,,out_of_scope,medium,evidence_confidence_high;evidence_retrieval_successful;exact_version_confirmed;new_value_present;old_value_was_missing;supplier_semantics_unverified,,"The value is syntactically plausible, but supplier semantics cannot be established through deterministic checks.",yes,yes,"Supplier semantics require interpretation of organization, author, maintainer, or scope evidence.",yes,high,2026-07-27T10:58:06.437303+00:00,VAL-964b696d47087113,npm,llm_semantic_review,"Supplier meaning cannot be established deterministically from author, maintainer, scope, developer, or organization metadata.",yes,yes_sample,supplier_semantics_unverified,yes,supplier_out_of_scope,52,,,,,,,success,True,time-stamp,https://registry.npmjs.org/time-stamp,MIT,https://github.com/jonschlinkert/time-stamp,Jon Schlinkert,Jon Schlinkert,author,npm.version.author,"[{""value"": ""Jon Schlinkert"", ""role"": ""author"", ""source_field"": ""npm.version.author""}, {""value"": ""Jon Schlinkert"", ""role"": ""author"", ""source_field"": ""npm.package.author""}, {""value"": ""jonschlinkert <github@sellside.com>"", ""role"": ""maintainer"", ""source_field"": ""npm.version.maintainers""}, {""value"": ""doowb <brian.woodward@gmail.com>"", ""role"": ""maintainer"", ""source_field"": ""npm.package.maintainers""}, {""value"": ""jonschlinkert <github@sellside.com>"", ""role"": ""maintainer"", ""source_field"": ""npm.package.maintainers""}, {""value"": ""jonschlinkert <github@sellside.com>"", ""role"": ""publisher_account"", ""source_field"": ""npm.version._npmUser""}]",https://registry.npmjs.org/time-stamp/-/time-stamp-1.1.0.tgz,integrity;sha1,sha512-gLCeArryy2yNTRzTGKbZbloctj64jkZ57hj5zdraXue6aFgd6PmvVtEyiUU+hvU0v7q08oVv8r8ev0tRo6bvgw==;764a5a11af50561921b133f3b44e618687e0f5c3,high,,2026-07-27T15:04:49.897948+00:00,matched,partially_correct,weak_inference,high,manual_review,"The proposed value matches the registry-derived party, but its recorded role is author, which is not automatically equivalent to a CycloneDX supplier.",yes,SEM-SUP-04,2026-08-01T16:58:31.468630+00:00
pkg:npm/%40jest/schemas@29.0.0,NPM-01,npm,cdxgen,sboms_raw/cdxgen/NPM-01_react_cyclonedx.json,7011,schemas,29.0.0,pkg:npm/%40jest/schemas@29.0.0,supplier,,@jest,npm_registry,https://registry.npmjs.org/%40jest%2Fschemas,registry_supplier_lookup,high,2026-07-27T10:17:56.684032+00:00,,,out_of_scope,medium,evidence_confidence_high;evidence_retrieval_successful;exact_version_confirmed;new_value_present;npm_scope_as_supplier;old_value_was_missing,,The value is an npm scope. Static checks cannot establish that the scope owner is equivalent to a CycloneDX supplier.,yes,yes,"Supplier semantics require interpretation of organization, author, maintainer, or scope evidence.",yes,high,2026-07-27T10:58:06.437303+00:00,VAL-720346defb67cd24,npm,llm_semantic_review,"Supplier meaning cannot be established deterministically from author, maintainer, scope, developer, or organization metadata.",yes,yes_sample,npm_scope_supplier_semantics,yes,supplier_out_of_scope,53,,,,,,,success,True,@jest/schemas,https://registry.npmjs.org/%40jest%2Fschemas,MIT,https://github.com/facebook/jest,@jest,@jest,npm_scope,npm.package.name,"[{""value"": ""rubennorte <rubennorte@gmail.com>"", ""role"": ""maintainer"", ""source_field"": ""npm.version.maintainers""}, {""value"": ""fb <opensource+npm@fb.com>"", ""role"": ""maintainer"", ""source_field"": ""npm.version.maintainers""}, {""value"": ""aaronabramov <aaron@abramov.io>"", ""role"": ""maintainer"", ""source_field"": ""npm.version.maintainers""}, {""value"": ""scotthovestadt <scott.hovestadt@gmail.com>"", ""role"": ""maintainer"", ""source_field"": ""npm.version.maintainers""}, {""value"": ""davidzilburg <davidzilburg@gmail.com>"", ""role"": ""maintainer"", ""source_field"": ""npm.version.maintainers""}, {""value"": ""simenb <sbekkhus91@gmail.com>"", ""role"": ""maintainer"", ""source_field"": ""npm.version.maintainers""}, {""value"": ""aaronabramov <aaron@abramov.io>"", ""role"": ""maintainer"", ""source_field"": ""npm.package.maintainers""}, {""value"": ""simenb <sbekkhus91@gmail.com>"", ""role"": ""maintainer"", ""source_field"": ""npm.package.maintainers""}, {""value"": ""rickhanlonii <rickhanlonii@gmail.com>"", ""role"": ""maintainer"", ""source_field"": ""npm.package.maintainers""}, {""value"": ""openjs-operations <operations@openjsf.org>"", ""role"": ""maintainer"", ""source_field"": ""npm.package.maintainers""}, {""value"": ""cpojer <christoph.pojer@gmail.com>"", ""role"": ""maintainer"", ""source_field"": ""npm.package.maintainers""}, {""value"": ""simenb <sbekkhus91@gmail.com>"", ""role"": ""publisher_account"", ""source_field"": ""npm.version._npmUser""}, {""value"": ""@jest"", ""role"": ""npm_scope"", ""source_field"": ""npm.package.name""}]",https://registry.npmjs.org/@jest/schemas/-/schemas-29.0.0.tgz,integrity;sha1,sha512-3Ab5HgYIIAnS0HjqJHQYZS+zXc4tUmTmBH3z83ajI6afXp8X3ZtdLX+nXx+I7LNkJD7uN9LAVhgnjDgZa2z0kA==;5f47f5994dd4ef067fb7b4188ceac45f77fe952a,high,,2026-07-27T15:07:16.533713+00:00,matched,partially_correct,weak_inference,high,manual_review,"The proposed value matches the registry-derived party, but its recorded role is npm_scope, which is not automatically equivalent to a CycloneDX supplier.",yes,SEM-SUP-04,2026-08-01T16:58:31.468633+00:00
pkg:npm/%40types/http-proxy@1.17.11,NPM-01,npm,cdxgen,sboms_raw/cdxgen/NPM-01_react_cyclonedx.json,1185,http-proxy,1.17.11,pkg:npm/%40types/http-proxy@1.17.11,supplier,,@types,npm_registry,https://registry.npmjs.org/%40types%2Fhttp-proxy,registry_supplier_lookup,high,2026-07-27T10:17:56.684032+00:00,,,out_of_scope,medium,evidence_confidence_high;evidence_retrieval_successful;exact_version_confirmed;new_value_present;npm_scope_as_supplier;old_value_was_missing,,The value is an npm scope. Static checks cannot establish that the scope owner is equivalent to a CycloneDX supplier.,yes,yes,"Supplier semantics require interpretation of organization, author, maintainer, or scope evidence.",yes,high,2026-07-27T10:58:06.437303+00:00,VAL-27c6660459a6d478,npm,llm_semantic_review,"Supplier meaning cannot be established deterministically from author, maintainer, scope, developer, or organization metadata.",yes,yes_sample,npm_scope_supplier_semantics,yes,supplier_out_of_scope,54,,,,,,,success,True,@types/http-proxy,https://registry.npmjs.org/%40types%2Fhttp-proxy,MIT,https://github.com/DefinitelyTyped/DefinitelyTyped,@types,@types,npm_scope,npm.package.name,"[{""value"": ""types <ts-npm-types@microsoft.com>"", ""role"": ""maintainer"", ""source_field"": ""npm.version.maintainers""}, {""value"": ""types <ts-npm-types@microsoft.com>"", ""role"": ""maintainer"", ""source_field"": ""npm.package.maintainers""}, {""value"": ""types <ts-npm-types@microsoft.com>"", ""role"": ""publisher_account"", ""source_field"": ""npm.version._npmUser""}, {""value"": ""@types"", ""role"": ""npm_scope"", ""source_field"": ""npm.package.name""}]",https://registry.npmjs.org/@types/http-proxy/-/http-proxy-1.17.11.tgz,integrity;sha1,sha512-HC8G7c1WmaF2ekqpnFq626xd3Zz0uvaqFmBJNRZCGEZCXkvSdJoNFn/8Ygbd9fKNQj8UzLdCETaI0UWPAjK7IA==;0ca21949a5588d55ac2b659b69035c84bd5da293,high,,2026-07-27T14:58:54.545896+00:00,matched,partially_correct,weak_inference,high,manual_review,"The proposed value matches the registry-derived party, but its recorded role is npm_scope, which is not automatically equivalent to a CycloneDX supplier.",yes,SEM-SUP-04,2026-08-01T16:58:31.468635+00:00
pkg:npm/mime@2.6.0,NPM-03,npm,cdxgen,sboms_raw/cdxgen/NPM-03_angular_cyclonedx.json,1655,mime,2.6.0,pkg:npm/mime@2.6.0,supplier,,Robert Kieffer,npm_registry,https://registry.npmjs.org/mime,registry_supplier_lookup,high,2026-07-27T10:17:56.684032+00:00,,,out_of_scope,medium,evidence_confidence_high;evidence_retrieval_successful;exact_version_confirmed;new_value_present;old_value_was_missing;supplier_semantics_unverified,,"The value is syntactically plausible, but supplier semantics cannot be established through deterministic checks.",yes,yes,"Supplier semantics require interpretation of organization, author, maintainer, or scope evidence.",yes,high,2026-07-27T10:58:06.437303+00:00,VAL-d96bb484928a5f90,npm,llm_semantic_review,"Supplier meaning cannot be established deterministically from author, maintainer, scope, developer, or organization metadata.",yes,yes_sample,supplier_semantics_unverified,yes,supplier_out_of_scope,55,,,,,,,success,True,mime,https://registry.npmjs.org/mime,MIT,https://github.com/broofa/mime,Robert Kieffer,Robert Kieffer,author,npm.version.author,"[{""value"": ""Robert Kieffer <robert@broofa.com>"", ""role"": ""author"", ""source_field"": ""npm.version.author""}, {""value"": ""Robert Kieffer <robert@broofa.com>"", ""role"": ""author"", ""source_field"": ""npm.package.author""}, {""value"": ""broofa <robert@broofa.com>"", ""role"": ""maintainer"", ""source_field"": ""npm.version.maintainers""}, {""value"": ""broofa <robert@broofa.com>"", ""role"": ""maintainer"", ""source_field"": ""npm.package.maintainers""}, {""value"": ""broofa <robert@broofa.com>"", ""role"": ""publisher_account"", ""source_field"": ""npm.version._npmUser""}]",https://registry.npmjs.org/mime/-/mime-2.6.0.tgz,integrity;sha1,sha512-USPkMeET31rOMiarsBNIHZKLGgvKc/LrjofAnBlOttf5ajRvqiRA8QsenbcooctK6d6Ts6aqZXBA+XbkKthiQg==;a2a682a95cd4d0cb1d6257e28f83da7e35800367,high,,2026-07-27T15:31:53.930550+00:00,matched,partially_correct,weak_inference,high,manual_review,"The proposed value matches the registry-derived party, but its recorded role is author, which is not automatically equivalent to a CycloneDX supplier.",yes,SEM-SUP-04,2026-08-01T16:58:31.468638+00:00
pkg:npm/tinyglobby@0.2.17,NPM-02,npm,cdxgen,sboms_raw/cdxgen/NPM-02_axios_cyclonedx.json,393,tinyglobby,0.2.17,pkg:npm/tinyglobby@0.2.17,supplier,,Superchupu,npm_registry,https://registry.npmjs.org/tinyglobby,registry_supplier_lookup,high,2026-07-27T10:17:56.684032+00:00,,,out_of_scope,medium,evidence_confidence_high;evidence_retrieval_successful;exact_version_confirmed;new_value_present;old_value_was_missing;supplier_semantics_unverified,,"The value is syntactically plausible, but supplier semantics cannot be established through deterministic checks.",yes,yes,"Supplier semantics require interpretation of organization, author, maintainer, or scope evidence.",yes,high,2026-07-27T10:58:06.437303+00:00,VAL-8b1cfd4ddfa59b38,npm,llm_semantic_review,"Supplier meaning cannot be established deterministically from author, maintainer, scope, developer, or organization metadata.",yes,yes_sample,supplier_semantics_unverified,yes,supplier_out_of_scope,56,,,,,,,success,True,tinyglobby,https://registry.npmjs.org/tinyglobby,MIT,https://github.com/SuperchupuDev/tinyglobby,Superchupu,Superchupu,author,npm.version.author,"[{""value"": ""Superchupu"", ""role"": ""author"", ""source_field"": ""npm.version.author""}, {""value"": ""Superchupu"", ""role"": ""author"", ""source_field"": ""npm.package.author""}, {""value"": ""superchupu <madeline@superchupu.dev>"", ""role"": ""maintainer"", ""source_field"": ""npm.version.maintainers""}, {""value"": ""superchupu <madeline@superchupu.dev>"", ""role"": ""maintainer"", ""source_field"": ""npm.package.maintainers""}, {""value"": ""GitHub Actions <npm-oidc-no-reply@github.com>"", ""role"": ""publisher_account"", ""source_field"": ""npm.version._npmUser""}]",https://registry.npmjs.org/tinyglobby/-/tinyglobby-0.2.17.tgz,integrity;sha1,sha512-wXR/dYpcqKmfWpEdZjiKJOwCNFndD0DMnrW/cYjVGttEkBfVgcLFHoNrlj47mjOVic9yyNu65alsgF4NQyTa2g==;562a9a6c9eb2b3b123d39719f9af5bb44fcd7631,high,,2026-07-27T15:16:01.299767+00:00,matched,partially_correct,weak_inference,high,manual_review,"The proposed value matches the registry-derived party, but its recorded role is author, which is not automatically equivalent to a CycloneDX supplier.",yes,SEM-SUP-04,2026-08-01T16:58:31.468642+00:00
pkg:npm/vercel@20.1.0,NPM-01,npm,cdxgen,sboms_raw/cdxgen/NPM-01_react_cyclonedx.json,2670,vercel,20.1.0,pkg:npm/vercel@20.1.0,supplier,,andybitz,npm_registry,https://registry.npmjs.org/vercel,registry_supplier_lookup,high,2026-07-27T10:17:56.684032+00:00,,,out_of_scope,medium,evidence_confidence_high;evidence_retrieval_successful;exact_version_confirmed;new_value_present;old_value_was_missing;supplier_semantics_unverified,,"The value is syntactically plausible, but supplier semantics cannot be established through deterministic checks.",yes,yes,"Supplier semantics require interpretation of organization, author, maintainer, or scope evidence.",yes,high,2026-07-27T10:58:06.437303+00:00,VAL-0fcfc2d90ab2b060,npm,llm_semantic_review,"Supplier meaning cannot be established deterministically from author, maintainer, scope, developer, or organization metadata.",yes,yes_sample,supplier_semantics_unverified,yes,supplier_out_of_scope,57,,,,,,,success,True,vercel,https://registry.npmjs.org/vercel,Apache-2.0,https://github.com/vercel/vercel,andybitz,andybitz,maintainer,npm.version.maintainers,"[{""value"": ""andybitz <artzbitz@gmail.com>"", ""role"": ""maintainer"", ""source_field"": ""npm.version.maintainers""}, {""value"": ""chibicode <shu@chibicode.com>"", ""role"": ""maintainer"", ""source_field"": ""npm.version.maintainers""}, {""value"": ""cleishm <chris@leishman.org>"", ""role"": ""maintainer"", ""source_field"": ""npm.version.maintainers""}, {""value"": ""hankvercel <hank@vercel.com>"", ""role"": ""maintainer"", ""source_field"": ""npm.version.maintainers""}, {""value"": ""iamevilrabbit <hello@evilrabb.it>"", ""role"": ""maintainer"", ""source_field"": ""npm.version.maintainers""}, {""value"": ""ijjk <jj@jjsweb.site>"", ""role"": ""maintainer"", ""source_field"": ""npm.version.maintainers""}, {""value"": ""joecohens <joecohenr@gmail.com>"", ""role"": ""maintainer"", ""source_field"": ""npm.version.maintainers""}, {""value"": ""leo <mindrun@icloud.com>"", ""role"": ""maintainer"", ""source_field"": ""npm.version.maintainers""}, {""value"": ""quietshu <ds303077135@gmail.com>"", ""role"": ""maintainer"", ""source_field"": ""npm.version.maintainers""}, {""value"": ""styfle <steven@ceriously.com>"", ""role"": ""maintainer"", ""source_field"": ""npm.version.maintainers""}, {""value"": ""tootallnate <nathan@tootallnate.net>"", ""role"": ""maintainer"", ""source_field"": ""npm.version.maintainers""}, {""value"": ""zeit-bot <team@zeit.co>"", ""role"": ""maintainer"", ""source_field"": ""npm.version.maintainers""}, {""value"": ""matheuss <matheus.frndes@gmail.com>"", ""role"": ""maintainer"", ""source_field"": ""npm.package.maintainers""}, {""value"": ""rauchg <rauchg@gmail.com>"", ""role"": ""maintainer"", ""source_field"": ""npm.package.maintainers""}, {""value"": ""matt.straka <matt.j.straka@gmail.com>"", ""role"": ""maintainer"", ""source_field"": ""npm.package.maintainers""}, {""value"": ""vercel-release-bot <infra+release@vercel.com>"", ""role"": ""maintainer"", ""source_field"": ""npm.package.maintainers""}, {""value"": ""zeit-bot <team@zeit.co>"", ""role"": ""maintainer"", ""source_field"": ""npm.package.maintainers""}, {""value"": ""zeit-bot <team@zeit.co>"", ""role"": ""publisher_account"", ""source_field"": ""npm.version._npmUser""}]",https://registry.npmjs.org/vercel/-/vercel-20.1.0.tgz,integrity;sha1,sha512-fOYq2X6o157hOBbyxU9VcM2pCHa6cAxvkA731N9FEw8MyMnPC7zJRgFQ/kYJ0oisjlKsmm2A1ryrLEz3KLIDFw==;366c39892455f5fff9b1d31db6e6ac1dff436453,high,,2026-07-27T15:05:13.422617+00:00,matched,partially_correct,weak_inference,high,manual_review,"The proposed value matches the registry-derived party, but its recorded role is maintainer, which is not automatically equivalent to a CycloneDX supplier.",yes,SEM-SUP-04,2026-08-01T16:58:31.468645+00:00
pkg:npm/%40algolia/client-personalization@5.55.0,NPM-03,npm,cdxgen,sboms_raw/cdxgen/NPM-03_angular_cyclonedx.json,17,client-personalization,5.55.0,pkg:npm/%40algolia/client-personalization@5.55.0,supplier,,@algolia,npm_registry,https://registry.npmjs.org/%40algolia%2Fclient-personalization,registry_supplier_lookup,high,2026-07-27T10:17:56.684032+00:00,,,out_of_scope,medium,evidence_confidence_high;evidence_retrieval_successful;exact_version_confirmed;new_value_present;npm_scope_as_supplier;old_value_was_missing,,The value is an npm scope. Static checks cannot establish that the scope owner is equivalent to a CycloneDX supplier.,yes,yes,"Supplier semantics require interpretation of organization, author, maintainer, or scope evidence.",yes,high,2026-07-27T10:58:06.437303+00:00,VAL-fcdb2fa12de09fab,npm,llm_semantic_review,"Supplier meaning cannot be established deterministically from author, maintainer, scope, developer, or organization metadata.",yes,yes_sample,npm_scope_supplier_semantics,yes,supplier_out_of_scope,58,,,,,,,success,True,@algolia/client-personalization,https://registry.npmjs.org/%40algolia%2Fclient-personalization,MIT,https://github.com/algolia/algoliasearch-client-javascript,@algolia,@algolia,npm_scope,npm.package.name,"[{""value"": ""Algolia"", ""role"": ""author"", ""source_field"": ""npm.version.author""}, {""value"": ""Algolia"", ""role"": ""author"", ""source_field"": ""npm.package.author""}, {""value"": ""ejaldorau <emmanuelle.jaldorau@algolia.com>"", ""role"": ""maintainer"", ""source_field"": ""npm.version.maintainers""}, {""value"": ""haroenv <hello@haroen.me>"", ""role"": ""maintainer"", ""source_field"": ""npm.version.maintainers""}, {""value"": ""jerska <matthieu.dumont@algolia.com>"", ""role"": ""maintainer"", ""source_field"": ""npm.version.maintainers""}, {""value"": ""samouss <samuel.vllnt@gmail.com>"", ""role"": ""maintainer"", ""source_field"": ""npm.version.maintainers""}, {""value"": ""therealwebby <alex@alexjwebb.com>"", ""role"": ""maintainer"", ""source_field"": ""npm.version.maintainers""}, {""value"": ""tkrugg <contact@ymammar.com>"", ""role"": ""maintainer"", ""source_field"": ""npm.version.maintainers""}, {""value"": ""lorrissaintgenez <lorris.saint-genez@algolia.com>"", ""role"": ""maintainer"", ""source_field"": ""npm.version.maintainers""}, {""value"": ""e-krebs <eprhbs@gmail.com>"", ""role"": ""maintainer"", ""source_field"": ""npm.version.maintainers""}, {""value"": ""kombucha <vincentlemeunier+npm@gmail.com>"", ""role"": ""maintainer"", ""source_field"": ""npm.version.maintainers""}, {""value"": ""sylvain <sylvain.bellone@gmail.com>"", ""role"": ""maintainer"", ""source_field"": ""npm.version.maintainers""}, {""value"": ""crawler-team <support+crawler@algolia.com>"", ""role"": ""maintainer"", ""source_field"": ""npm.version.maintainers""}, {""value"": ""amcdaid106 <aoife.mcdaid@gmail.com>"", ""role"": ""maintainer"", ""source_field"": ""npm.version.maintainers""}, {""value"": ""devinalgolia <devin@algolia.com>"", ""role"": ""maintainer"", ""source_field"": ""npm.version.maintainers""}, {""value"": ""jvenezia <veneziajeremy@gmail.com>"", ""role"": ""maintainer"", ""source_field"": ""npm.version.maintainers""}, {""value"": ""otomatik <thomas.dalous@gmail.com>"", ""role"": ""maintainer"", ""source_field"": ""npm.version.maintainers""}, {""value"": ""sarahdayan <dayan.sarah@gmail.com>"", ""role"": ""maintainer"", ""source_field"": ""npm.version.maintainers""}, {""value"": ""maximehuang <maxime.huang@algolia.com>"", ""role"": ""maintainer"", ""source_field"": ""npm.version.maintainers""}, {""value"": ""guitek <guillaume.truchot@algolia.com>"", ""role"": ""maintainer"", ""source_field"": ""npm.version.maintainers""}, {""value"": ""matthewbond <matthew.bond@algolia.com>"", ""role"": ""maintainer"", ""source_field"": ""npm.version.maintainers""}, {""value"": ""shaejaz <shaejaz5@gmail.com>"", ""role"": ""maintainer"", ""source_field"": ""npm.version.maintainers""}, {""value"": ""cyril.descossy <cyril.descossy@algolia.com>"", ""role"": ""maintainer"", ""source_field"": ""npm.version.maintainers""}, {""value"": ""tatsuro <tatsuro.handa@algolia.com>"", ""role"": ""maintainer"", ""source_field"": ""npm.version.maintainers""}, {""value"": ""mathougui <guillaume.dessain@algolia.com>"", ""role"": ""maintainer"", ""source_field"": ""npm.version.maintainers""}, {""value"": ""xavdh <xav.dhalluin@gmail.com>"", ""role"": ""maintainer"", ""source_field"": ""npm.version.maintainers""}, {""value"": ""agdavid <antonio.g.david@gmail.com>"", ""role"": ""maintainer"", ""source_field"": ""npm.version.maintainers""}, {""value"": ""rasemotte <claire.helme-guizon@algolia.com>"", ""role"": ""maintainer"", ""source_field"": ""npm.version.maintainers""}, {""value"": ""plnech <dev@plnech.fr>"", ""role"": ""maintainer"", ""source_field"": ""npm.version.maintainers""}, {""value"": ""shortcuts <clement.vannicatte@algolia.com>"", ""role"": ""maintainer"", ""source_field"": ""npm.version.maintainers""}, {""value"": ""praagyajoshi <praagya.joshi@gmail.com>"", ""role"": ""maintainer"", ""source_field"": ""npm.version.maintainers""}, {""value"": ""alphonseb <alphonse.bouy@gmail.com>"", ""role"": ""maintainer"", ""source_field"": ""npm.version.maintainers""}, {""value"": ""leodau <bluedraggy@gmail.com>"", ""role"": ""maintainer"", ""source_field"": ""npm.version.maintainers""}, {""value"": ""fabienmotte <contact@fabienmotte.com>"", ""role"": ""maintainer"", ""source_field"": ""npm.version.maintainers""}, {""value"": ""daltondickalgolia <dalton.dick@algolia.com>"", ""role"": ""maintainer"", ""source_field"": ""npm.version.maintainers""}, {""value"": ""dhaya.b <dhaya.benmessaoud@algolia.com>"", ""role"": ""maintainer"", ""source_field"": ""npm.version.maintainers""}, {""value"": ""bengreenbank <benjamingeoffrey.greenbank@algolia.com>"", ""role"": ""maintainer"", ""source_field"": ""npm.version.maintainers""}, {""value"": ""algabet <aurelien.gabet@algolia.com>"", ""role"": ""maintainer"", ""source_field"": ""npm.version.maintainers""}, {""value"": ""alg-bgastinne <benoit.gastinne@algolia.com>"", ""role"": ""maintainer"", ""source_field"": ""npm.version.maintainers""}, {""value"": ""emmanuel.fortin <emmanuel.fortin@algolia.com>"", ""role"": ""maintainer"", ""source_field"": ""npm.version.maintainers""}, {""value"": ""dylantientcheu <dylan.tientcheu@algolia.com>"", ""role"": ""maintainer"", ""source_field"": ""npm.version.maintainers""}, {""value"": ""robertmogos <robert.mogos@algolia.com>"", ""role"": ""maintainer"", ""source_field"": ""npm.version.maintainers""}, {""value"": ""jcohonner-algolia <jerome.cohonner@algolia.com>"", ""role"": ""maintainer"", ""source_field"": ""npm.version.maintainers""}, {""value"": ""catalgolia <claudia.rodriguez-schroeder@algolia.com>"", ""role"": ""maintainer"", ""source_field"": ""npm.version.maintainers""}, {""value"": ""raed-algolia <raed.chammam@algolia.com>"", ""role"": ""maintainer"", ""source_field"": ""npm.version.maintainers""}, {""value"": ""pjankowski5312 <paul.jankowski@algolia.com>"", ""role"": ""maintainer"", ""source_field"": ""npm.version.maintainers""}, {""value"": ""eventexperiences_algolia <team-event-experiences-engineering@algolia.com>"", ""role"": ""maintainer"", ""source_field"": ""npm.version.maintainers""}, {""value"": ""taylorcjohnson_algolia <taylor.johnson@algolia.com>"", ""role"": ""maintainer"", ""source_field"": ""npm.version.maintainers""}, {""value"": ""sfaiqh <sfaiqh@gmail.com>"", ""role"": ""maintainer"", ""source_field"": ""npm.version.maintainers""}, {""value"": ""instantsearch-bot <instantsearch-bot@algolia.com>"", ""role"": ""maintainer"", ""source_field"": ""npm.version.maintainers""}, {""value"": ""fluf <thomas.raffray@icloud.com>"", ""role"": ""maintainer"", ""source_field"": ""npm.version.maintainers""}, {""value"": ""leviwhalen <levi@leviwhalen.com>"", ""role"": ""maintainer"", ""source_field"": ""npm.version.maintainers""}, {""value"": ""abodelot <alexandre.bodelot@gmail.com>"", ""role"": ""maintainer"", ""source_field"": ""npm.version.maintainers""}, {""value"": ""mprevell97 <matt.revell@algolia.com>"", ""role"": ""maintainer"", ""source_field"": ""npm.version.maintainers""}, {""value"": ""jkaho <jessica.hong@algolia.com>"", ""role"": ""maintainer"", ""source_field"": ""npm.version.maintainers""}, {""value"": ""antoine.gilles <antoine.gilles@algolia.com>"", ""role"": ""maintainer"", ""source_field"": ""npm.version.maintainers""}, {""value"": ""wwalser <waw325@gmail.com>"", ""role"": ""maintainer"", ""source_field"": ""npm.version.maintainers""}, {""value"": ""bhinchley-algolia <ben.hinchley@algolia.com>"", ""role"": ""maintainer"", ""source_field"": ""npm.version.maintainers""}, {""value"": ""louishousiaux <louis.housiaux@algolia.com>"", ""role"": ""maintainer"", ""source_field"": ""npm.version.maintainers""}, {""value"": ""jsok_algolia <jonathan.sokolowski@algolia.com>"", ""role"": ""maintainer"", ""source_field"": ""npm.version.maintainers""}, {""value"": ""alg-admin <admin@algolia.com>"", ""role"": ""maintainer"", ""source_field"": ""npm.version.maintainers""}, {""value"": ""hugowit <valla.hugo@gmail.com>"", ""role"": ""maintainer"", ""source_field"": ""npm.version.maintainers""}, {""value"": ""mariamthiam01 <mariam.thiam@algolia.com>"", ""role"": ""maintainer"", ""source_field"": ""npm.version.maintainers""}, {""value"": ""drodriguln <drodriguln@icloud.com>"", ""role"": ""maintainer"", ""source_field"": ""npm.version.maintainers""}, {""value"": ""scyganek-algolia <sebastian.cyganek@algolia.com>"", ""role"": ""maintainer"", ""source_field"": ""npm.version.maintainers""}, {""value"": ""jasonberry <jason@thevagabond.net>"", ""role"": ""maintainer"", ""source_field"": ""npm.version.maintainers""}, {""value"": ""bhcastle <brian.castle@algolia.com>"", ""role"": ""maintainer"", ""source_field"": ""npm.version.maintainers""}, {""value"": ""gavinwade12 <gavin.wade12@gmail.com>"", ""role"": ""maintainer"", ""source_field"": ""npm.version.maintainers""}, {""value"": ""vascobettencourt <vasco.bettencourt@algolia.com>"", ""role"": ""maintainer"", ""source_field"": ""npm.version.maintainers""}, {""value"": ""mariaaalungu <maria.lungu@algolia.com>"", ""role"": ""maintainer"", ""source_field"": ""npm.version.maintainers""}, {""value"": ""cdhawke-algolia <christopher.hawke@algolia.com>"", ""role"": ""maintainer"", ""source_field"": ""npm.version.maintainers""}, {""value"": ""felipe-bernal <guillermo.bernal@algolia.com>"", ""role"": ""maintainer"", ""source_field"": ""npm.version.maintainers""}, {""value"": ""morgan-algolia2 <morgan.leroi+npm@algolia.com>"", ""role"": ""maintainer"", ""source_field"": ""npm.version.maintainers""}, {""value"": ""sirockin_algolia <dave.sirockin@algolia.com>"", ""role"": ""maintainer"", ""source_field"": ""npm.version.maintainers""}, {""value"": ""julia-francais <julia.francais@algolia.com>"", ""role"": ""maintainer"", ""source_field"": ""npm.version.maintainers""}, {""value"": ""jcalgo <jonathan.case@algolia.com>"", ""role"": ""maintainer"", ""source_field"": ""npm.version.maintainers""}, {""value"": ""aallam.alg <mouaad.aallam@algolia.com>"", ""role"": ""maintainer"", ""source_field"": ""npm.version.maintainers""}, {""value"": ""jinste <stephane.jin@algolia.com>"", ""role"": ""maintainer"", ""source_field"": ""npm.version.maintainers""}, {""value"": ""tecu23 <andrei.teculescu@algolia.com>"", ""role"": ""maintainer"", ""source_field"": ""npm.version.maintainers""}, {""value"": ""nyagudayev <natan.yagudayev@algolia.com>"", ""role"": ""maintainer"", ""source_field"": ""npm.version.maintainers""}, {""value"": ""samykettani <samy.kettani@me.com>"", ""role"": ""maintainer"", ""source_field"": ""npm.version.maintainers""}, {""value"": ""jonathaningram <jonathan.b.ingram@gmail.com>"", ""role"": ""maintainer"", ""source_field"": ""npm.version.maintainers""}, {""value"": ""marioalgolia <mario.dan@algolia.com>"", ""role"": ""maintainer"", ""source_field"": ""npm.version.maintainers""}, {""value"": ""masterstrike <bobby_1800@hotmail.com>"", ""role"": ""maintainer"", ""source_field"": ""npm.version.maintainers""}, {""value"": ""octavianiacob <octavian.iacob@algolia.com>"", ""role"": ""maintainer"", ""source_field"": ""npm.version.maintainers""}, {""value"": ""minjaslavkovic <minja.slavkovic@algolia.com>"", ""role"": ""maintainer"", ""source_field"": ""npm.version.maintainers""}, {""value"": ""eric-zaharia <zahariaeric@gmail.com>"", ""role"": ""maintainer"", ""source_field"": ""npm.version.maintainers""}, {""value"": ""cmarguta-algolia <catalin.marguta@algolia.com>"", ""role"": ""maintainer"", ""source_field"": ""npm.version.maintainers""}, {""value"": ""sevans3000 <steven.evans@algolia.com>"", ""role"": ""maintainer"", ""source_field"": ""npm.version.maintainers""}, {""value"": ""taigolia <tai.le@algolia.com>"", ""role"": ""maintainer"", ""source_field"": ""npm.version.maintainers""}, {""value"": ""harsharora-algolia <harsh.arora@algolia.com>"", ""role"": ""maintainer"", ""source_field"": ""npm.version.maintainers""}, {""value"": ""blaineventurine <blaineventurine@gmail.com>"", ""role"": ""maintainer"", ""source_field"": ""npm.version.maintainers""}, {""value"": ""sarahdayanalgolia <sarah.dayan@algolia.com>"", ""role"": ""maintainer"", ""source_field"": ""npm.version.maintainers""}, {""value"": ""gavaudan-algolia <leonardo.gavaudan@algolia.com>"", ""role"": ""maintainer"", ""source_field"": ""npm.version.maintainers""}, {""value"": ""mszmaj-algolia <michal.szmaj@algolia.com>"", ""role"": ""maintainer"", ""source_field"": ""npm.version.maintainers""}, {""value"": ""algsamy <samy.jarboui@algolia.com>"", ""role"": ""maintainer"", ""source_field"": ""npm.version.maintainers""}, {""value"": ""philbooth <pmbooth@gmail.com>"", ""role"": ""maintainer"", ""source_field"": ""npm.version.maintainers""}, {""value"": ""carloscampos <carlos.campos@algolia.com>"", ""role"": ""maintainer"", ""source_field"": ""npm.version.maintainers""}, {""value"": ""fredalgolia <fred.phillips@algolia.com>"", ""role"": ""maintainer"", ""source_field"": ""npm.version.maintainers""}, {""value"": ""wabascript2 <richard.wahba@algolia.com>"", ""role"": ""maintainer"", ""source_field"": ""npm.version.maintainers""}, {""value"": ""lotfirafik <lotfi.bouchafa@algolia.com>"", ""role"": ""maintainer"", ""source_field"": ""npm.version.maintainers""}, {""value"": ""lachlan.robertson <lachlan.robertson@algolia.com>"", ""role"": ""maintainer"", ""source_field"": ""npm.version.maintainers""}, {""value"": ""haroenv <hello@haroen.me>"", ""role"": ""maintainer"", ""source_field"": ""npm.package.maintainers""}, {""value"": ""tkrugg <contact@ymammar.com>"", ""role"": ""maintainer"", ""source_field"": ""npm.package.maintainers""}, {""value"": ""sarahdayan <dayan.sarah@gmail.com>"", ""role"": ""maintainer"", ""source_field"": ""npm.package.maintainers""}, {""value"": ""cyril.descossy <cyril.descossy@algolia.com>"", ""role"": ""maintainer"", ""source_field"": ""npm.package.maintainers""}, {""value"": ""alg-bgastinne <benoit.gastinne@algolia.com>"", ""role"": ""maintainer"", ""source_field"": ""npm.package.maintainers""}, {""value"": ""emmanuel.fortin <emmanuel.fortin@algolia.com>"", ""role"": ""maintainer"", ""source_field"": ""npm.package.maintainers""}, {""value"": ""robertmogos <robert.mogos@algolia.com>"", ""role"": ""maintainer"", ""source_field"": ""npm.package.maintainers""}, {""value"": ""jinste <stephane.jin@algolia.com>"", ""role"": ""maintainer"", ""source_field"": ""npm.package.maintainers""}, {""value"": ""eventexperiences_algolia <team-event-experiences-engineering@algolia.com>"", ""role"": ""maintainer"", ""source_field"": ""npm.package.maintainers""}, {""value"": ""alg-admin <admin@algolia.com>"", ""role"": ""maintainer"", ""source_field"": ""npm.package.maintainers""}, {""value"": ""sarahdayanalgolia <sarah.dayan@algolia.com>"", ""role"": ""maintainer"", ""source_field"": ""npm.package.maintainers""}, {""value"": ""shortcuts <clement.vannicatte@algolia.com>"", ""role"": ""maintainer"", ""source_field"": ""npm.package.maintainers""}, {""value"": ""eric-zaharia <zahariaeric@gmail.com>"", ""role"": ""maintainer"", ""source_field"": ""npm.package.maintainers""}, {""value"": ""fluf <thomas.raffray@icloud.com>"", ""role"": ""maintainer"", ""source_field"": ""npm.package.maintainers""}, {""value"": ""morgan-algolia2 <morgan.leroi+npm@algolia.com>"", ""role"": ""maintainer"", ""source_field"": ""npm.package.maintainers""}, {""value"": ""raed-algolia <raed.chammam@algolia.com>"", ""role"": ""maintainer"", ""source_field"": ""npm.package.maintainers""}, {""value"": ""sylvain <sylvain.bellone@gmail.com>"", ""role"": ""maintainer"", ""source_field"": ""npm.package.maintainers""}, {""value"": ""marioalgolia <mario.dan@algolia.com>"", ""role"": ""maintainer"", ""source_field"": ""npm.package.maintainers""}, {""value"": ""plnech <dev@plnech.fr>"", ""role"": ""maintainer"", ""source_field"": ""npm.package.maintainers""}, {""value"": ""GitHub Actions <npm-oidc-no-reply@github.com>"", ""role"": ""publisher_account"", ""source_field"": ""npm.version._npmUser""}, {""value"": ""@algolia"", ""role"": ""npm_scope"", ""source_field"": ""npm.package.name""}]",https://registry.npmjs.org/@algolia/client-personalization/-/client-personalization-5.55.0.tgz,integrity;sha1,sha512-XiS7gdFq/COWiwdWXZ8+RHuewfEo03TkGESk44zU8zTc/Z6R8fm4DNmV52swJKkeB2N9iC7NKpgpM22OOkcgTw==;041ec1f2a43bb24860805d236afb9d06e2220fc1,high,,2026-07-27T15:19:56.134250+00:00,matched,partially_correct,weak_inference,high,manual_review,"The proposed value matches the registry-derived party, but its recorded role is npm_scope, which is not automatically equivalent to a CycloneDX supplier.",yes,SEM-SUP-04,2026-08-01T16:58:31.468648+00:00
pkg:npm/%40types/cli-progress@3.11.6,NPM-03,npm,cdxgen,sboms_raw/cdxgen/NPM-03_angular_cyclonedx.json,593,cli-progress,3.11.6,pkg:npm/%40types/cli-progress@3.11.6,supplier,,@types,npm_registry,https://registry.npmjs.org/%40types%2Fcli-progress,registry_supplier_lookup,high,2026-07-27T10:17:56.684032+00:00,,,out_of_scope,medium,evidence_confidence_high;evidence_retrieval_successful;exact_version_confirmed;new_value_present;npm_scope_as_supplier;old_value_was_missing,,The value is an npm scope. Static checks cannot establish that the scope owner is equivalent to a CycloneDX supplier.,yes,yes,"Supplier semantics require interpretation of organization, author, maintainer, or scope evidence.",yes,high,2026-07-27T10:58:06.437303+00:00,VAL-029ff40266830750,npm,llm_semantic_review,"Supplier meaning cannot be established deterministically from author, maintainer, scope, developer, or organization metadata.",yes,yes_sample,npm_scope_supplier_semantics,yes,supplier_out_of_scope,59,,,,,,,success,True,@types/cli-progress,https://registry.npmjs.org/%40types%2Fcli-progress,MIT,https://github.com/DefinitelyTyped/DefinitelyTyped,@types,@types,npm_scope,npm.package.name,"[{""value"": ""types <ts-npm-types@microsoft.com>"", ""role"": ""maintainer"", ""source_field"": ""npm.version.maintainers""}, {""value"": ""types <ts-npm-types@microsoft.com>"", ""role"": ""maintainer"", ""source_field"": ""npm.package.maintainers""}, {""value"": ""types <ts-npm-types@microsoft.com>"", ""role"": ""publisher_account"", ""source_field"": ""npm.version._npmUser""}, {""value"": ""@types"", ""role"": ""npm_scope"", ""source_field"": ""npm.package.name""}]",https://registry.npmjs.org/@types/cli-progress/-/cli-progress-3.11.6.tgz,integrity;sha1,sha512-cE3+jb9WRlu+uOSAugewNpITJDt1VF8dHOopPO4IABFc3SXYL5WE/+PTz/FCdZRRfIujiWW3n3aMbv1eIGVRWA==;94b334ebe4190f710e51c1bf9b4fedb681fa9e45,high,,2026-07-27T15:25:17.405912+00:00,matched,partially_correct,weak_inference,high,manual_review,"The proposed value matches the registry-derived party, but its recorded role is npm_scope, which is not automatically equivalent to a CycloneDX supplier.",yes,SEM-SUP-04,2026-08-01T16:58:31.468651+00:00
pkg:npm/define-properties@1.2.1,NPM-03,npm,cdxgen,sboms_raw/cdxgen/NPM-03_angular_cyclonedx.json,1081,define-properties,1.2.1,pkg:npm/define-properties@1.2.1,supplier,,Jordan Harband,npm_registry,https://registry.npmjs.org/define-properties,registry_supplier_lookup,high,2026-07-27T10:17:56.684032+00:00,,,out_of_scope,medium,evidence_confidence_high;evidence_retrieval_successful;exact_version_confirmed;new_value_present;old_value_was_missing;supplier_semantics_unverified,,"The value is syntactically plausible, but supplier semantics cannot be established through deterministic checks.",yes,yes,"Supplier semantics require interpretation of organization, author, maintainer, or scope evidence.",yes,high,2026-07-27T10:58:06.437303+00:00,VAL-50d5fa960821a507,npm,llm_semantic_review,"Supplier meaning cannot be established deterministically from author, maintainer, scope, developer, or organization metadata.",yes,yes_sample,supplier_semantics_unverified,yes,supplier_out_of_scope,60,,,,,,,success,True,define-properties,https://registry.npmjs.org/define-properties,MIT,git://github.com/ljharb/define-properties,Jordan Harband,Jordan Harband,author,npm.version.author,"[{""value"": ""Jordan Harband <ljharb@gmail.com>"", ""role"": ""author"", ""source_field"": ""npm.version.author""}, {""value"": ""Jordan Harband <ljharb@gmail.com>"", ""role"": ""author"", ""source_field"": ""npm.package.author""}, {""value"": ""ljharb <ljharb@gmail.com>"", ""role"": ""maintainer"", ""source_field"": ""npm.version.maintainers""}, {""value"": ""ljharb <ljharb@gmail.com>"", ""role"": ""maintainer"", ""source_field"": ""npm.package.maintainers""}, {""value"": ""ljharb <ljharb@gmail.com>"", ""role"": ""publisher_account"", ""source_field"": ""npm.version._npmUser""}]",https://registry.npmjs.org/define-properties/-/define-properties-1.2.1.tgz,integrity;sha1,sha512-8QmQKqEASLd5nx0U1B1okLElbUuuttJ/AnYmRXbbbGDWh6uS208EjD4Xqq/I9wK7u0v6O08XhTWnt5XtEbR6Dg==;10781cc616eb951a80a034bafcaa7377f6af2b6c,high,,2026-07-27T15:28:31.857511+00:00,matched,partially_correct,weak_inference,high,manual_review,"The proposed value matches the registry-derived party, but its recorded role is author, which is not automatically equivalent to a CycloneDX supplier.",yes,SEM-SUP-04,2026-08-01T16:58:31.468654+00:00
pkg:npm/%40typescript-eslint/scope-manager@6.21.0,NPM-01,npm,cdxgen,sboms_raw/cdxgen/NPM-01_react_cyclonedx.json,1233,scope-manager,6.21.0,pkg:npm/%40typescript-eslint/scope-manager@6.21.0,supplier,,@typescript-eslint,npm_registry,https://registry.npmjs.org/%40typescript-eslint%2Fscope-manager,registry_supplier_lookup,high,2026-07-27T10:17:56.684032+00:00,,,out_of_scope,medium,evidence_confidence_high;evidence_retrieval_successful;exact_version_confirmed;new_value_present;npm_scope_as_supplier;old_value_was_missing,,The value is an npm scope. Static checks cannot establish that the scope owner is equivalent to a CycloneDX supplier.,yes,yes,"Supplier semantics require interpretation of organization, author, maintainer, or scope evidence.",yes,high,2026-07-27T10:58:06.437303+00:00,VAL-429d8d6984f1cc61,npm,llm_semantic_review,"Supplier meaning cannot be established deterministically from author, maintainer, scope, developer, or organization metadata.",yes,yes_sample,npm_scope_supplier_semantics,yes,supplier_out_of_scope,61,,,,,,,success,True,@typescript-eslint/scope-manager,https://registry.npmjs.org/%40typescript-eslint%2Fscope-manager,MIT,https://github.com/typescript-eslint/typescript-eslint,@typescript-eslint,@typescript-eslint,npm_scope,npm.package.name,"[{""value"": ""bradzacher <brad.zacher@gmail.com>"", ""role"": ""maintainer"", ""source_field"": ""npm.version.maintainers""}, {""value"": ""jameshenry <npm@jameshenry.email>"", ""role"": ""maintainer"", ""source_field"": ""npm.version.maintainers""}, {""value"": ""jameshenry <james@henry.sc>"", ""role"": ""maintainer"", ""source_field"": ""npm.package.maintainers""}, {""value"": ""bradzacher <brad.zacher@gmail.com>"", ""role"": ""maintainer"", ""source_field"": ""npm.package.maintainers""}, {""value"": ""jameshenry <npm@jameshenry.email>"", ""role"": ""publisher_account"", ""source_field"": ""npm.version._npmUser""}, {""value"": ""@typescript-eslint"", ""role"": ""npm_scope"", ""source_field"": ""npm.package.name""}]",https://registry.npmjs.org/@typescript-eslint/scope-manager/-/scope-manager-6.21.0.tgz,integrity;sha1,sha512-OwLUIWZJry80O99zvqXVEioyniJMa+d2GrqpUTqi5/v5D5rOrppJVBPa0yKCblcigC0/aYAzxxqQ1B+DS2RYsg==;ea8a9bfc8f1504a6ac5d59a6df308d3a0630a2b1,high,,2026-07-27T14:59:32.074835+00:00,matched,partially_correct,weak_inference,high,manual_review,"The proposed value matches the registry-derived party, but its recorded role is npm_scope, which is not automatically equivalent to a CycloneDX supplier.",yes,SEM-SUP-04,2026-08-01T16:58:31.468656+00:00
pkg:npm/axios@1.7.7,NPM-01,npm,cdxgen,sboms_raw/cdxgen/NPM-01_react_cyclonedx.json,7520,axios,1.7.7,pkg:npm/axios@1.7.7,supplier,,Matt Zabriskie,npm_registry,https://registry.npmjs.org/axios,registry_supplier_lookup,high,2026-07-27T10:17:56.684032+00:00,,,out_of_scope,medium,evidence_confidence_high;evidence_retrieval_successful;exact_version_confirmed;new_value_present;old_value_was_missing;supplier_semantics_unverified,,"The value is syntactically plausible, but supplier semantics cannot be established through deterministic checks.",yes,yes,"Supplier semantics require interpretation of organization, author, maintainer, or scope evidence.",yes,high,2026-07-27T10:58:06.437303+00:00,VAL-1bf478221bf5bbc2,npm,llm_semantic_review,"Supplier meaning cannot be established deterministically from author, maintainer, scope, developer, or organization metadata.",yes,yes_sample,supplier_semantics_unverified,yes,supplier_out_of_scope,62,,,,,,,success,True,axios,https://registry.npmjs.org/axios,MIT,https://github.com/axios/axios,Matt Zabriskie,Matt Zabriskie,author,npm.version.author,"[{""value"": ""Matt Zabriskie"", ""role"": ""author"", ""source_field"": ""npm.version.author""}, {""value"": ""Matt Zabriskie"", ""role"": ""author"", ""source_field"": ""npm.package.author""}, {""value"": ""mzabriskie <mzabriskie@gmail.com>"", ""role"": ""maintainer"", ""source_field"": ""npm.version.maintainers""}, {""value"": ""nickuraltsev <nick.uraltsev@gmail.com>"", ""role"": ""maintainer"", ""source_field"": ""npm.version.maintainers""}, {""value"": ""emilyemorehouse <emilyemorehouse@gmail.com>"", ""role"": ""maintainer"", ""source_field"": ""npm.version.maintainers""}, {""value"": ""jasonsaayman <jasonsaayman@gmail.com>"", ""role"": ""maintainer"", ""source_field"": ""npm.version.maintainers""}, {""value"": ""jasonsaayman <jasonsaayman@gmail.com>"", ""role"": ""maintainer"", ""source_field"": ""npm.package.maintainers""}, {""value"": ""jasonsaayman <jasonsaayman@gmail.com>"", ""role"": ""publisher_account"", ""source_field"": ""npm.version._npmUser""}]",https://registry.npmjs.org/axios/-/axios-1.7.7.tgz,integrity;sha1,sha512-S4kL7XrjgBmvdGut0sN3yJxqYzrDOnivkBiN0OFs6hLiUam3UPvswUo0kqGyhqUZGEOytHyumEdXsAkgCOUf3Q==;2f554296f9892a72ac8d8e4c5b79c14a91d0a47f,high,,2026-07-27T15:11:42.261729+00:00,matched,partially_correct,weak_inference,high,manual_review,"The proposed value matches the registry-derived party, but its recorded role is author, which is not automatically equivalent to a CycloneDX supplier.",yes,SEM-SUP-04,2026-08-01T16:58:31.468659+00:00
pkg:npm/bare-stream@2.13.3,PY-02,pypi,cdxgen,sboms_raw/cdxgen/PY-02_django_cyclonedx.json,159,bare-stream,2.13.3,pkg:npm/bare-stream@2.13.3,supplier,,Holepunch,npm_registry,https://registry.npmjs.org/bare-stream,registry_supplier_lookup,high,2026-07-27T10:17:56.684032+00:00,,,out_of_scope,medium,evidence_confidence_high;evidence_retrieval_successful;exact_version_confirmed;new_value_present;old_value_was_missing;pypi_author_or_maintainer,,The value may represent an author or maintainer rather than a software supplier.,yes,yes,"Supplier semantics require interpretation of organization, author, maintainer, or scope evidence.",yes,high,2026-07-27T10:58:06.437303+00:00,VAL-ab112d13be747139,pypi,llm_semantic_review,"Supplier meaning cannot be established deterministically from author, maintainer, scope, developer, or organization metadata.",yes,yes_sample,pypi_supplier_semantics,yes,supplier_out_of_scope,63,,,,,,,success,True,bare-stream,https://registry.npmjs.org/bare-stream,Apache-2.0,https://github.com/holepunchto/bare-stream,Holepunch,Holepunch,author,npm.version.author,"[{""value"": ""Holepunch"", ""role"": ""author"", ""source_field"": ""npm.version.author""}, {""value"": ""Holepunch"", ""role"": ""author"", ""source_field"": ""npm.package.author""}, {""value"": ""mafintosh <mathiasbuus@gmail.com>"", ""role"": ""maintainer"", ""source_field"": ""npm.version.maintainers""}, {""value"": ""mafintosh <mathiasbuus@gmail.com>"", ""role"": ""maintainer"", ""source_field"": ""npm.package.maintainers""}, {""value"": ""GitHub Actions <npm-oidc-no-reply@github.com>"", ""role"": ""publisher_account"", ""source_field"": ""npm.version._npmUser""}]",https://registry.npmjs.org/bare-stream/-/bare-stream-2.13.3.tgz,integrity;sha1,sha512-Kc+brLqvEqGkjyfiwJmImAOqLZL7OsoLKuavx+hJjgVV3nLTOjloJyPMFxjUPerGGHrNH0fLU06jjykMLWrERQ==;f6186c7cbb4bbf53a4560f35e48b16373ba51ce6,high,,2026-07-27T15:26:55.470563+00:00,matched,partially_correct,weak_inference,high,manual_review,"The proposed value matches the registry-derived party, but its recorded role is author, which is not automatically equivalent to a CycloneDX supplier.",yes,SEM-SUP-04,2026-08-01T16:58:31.468662+00:00
pkg:npm/%40jridgewell/trace-mapping@0.3.9,NPM-01,npm,cdxgen,sboms_raw/cdxgen/NPM-01_react_cyclonedx.json,7027,trace-mapping,0.3.9,pkg:npm/%40jridgewell/trace-mapping@0.3.9,supplier,,@jridgewell,npm_registry,https://registry.npmjs.org/%40jridgewell%2Ftrace-mapping,registry_supplier_lookup,high,2026-07-27T10:17:56.684032+00:00,,,out_of_scope,medium,evidence_confidence_high;evidence_retrieval_successful;exact_version_confirmed;new_value_present;npm_scope_as_supplier;old_value_was_missing,,The value is an npm scope. Static checks cannot establish that the scope owner is equivalent to a CycloneDX supplier.,yes,yes,"Supplier semantics require interpretation of organization, author, maintainer, or scope evidence.",yes,high,2026-07-27T10:58:06.437303+00:00,VAL-21de47db7feaf7f8,npm,llm_semantic_review,"Supplier meaning cannot be established deterministically from author, maintainer, scope, developer, or organization metadata.",yes,yes_sample,npm_scope_supplier_semantics,yes,supplier_out_of_scope,64,,,,,,,success,True,@jridgewell/trace-mapping,https://registry.npmjs.org/%40jridgewell%2Ftrace-mapping,MIT,https://github.com/jridgewell/trace-mapping,@jridgewell,@jridgewell,npm_scope,npm.package.name,"[{""value"": ""Justin Ridgewell <justin@ridgewell.name>"", ""role"": ""author"", ""source_field"": ""npm.version.author""}, {""value"": ""Justin Ridgewell <justin@ridgewell.name>"", ""role"": ""author"", ""source_field"": ""npm.package.author""}, {""value"": ""jridgewell <justin+npm@ridgewell.name>"", ""role"": ""maintainer"", ""source_field"": ""npm.version.maintainers""}, {""value"": ""jridgewell <justin+npm@ridgewell.name>"", ""role"": ""maintainer"", ""source_field"": ""npm.package.maintainers""}, {""value"": ""jridgewell <justin+npm@ridgewell.name>"", ""role"": ""publisher_account"", ""source_field"": ""npm.version._npmUser""}, {""value"": ""@jridgewell"", ""role"": ""npm_scope"", ""source_field"": ""npm.package.name""}]",https://registry.npmjs.org/@jridgewell/trace-mapping/-/trace-mapping-0.3.9.tgz,integrity;sha1,sha512-3Belt6tdc8bPgAtbcmdtNJlirVoTmEb5e2gC94PnkwEW9jI6CAHUeoG85tjWP5WquqfavoMtMwiG4P926ZKKuQ==;6534fd5933a53ba7cbf3a17615e273a0d1273ff9,high,,2026-07-27T15:07:23.117470+00:00,matched,partially_correct,weak_inference,high,manual_review,"The proposed value matches the registry-derived party, but its recorded role is npm_scope, which is not automatically equivalent to a CycloneDX supplier.",yes,SEM-SUP-04,2026-08-01T16:58:31.468665+00:00
pkg:npm/text-hex@1.0.0,NPM-03,npm,cdxgen,sboms_raw/cdxgen/NPM-03_angular_cyclonedx.json,2102,text-hex,1.0.0,pkg:npm/text-hex@1.0.0,supplier,,Arnout Kazemier,npm_registry,https://registry.npmjs.org/text-hex,registry_supplier_lookup,high,2026-07-27T10:17:56.684032+00:00,,,out_of_scope,medium,evidence_confidence_high;evidence_retrieval_successful;exact_version_confirmed;new_value_present;old_value_was_missing;supplier_semantics_unverified,,"The value is syntactically plausible, but supplier semantics cannot be established through deterministic checks.",yes,yes,"Supplier semantics require interpretation of organization, author, maintainer, or scope evidence.",yes,high,2026-07-27T10:58:06.437303+00:00,VAL-1cd11d5f4a659a93,npm,llm_semantic_review,"Supplier meaning cannot be established deterministically from author, maintainer, scope, developer, or organization metadata.",yes,yes_sample,supplier_semantics_unverified,yes,supplier_out_of_scope,65,,,,,,,success,True,text-hex,https://registry.npmjs.org/text-hex,MIT,https://github.com/3rd-Eden/text-hex,Arnout Kazemier,Arnout Kazemier,author,npm.version.author,"[{""value"": ""Arnout Kazemier"", ""role"": ""author"", ""source_field"": ""npm.version.author""}, {""value"": ""Arnout Kazemier"", ""role"": ""author"", ""source_field"": ""npm.package.author""}, {""value"": ""3rdeden <npm@3rd-Eden.com>"", ""role"": ""maintainer"", ""source_field"": ""npm.version.maintainers""}, {""value"": ""v1 <npm@3rd-Eden.com>"", ""role"": ""maintainer"", ""source_field"": ""npm.version.maintainers""}, {""value"": ""3rdeden <npm@3rd-Eden.com>"", ""role"": ""maintainer"", ""source_field"": ""npm.package.maintainers""}, {""value"": ""v1 <npm@3rd-Eden.com>"", ""role"": ""maintainer"", ""source_field"": ""npm.package.maintainers""}, {""value"": ""3rdeden <npm@3rd-Eden.com>"", ""role"": ""publisher_account"", ""source_field"": ""npm.version._npmUser""}]",https://registry.npmjs.org/text-hex/-/text-hex-1.0.0.tgz,integrity;sha1,sha512-uuVGNWzgJ4yhRaNSiubPY7OjISw4sw4E5Uv0wbjp+OzcbmVU/rsT8ujgcXJhn9ypzsgr5vlzpPqP+MBBKcGvbg==;69dc9c1b17446ee79a92bf5b884bb4b9127506f5,high,,2026-07-27T15:10:31.339275+00:00,matched,partially_correct,weak_inference,high,manual_review,"The proposed value matches the registry-derived party, but its recorded role is author, which is not automatically equivalent to a CycloneDX supplier.",yes,SEM-SUP-04,2026-08-01T16:58:31.468668+00:00
pkg:npm/once@1.4.0,NPM-04,npm,cdxgen,sboms_raw/cdxgen/NPM-04_express_cyclonedx.json,52,once,1.4.0,pkg:npm/once@1.4.0,supplier,,Isaac Z. Schlueter,npm_registry,https://registry.npmjs.org/once,registry_supplier_lookup,high,2026-07-27T10:17:56.684032+00:00,,,out_of_scope,medium,evidence_confidence_high;evidence_retrieval_successful;exact_version_confirmed;new_value_present;old_value_was_missing;supplier_semantics_unverified,,"The value is syntactically plausible, but supplier semantics cannot be established through deterministic checks.",yes,yes,"Supplier semantics require interpretation of organization, author, maintainer, or scope evidence.",yes,high,2026-07-27T10:58:06.437303+00:00,VAL-f8b6c374aa43e0a3,npm,llm_semantic_review,"Supplier meaning cannot be established deterministically from author, maintainer, scope, developer, or organization metadata.",yes,yes_sample,supplier_semantics_unverified,yes,supplier_out_of_scope,66,,,,,,,success,True,once,https://registry.npmjs.org/once,ISC,git://github.com/isaacs/once,Isaac Z. Schlueter,Isaac Z. Schlueter,author,npm.version.author,"[{""value"": ""Isaac Z. Schlueter <i@izs.me>"", ""role"": ""author"", ""source_field"": ""npm.version.author""}, {""value"": ""Isaac Z. Schlueter <i@izs.me>"", ""role"": ""author"", ""source_field"": ""npm.package.author""}, {""value"": ""isaacs <i@izs.me>"", ""role"": ""maintainer"", ""source_field"": ""npm.version.maintainers""}, {""value"": ""isaacs <i@izs.me>"", ""role"": ""maintainer"", ""source_field"": ""npm.package.maintainers""}, {""value"": ""isaacs <i@izs.me>"", ""role"": ""publisher_account"", ""source_field"": ""npm.version._npmUser""}]",https://registry.npmjs.org/once/-/once-1.4.0.tgz,integrity;sha1,sha512-lNaJgI+2Q5URQBkccEKHTQOPaXdUxnZZElQTZY0MFUAuaEqe1E+Nyvgdz/aIyNi6Z9MzO5dv1H8n58/GELp3+w==;583b1aa775961d4b113ac17d9c50baef9dd76bd1,high,,2026-07-27T15:16:25.877282+00:00,matched,partially_correct,weak_inference,high,manual_review,"The proposed value matches the registry-derived party, but its recorded role is author, which is not automatically equivalent to a CycloneDX supplier.",yes,SEM-SUP-04,2026-08-01T16:58:31.468671+00:00
pkg:npm/jest-environment-jsdom@29.0.3,NPM-01,npm,cdxgen,sboms_raw/cdxgen/NPM-01_react_cyclonedx.json,7264,jest-environment-jsdom,29.0.3,pkg:npm/jest-environment-jsdom@29.0.3,supplier,,scotthovestadt,npm_registry,https://registry.npmjs.org/jest-environment-jsdom,registry_supplier_lookup,high,2026-07-27T10:17:56.684032+00:00,,,out_of_scope,medium,evidence_confidence_high;evidence_retrieval_successful;exact_version_confirmed;new_value_present;old_value_was_missing;supplier_semantics_unverified,,"The value is syntactically plausible, but supplier semantics cannot be established through deterministic checks.",yes,yes,"Supplier semantics require interpretation of organization, author, maintainer, or scope evidence.",yes,high,2026-07-27T10:58:06.437303+00:00,VAL-17b85d03ffcfcfd4,npm,llm_semantic_review,"Supplier meaning cannot be established deterministically from author, maintainer, scope, developer, or organization metadata.",yes,yes_sample,supplier_semantics_unverified,yes,supplier_out_of_scope,67,,,,,,,success,True,jest-environment-jsdom,https://registry.npmjs.org/jest-environment-jsdom,MIT,https://github.com/facebook/jest,scotthovestadt,scotthovestadt,maintainer,npm.version.maintainers,"[{""value"": ""scotthovestadt <scott.hovestadt@gmail.com>"", ""role"": ""maintainer"", ""source_field"": ""npm.version.maintainers""}, {""value"": ""rubennorte <rubennorte@gmail.com>"", ""role"": ""maintainer"", ""source_field"": ""npm.version.maintainers""}, {""value"": ""simenb <sbekkhus91@gmail.com>"", ""role"": ""maintainer"", ""source_field"": ""npm.version.maintainers""}, {""value"": ""fb <opensource+npm@fb.com>"", ""role"": ""maintainer"", ""source_field"": ""npm.version.maintainers""}, {""value"": ""aaronabramov <aaron@abramov.io>"", ""role"": ""maintainer"", ""source_field"": ""npm.version.maintainers""}, {""value"": ""davidzilburg <davidzilburg@gmail.com>"", ""role"": ""maintainer"", ""source_field"": ""npm.version.maintainers""}, {""value"": ""aaronabramov <aaron@abramov.io>"", ""role"": ""maintainer"", ""source_field"": ""npm.package.maintainers""}, {""value"": ""simenb <sbekkhus91@gmail.com>"", ""role"": ""maintainer"", ""source_field"": ""npm.package.maintainers""}, {""value"": ""rickhanlonii <rickhanlonii@gmail.com>"", ""role"": ""maintainer"", ""source_field"": ""npm.package.maintainers""}, {""value"": ""openjs-operations <operations@openjsf.org>"", ""role"": ""maintainer"", ""source_field"": ""npm.package.maintainers""}, {""value"": ""cpojer <christoph.pojer@gmail.com>"", ""role"": ""maintainer"", ""source_field"": ""npm.package.maintainers""}, {""value"": ""simenb <sbekkhus91@gmail.com>"", ""role"": ""publisher_account"", ""source_field"": ""npm.version._npmUser""}]",https://registry.npmjs.org/jest-environment-jsdom/-/jest-environment-jsdom-29.0.3.tgz,integrity;sha1,sha512-KIGvpm12c71hoYTjL4wC2c8K6KfhOHJqJtaHc1IApu5rG047YWZoEP13BlbucWfzGISBrmli8KFqdhdQEa8Wnw==;0c6ee841133dd6acbe957bceaceea93b7ec60ca9,high,,2026-07-27T15:09:39.386240+00:00,matched,partially_correct,weak_inference,high,manual_review,"The proposed value matches the registry-derived party, but its recorded role is maintainer, which is not automatically equivalent to a CycloneDX supplier.",yes,SEM-SUP-04,2026-08-01T16:58:31.468674+00:00
pkg:npm/picomatch@2.3.2,MAV-01,maven,syft,sboms_raw/syft/MAV-01_spring_boot_cyclonedx.json,378,picomatch,2.3.2,pkg:npm/picomatch@2.3.2,supplier,,Jon Schlinkert,npm_registry,https://registry.npmjs.org/picomatch,registry_supplier_lookup,high,2026-07-27T10:17:56.684032+00:00,,,out_of_scope,medium,evidence_confidence_high;evidence_retrieval_successful;exact_version_confirmed;maven_organization_or_developer;new_value_present;old_value_was_missing,,The value may come from a Maven organization or developer field. Static checks cannot determine whether it is the actual supplier.,yes,yes,"Supplier semantics require interpretation of organization, author, maintainer, or scope evidence.",yes,high,2026-07-27T10:58:06.437303+00:00,VAL-68a6991cbd6f3e91,maven,llm_semantic_review,"Supplier meaning cannot be established deterministically from author, maintainer, scope, developer, or organization metadata.",yes,yes_sample,maven_supplier_semantics,yes,supplier_out_of_scope,68,,,,,,,success,True,picomatch,https://registry.npmjs.org/picomatch,MIT,https://github.com/micromatch/picomatch,Jon Schlinkert,Jon Schlinkert,author,npm.version.author,"[{""value"": ""Jon Schlinkert"", ""role"": ""author"", ""source_field"": ""npm.version.author""}, {""value"": ""Jon Schlinkert"", ""role"": ""author"", ""source_field"": ""npm.package.author""}, {""value"": ""mrmlnc <dmalinochkin@rambler.ru>"", ""role"": ""maintainer"", ""source_field"": ""npm.version.maintainers""}, {""value"": ""jonschlinkert <github@sellside.com>"", ""role"": ""maintainer"", ""source_field"": ""npm.version.maintainers""}, {""value"": ""doowb <brian.woodward@gmail.com>"", ""role"": ""maintainer"", ""source_field"": ""npm.version.maintainers""}, {""value"": ""danez <npm@tschinder.de>"", ""role"": ""maintainer"", ""source_field"": ""npm.version.maintainers""}, {""value"": ""mrmlnc <dmalinochkin@rambler.ru>"", ""role"": ""maintainer"", ""source_field"": ""npm.package.maintainers""}, {""value"": ""jonschlinkert <github@sellside.com>"", ""role"": ""maintainer"", ""source_field"": ""npm.package.maintainers""}, {""value"": ""doowb <brian.woodward@gmail.com>"", ""role"": ""maintainer"", ""source_field"": ""npm.package.maintainers""}, {""value"": ""danez <npm@tschinder.de>"", ""role"": ""maintainer"", ""source_field"": ""npm.package.maintainers""}, {""value"": ""danez <npm@tschinder.de>"", ""role"": ""publisher_account"", ""source_field"": ""npm.version._npmUser""}]",https://registry.npmjs.org/picomatch/-/picomatch-2.3.2.tgz,integrity;sha1,sha512-V7+vQEJ06Z+c5tSye8S+nHUfI51xoXIXjHQ99cQtKUkQqqO1kO/KCJUfZXuB47h/YBlDhah2H3hdUGXn8ie0oA==;5a942915e26b372dc0f0e6753149a16e6b1c5601,high,,2026-07-27T15:16:38.643088+00:00,matched,partially_correct,weak_inference,high,manual_review,"The proposed value matches the registry-derived party, but its recorded role is author, which is not automatically equivalent to a CycloneDX supplier.",yes,SEM-SUP-04,2026-08-01T16:58:31.468677+00:00
pkg:npm/meow@13.2.0,NPM-02,npm,cdxgen,sboms_raw/cdxgen/NPM-02_axios_cyclonedx.json,161,meow,13.2.0,pkg:npm/meow@13.2.0,supplier,,Sindre Sorhus,npm_registry,https://registry.npmjs.org/meow,registry_supplier_lookup,high,2026-07-27T10:17:56.684032+00:00,,,out_of_scope,medium,evidence_confidence_high;evidence_retrieval_successful;exact_version_confirmed;new_value_present;old_value_was_missing;supplier_semantics_unverified,,"The value is syntactically plausible, but supplier semantics cannot be established through deterministic checks.",yes,yes,"Supplier semantics require interpretation of organization, author, maintainer, or scope evidence.",yes,high,2026-07-27T10:58:06.437303+00:00,VAL-c12352b2f46c823b,npm,llm_semantic_review,"Supplier meaning cannot be established deterministically from author, maintainer, scope, developer, or organization metadata.",yes,yes_sample,supplier_semantics_unverified,yes,supplier_out_of_scope,69,,,,,,,success,True,meow,https://registry.npmjs.org/meow,MIT,https://github.com/sindresorhus/meow,Sindre Sorhus,Sindre Sorhus,author,npm.version.author,"[{""value"": ""Sindre Sorhus <sindresorhus@gmail.com>"", ""role"": ""author"", ""source_field"": ""npm.version.author""}, {""value"": ""Sindre Sorhus <sindresorhus@gmail.com>"", ""role"": ""author"", ""source_field"": ""npm.package.author""}, {""value"": ""sindresorhus <sindresorhus@gmail.com>"", ""role"": ""maintainer"", ""source_field"": ""npm.version.maintainers""}, {""value"": ""sindresorhus <sindresorhus@gmail.com>"", ""role"": ""maintainer"", ""source_field"": ""npm.package.maintainers""}, {""value"": ""sindresorhus <sindresorhus@gmail.com>"", ""role"": ""publisher_account"", ""source_field"": ""npm.version._npmUser""}]",https://registry.npmjs.org/meow/-/meow-13.2.0.tgz,integrity;sha1,sha512-pxQJQzB6djGPXh08dacEloMFopsOqGVRKFPYvPOt9XDZ1HasbgDZA74CJGreSU4G3Ak7EFJGoiH2auq+yXISgA==;6b7d63f913f984063b3cc261b6e8800c4cd3474f,high,,2026-07-27T15:14:21.878517+00:00,matched,partially_correct,weak_inference,high,manual_review,"The proposed value matches the registry-derived party, but its recorded role is author, which is not automatically equivalent to a CycloneDX supplier.",yes,SEM-SUP-04,2026-08-01T16:58:31.468679+00:00
pkg:npm/diff@9.0.0,NPM-03,npm,cdxgen,sboms_raw/cdxgen/NPM-03_angular_cyclonedx.json,1098,diff,9.0.0,pkg:npm/diff@9.0.0,supplier,,kpdecker,npm_registry,https://registry.npmjs.org/diff,registry_supplier_lookup,high,2026-07-27T10:17:56.684032+00:00,,,out_of_scope,medium,evidence_confidence_high;evidence_retrieval_successful;exact_version_confirmed;new_value_present;old_value_was_missing;supplier_semantics_unverified,,"The value is syntactically plausible, but supplier semantics cannot be established through deterministic checks.",yes,yes,"Supplier semantics require interpretation of organization, author, maintainer, or scope evidence.",yes,high,2026-07-27T10:58:06.437303+00:00,VAL-a6bcaf32ad10c938,npm,llm_semantic_review,"Supplier meaning cannot be established deterministically from author, maintainer, scope, developer, or organization metadata.",yes,yes_sample,supplier_semantics_unverified,yes,supplier_out_of_scope,70,,,,,,,success,True,diff,https://registry.npmjs.org/diff,BSD-3-Clause,https://github.com/kpdecker/jsdiff,kpdecker,kpdecker,maintainer,npm.version.maintainers,"[{""value"": ""kpdecker <kpdecker@gmail.com>"", ""role"": ""maintainer"", ""source_field"": ""npm.version.maintainers""}, {""value"": ""explodingcabbage <markrobertamery+npm@gmail.com>"", ""role"": ""maintainer"", ""source_field"": ""npm.version.maintainers""}, {""value"": ""kpdecker <kpdecker@gmail.com>"", ""role"": ""maintainer"", ""source_field"": ""npm.package.maintainers""}, {""value"": ""explodingcabbage <markrobertamery+npm@gmail.com>"", ""role"": ""maintainer"", ""source_field"": ""npm.package.maintainers""}, {""value"": ""explodingcabbage <markrobertamery+npm@gmail.com>"", ""role"": ""publisher_account"", ""source_field"": ""npm.version._npmUser""}]",https://registry.npmjs.org/diff/-/diff-9.0.0.tgz,integrity;sha1,sha512-svtcdpS8CgJyqAjEQIXdb3OjhFVVYjzGAPO8WGCmRbrml64SPw/jJD4GoE98aR7r25A0XcgrK3F02yw9R/vhQw==;297c31cd7c280f13dfe335791ec2063bd4a73a6f,high,,2026-07-27T15:28:37.759324+00:00,matched,partially_correct,weak_inference,high,manual_review,"The proposed value matches the registry-derived party, but its recorded role is maintainer, which is not automatically equivalent to a CycloneDX supplier.",yes,SEM-SUP-04,2026-08-01T16:58:31.468683+00:00
pkg:npm/%40jridgewell/trace-mapping@0.3.31,NPM-04,npm,cdxgen,sboms_raw/cdxgen/NPM-04_express_cyclonedx.json,295,trace-mapping,0.3.31,pkg:npm/%40jridgewell/trace-mapping@0.3.31,supplier,,@jridgewell,npm_registry,https://registry.npmjs.org/%40jridgewell%2Ftrace-mapping,registry_supplier_lookup,high,2026-07-27T10:17:56.684032+00:00,,,out_of_scope,medium,evidence_confidence_high;evidence_retrieval_successful;exact_version_confirmed;new_value_present;npm_scope_as_supplier;old_value_was_missing,,The value is an npm scope. Static checks cannot establish that the scope owner is equivalent to a CycloneDX supplier.,yes,yes,"Supplier semantics require interpretation of organization, author, maintainer, or scope evidence.",yes,high,2026-07-27T10:58:06.437303+00:00,VAL-c89f840747b6f7c1,npm,llm_semantic_review,"Supplier meaning cannot be established deterministically from author, maintainer, scope, developer, or organization metadata.",yes,yes_sample,npm_scope_supplier_semantics,yes,supplier_out_of_scope,71,,,,,,,success,True,@jridgewell/trace-mapping,https://registry.npmjs.org/%40jridgewell%2Ftrace-mapping,MIT,https://github.com/jridgewell/sourcemaps,@jridgewell,@jridgewell,npm_scope,npm.package.name,"[{""value"": ""Justin Ridgewell <justin@ridgewell.name>"", ""role"": ""author"", ""source_field"": ""npm.version.author""}, {""value"": ""Justin Ridgewell <justin@ridgewell.name>"", ""role"": ""author"", ""source_field"": ""npm.package.author""}, {""value"": ""jridgewell <justin+npm@ridgewell.name>"", ""role"": ""maintainer"", ""source_field"": ""npm.version.maintainers""}, {""value"": ""jridgewell <justin+npm@ridgewell.name>"", ""role"": ""maintainer"", ""source_field"": ""npm.package.maintainers""}, {""value"": ""jridgewell <justin+npm@ridgewell.name>"", ""role"": ""publisher_account"", ""source_field"": ""npm.version._npmUser""}, {""value"": ""@jridgewell"", ""role"": ""npm_scope"", ""source_field"": ""npm.package.name""}]",https://registry.npmjs.org/@jridgewell/trace-mapping/-/trace-mapping-0.3.31.tgz,integrity;sha1,sha512-zzNR+SdQSDJzc8joaeP8QQoCQr8NuYx2dIIytl1QeBEZHJ9uW6hebsrYgbz8hJwUQao3TWCMtmfV8Nu1twOLAw==;db15d6781c931f3a251a3dac39501c98a6082fd0,high,,2026-07-27T15:13:28.210615+00:00,matched,partially_correct,weak_inference,high,manual_review,"The proposed value matches the registry-derived party, but its recorded role is npm_scope, which is not automatically equivalent to a CycloneDX supplier.",yes,SEM-SUP-04,2026-08-01T16:58:31.468685+00:00
pkg:npm/undici-types@7.18.2,NPM-03,npm,cdxgen,sboms_raw/cdxgen/NPM-03_angular_cyclonedx.json,2179,undici-types,7.18.2,pkg:npm/undici-types@7.18.2,supplier,,matteo.collina,npm_registry,https://registry.npmjs.org/undici-types,registry_supplier_lookup,high,2026-07-27T10:17:56.684032+00:00,,,out_of_scope,medium,evidence_confidence_high;evidence_retrieval_successful;exact_version_confirmed;new_value_present;old_value_was_missing;supplier_semantics_unverified,,"The value is syntactically plausible, but supplier semantics cannot be established through deterministic checks.",yes,yes,"Supplier semantics require interpretation of organization, author, maintainer, or scope evidence.",yes,high,2026-07-27T10:58:06.437303+00:00,VAL-dde85b23941b67e9,npm,llm_semantic_review,"Supplier meaning cannot be established deterministically from author, maintainer, scope, developer, or organization metadata.",yes,yes_sample,supplier_semantics_unverified,yes,supplier_out_of_scope,72,,,,,,,success,True,undici-types,https://registry.npmjs.org/undici-types,MIT,https://github.com/nodejs/undici,matteo.collina,matteo.collina,maintainer,npm.version.maintainers,"[{""value"": ""matteo.collina <hello@matteocollina.com>"", ""role"": ""maintainer"", ""source_field"": ""npm.version.maintainers""}, {""value"": ""ethan_arrowood <ethan@arrowood.dev>"", ""role"": ""maintainer"", ""source_field"": ""npm.version.maintainers""}, {""value"": ""matteo.collina <hello@matteocollina.com>"", ""role"": ""maintainer"", ""source_field"": ""npm.package.maintainers""}, {""value"": ""ethan_arrowood <ethan@arrowood.dev>"", ""role"": ""maintainer"", ""source_field"": ""npm.package.maintainers""}, {""value"": ""GitHub Actions <npm-oidc-no-reply@github.com>"", ""role"": ""publisher_account"", ""source_field"": ""npm.version._npmUser""}]",https://registry.npmjs.org/undici-types/-/undici-types-7.18.2.tgz,integrity;sha1,sha512-AsuCzffGHJybSaRrmr5eHr81mwJU3kjw6M+uprWvCXiNeN9SOGwQ3Jn8jb8m3Z6izVgknn1R0FTCEAP2QrLY/w==;29357a89e7b7ca4aef3bf0fd3fd0cd73884229e9,high,,2026-07-27T15:35:02.469933+00:00,matched,partially_correct,weak_inference,high,manual_review,"The proposed value matches the registry-derived party, but its recorded role is maintainer, which is not automatically equivalent to a CycloneDX supplier.",yes,SEM-SUP-04,2026-08-01T16:58:31.468690+00:00
pkg:npm/ms@2.0.0,NPM-05,npm,cdxgen,sboms_raw/cdxgen/NPM-05_core_cyclonedx.json,460,ms,2.0.0,pkg:npm/ms@2.0.0,supplier,,leo,npm_registry,https://registry.npmjs.org/ms,registry_supplier_lookup,high,2026-07-27T10:17:56.684032+00:00,,,out_of_scope,medium,evidence_confidence_high;evidence_retrieval_successful;exact_version_confirmed;new_value_present;old_value_was_missing;supplier_semantics_unverified,,"The value is syntactically plausible, but supplier semantics cannot be established through deterministic checks.",yes,yes,"Supplier semantics require interpretation of organization, author, maintainer, or scope evidence.",yes,high,2026-07-27T10:58:06.437303+00:00,VAL-19ee5d8a543adfb3,npm,llm_semantic_review,"Supplier meaning cannot be established deterministically from author, maintainer, scope, developer, or organization metadata.",yes,yes_sample,supplier_semantics_unverified,yes,supplier_out_of_scope,73,,,,,,,success,True,ms,https://registry.npmjs.org/ms,MIT,https://github.com/zeit/ms,leo,leo,maintainer,npm.version.maintainers,"[{""value"": ""leo <leo@zeit.co>"", ""role"": ""maintainer"", ""source_field"": ""npm.version.maintainers""}, {""value"": ""rauchg <rauchg@gmail.com>"", ""role"": ""maintainer"", ""source_field"": ""npm.version.maintainers""}, {""value"": ""matheuss <matheus.frndes@gmail.com>"", ""role"": ""maintainer"", ""source_field"": ""npm.package.maintainers""}, {""value"": ""rauchg <rauchg@gmail.com>"", ""role"": ""maintainer"", ""source_field"": ""npm.package.maintainers""}, {""value"": ""nick.tracey <nick.tracey@vercel.com>"", ""role"": ""maintainer"", ""source_field"": ""npm.package.maintainers""}, {""value"": ""vercel-release-bot <infra+release@vercel.com>"", ""role"": ""maintainer"", ""source_field"": ""npm.package.maintainers""}, {""value"": ""zeit-bot <team@zeit.co>"", ""role"": ""maintainer"", ""source_field"": ""npm.package.maintainers""}, {""value"": ""matt.straka <matt.j.straka@gmail.com>"", ""role"": ""maintainer"", ""source_field"": ""npm.package.maintainers""}, {""value"": ""leo <leo@zeit.co>"", ""role"": ""publisher_account"", ""source_field"": ""npm.version._npmUser""}]",https://registry.npmjs.org/ms/-/ms-2.0.0.tgz,integrity;sha1,sha512-Tpp60P6IUJDTuOq/5Z8cdskzJujfwqfOTkrwIwj7IRISpnkJnT6SyJ4PCPnGMoFjC9ddhal5KVIYtAt97ix05A==;5608aeadfc00be6c2901df5f9861788de0d597c8,high,,2026-07-27T15:32:00.662815+00:00,matched,partially_correct,weak_inference,high,manual_review,"The proposed value matches the registry-derived party, but its recorded role is maintainer, which is not automatically equivalent to a CycloneDX supplier.",yes,SEM-SUP-04,2026-08-01T16:58:31.468693+00:00
pkg:npm/%40esbuild/openbsd-x64@0.25.1,NPM-01,npm,cdxgen,sboms_raw/cdxgen/NPM-01_react_cyclonedx.json,1030,openbsd-x64,0.25.1,pkg:npm/%40esbuild/openbsd-x64@0.25.1,supplier,,@esbuild,npm_registry,https://registry.npmjs.org/%40esbuild%2Fopenbsd-x64,registry_supplier_lookup,high,2026-07-27T10:17:56.684032+00:00,,,out_of_scope,medium,evidence_confidence_high;evidence_retrieval_successful;exact_version_confirmed;new_value_present;npm_scope_as_supplier;old_value_was_missing,,The value is an npm scope. Static checks cannot establish that the scope owner is equivalent to a CycloneDX supplier.,yes,yes,"Supplier semantics require interpretation of organization, author, maintainer, or scope evidence.",yes,high,2026-07-27T10:58:06.437303+00:00,VAL-fedf9bdb1a7ef771,npm,llm_semantic_review,"Supplier meaning cannot be established deterministically from author, maintainer, scope, developer, or organization metadata.",yes,yes_sample,npm_scope_supplier_semantics,yes,supplier_out_of_scope,74,,,,,,,success,True,@esbuild/openbsd-x64,https://registry.npmjs.org/%40esbuild%2Fopenbsd-x64,MIT,https://github.com/evanw/esbuild,@esbuild,@esbuild,npm_scope,npm.package.name,"[{""value"": ""evanw <evan.exe@gmail.com>"", ""role"": ""maintainer"", ""source_field"": ""npm.version.maintainers""}, {""value"": ""esbuild <evan.exe+esbuild@gmail.com>"", ""role"": ""maintainer"", ""source_field"": ""npm.version.maintainers""}, {""value"": ""esbuild <evan.exe+esbuild@gmail.com>"", ""role"": ""maintainer"", ""source_field"": ""npm.package.maintainers""}, {""value"": ""evanw <evan.exe@gmail.com>"", ""role"": ""publisher_account"", ""source_field"": ""npm.version._npmUser""}, {""value"": ""@esbuild"", ""role"": ""npm_scope"", ""source_field"": ""npm.package.name""}]",https://registry.npmjs.org/@esbuild/openbsd-x64/-/openbsd-x64-0.25.1.tgz,integrity;sha1,sha512-T3H78X2h1tszfRSf+txbt5aOp/e7TAz3ptVKu9Oyir3IAOFPGV6O9c2naym5TOriy1l0nNf6a4X5UXRZSGX/dw==;9f1dc1786ed2e2938c404b06bcc48be9a13250de,high,,2026-07-27T14:57:55.800727+00:00,matched,partially_correct,weak_inference,high,manual_review,"The proposed value matches the registry-derived party, but its recorded role is npm_scope, which is not automatically equivalent to a CycloneDX supplier.",yes,SEM-SUP-04,2026-08-01T16:58:31.468698+00:00
pkg:npm/string-argv@0.3.1,MAV-03,maven,cdxgen,sboms_raw/cdxgen/MAV-03_flink_cyclonedx.json,1282,string-argv,0.3.1,pkg:npm/string-argv@0.3.1,supplier,,Anthony McCormick,npm_registry,https://registry.npmjs.org/string-argv,registry_supplier_lookup,high,2026-07-27T10:17:56.684032+00:00,,,out_of_scope,medium,evidence_confidence_high;evidence_retrieval_successful;exact_version_confirmed;maven_organization_or_developer;new_value_present;old_value_was_missing,,The value may come from a Maven organization or developer field. Static checks cannot determine whether it is the actual supplier.,yes,yes,"Supplier semantics require interpretation of organization, author, maintainer, or scope evidence.",yes,high,2026-07-27T10:58:06.437303+00:00,VAL-69398aa2f533a7df,maven,llm_semantic_review,"Supplier meaning cannot be established deterministically from author, maintainer, scope, developer, or organization metadata.",yes,yes_sample,maven_supplier_semantics,yes,supplier_out_of_scope,75,,,,,,,success,True,string-argv,https://registry.npmjs.org/string-argv,MIT,https://github.com/mccormicka/string-argv,Anthony McCormick,Anthony McCormick,author,npm.version.author,"[{""value"": ""Anthony McCormick <anthony.mccormick@gmail.com>"", ""role"": ""author"", ""source_field"": ""npm.version.author""}, {""value"": ""Anthony McCormick <anthony.mccormick@gmail.com>"", ""role"": ""author"", ""source_field"": ""npm.package.author""}, {""value"": ""cellule <mike.ferris@hotmail.com>"", ""role"": ""maintainer"", ""source_field"": ""npm.version.maintainers""}, {""value"": ""mccormicka <anthony.mccormick@gmail.com>"", ""role"": ""maintainer"", ""source_field"": ""npm.version.maintainers""}, {""value"": ""mccormicka <anthony.mccormick@gmail.com>"", ""role"": ""maintainer"", ""source_field"": ""npm.package.maintainers""}, {""value"": ""cellule <mike.ferris@hotmail.com>"", ""role"": ""maintainer"", ""source_field"": ""npm.package.maintainers""}, {""value"": ""cellule <mike.ferris@hotmail.com>"", ""role"": ""publisher_account"", ""source_field"": ""npm.version._npmUser""}]",https://registry.npmjs.org/string-argv/-/string-argv-0.3.1.tgz,integrity;sha1,sha512-a1uQGz7IyVy9YwhqjZIZu1c8JO8dNIe20xBmSS6qu9kv++k3JGzCVmprbNN5Kn+BgzD5E7YYwg1CcjuJMRNsvg==;95e2fbec0427ae19184935f816d74aaa4c5c19da,high,,2026-07-27T17:26:57.444993+00:00,matched,partially_correct,weak_inference,high,manual_review,"The proposed value matches the registry-derived party, but its recorded role is author, which is not automatically equivalent to a CycloneDX supplier.",yes,SEM-SUP-04,2026-08-01T16:58:31.468702+00:00
pkg:npm/%40angular/build@22.1.0-next.1,NPM-03,npm,cdxgen,sboms_raw/cdxgen/NPM-03_angular_cyclonedx.json,40,build,22.1.0-next.1,pkg:npm/%40angular/build@22.1.0-next.1,supplier,,@angular,npm_registry,https://registry.npmjs.org/%40angular%2Fbuild,registry_supplier_lookup,high,2026-07-27T10:17:56.684032+00:00,,,out_of_scope,medium,evidence_confidence_high;evidence_retrieval_successful;exact_version_confirmed;new_value_present;npm_scope_as_supplier;old_value_was_missing,,The value is an npm scope. Static checks cannot establish that the scope owner is equivalent to a CycloneDX supplier.,yes,yes,"Supplier semantics require interpretation of organization, author, maintainer, or scope evidence.",yes,high,2026-07-27T10:58:06.437303+00:00,VAL-524a0f1828523992,npm,llm_semantic_review,"Supplier meaning cannot be established deterministically from author, maintainer, scope, developer, or organization metadata.",yes,yes_sample,npm_scope_supplier_semantics,yes,supplier_out_of_scope,76,,,,,,,success,True,@angular/build,https://registry.npmjs.org/%40angular%2Fbuild,MIT,https://github.com/angular/angular-cli,@angular,@angular,npm_scope,npm.package.name,"[{""value"": ""Angular Authors"", ""role"": ""author"", ""source_field"": ""npm.version.author""}, {""value"": ""Angular Authors"", ""role"": ""author"", ""source_field"": ""npm.package.author""}, {""value"": ""angular <devops+npm@angular.io>"", ""role"": ""maintainer"", ""source_field"": ""npm.version.maintainers""}, {""value"": ""google-wombot <node-team-npm+wombot@google.com>"", ""role"": ""maintainer"", ""source_field"": ""npm.version.maintainers""}, {""value"": ""angular <devops+npm@angular.io>"", ""role"": ""maintainer"", ""source_field"": ""npm.package.maintainers""}, {""value"": ""google-wombot <node-team-npm+wombot@google.com>"", ""role"": ""maintainer"", ""source_field"": ""npm.package.maintainers""}, {""value"": ""google-wombot <node-team-npm+wombot@google.com>"", ""role"": ""publisher_account"", ""source_field"": ""npm.version._npmUser""}, {""value"": ""@angular"", ""role"": ""npm_scope"", ""source_field"": ""npm.package.name""}]",https://registry.npmjs.org/@angular/build/-/build-22.1.0-next.1.tgz,integrity;sha1,sha512-uPpzAcf5DHbMaJHoNdUuQP0D5qLVATKHXW9p0jZZyYg/pikYMn0RBkKgSv9T36p8wNrEgy3uBxK6RVC+YQF9wA==;f7588e780efb6621341da092baef3c01978999cd,high,,2026-07-27T15:20:07.814622+00:00,matched,partially_correct,weak_inference,high,manual_review,"The proposed value matches the registry-derived party, but its recorded role is npm_scope, which is not automatically equivalent to a CycloneDX supplier.",yes,SEM-SUP-04,2026-08-01T16:58:31.468704+00:00
pkg:npm/hpagent@1.2.0,MAV-01,maven,syft,sboms_raw/syft/MAV-01_spring_boot_cyclonedx.json,253,hpagent,1.2.0,pkg:npm/hpagent@1.2.0,supplier,,Tomas Della Vedova,npm_registry,https://registry.npmjs.org/hpagent,registry_supplier_lookup,high,2026-07-27T10:17:56.684032+00:00,,,out_of_scope,medium,evidence_confidence_high;evidence_retrieval_successful;exact_version_confirmed;maven_organization_or_developer;new_value_present;old_value_was_missing,,The value may come from a Maven organization or developer field. Static checks cannot determine whether it is the actual supplier.,yes,yes,"Supplier semantics require interpretation of organization, author, maintainer, or scope evidence.",yes,high,2026-07-27T10:58:06.437303+00:00,VAL-3f17ab1377cf0318,maven,llm_semantic_review,"Supplier meaning cannot be established deterministically from author, maintainer, scope, developer, or organization metadata.",yes,yes_sample,maven_supplier_semantics,yes,supplier_out_of_scope,77,,,,,,,success,True,hpagent,https://registry.npmjs.org/hpagent,MIT,https://github.com/delvedor/hpagent,Tomas Della Vedova,Tomas Della Vedova,author,npm.version.author,"[{""value"": ""Tomas Della Vedova"", ""role"": ""author"", ""source_field"": ""npm.version.author""}, {""value"": ""Tomas Della Vedova"", ""role"": ""author"", ""source_field"": ""npm.package.author""}, {""value"": ""delvedor <tommydelved@gmail.com>"", ""role"": ""maintainer"", ""source_field"": ""npm.version.maintainers""}, {""value"": ""delvedor <tommydelved@gmail.com>"", ""role"": ""maintainer"", ""source_field"": ""npm.package.maintainers""}, {""value"": ""delvedor <tommydelved@gmail.com>"", ""role"": ""publisher_account"", ""source_field"": ""npm.version._npmUser""}]",https://registry.npmjs.org/hpagent/-/hpagent-1.2.0.tgz,integrity;sha1,sha512-A91dYTeIB6NoXG+PxTQpCCDDnfHsW9kc06Lvpu1TEe9gnd6ZFeiBoRO9JvzEv6xK7EX97/dUE8g/vBMTqTS3CA==;0ae417895430eb3770c03443456b8d90ca464903,high,,2026-07-27T15:44:49.952511+00:00,matched,partially_correct,weak_inference,high,manual_review,"The proposed value matches the registry-derived party, but its recorded role is author, which is not automatically equivalent to a CycloneDX supplier.",yes,SEM-SUP-04,2026-08-01T16:58:31.468706+00:00
pkg:npm/msgpackr@1.12.1,NPM-03,npm,cdxgen,sboms_raw/cdxgen/NPM-03_angular_cyclonedx.json,1680,msgpackr,1.12.1,pkg:npm/msgpackr@1.12.1,supplier,,Kris Zyp,npm_registry,https://registry.npmjs.org/msgpackr,registry_supplier_lookup,high,2026-07-27T10:17:56.684032+00:00,,,out_of_scope,medium,evidence_confidence_high;evidence_retrieval_successful;exact_version_confirmed;new_value_present;old_value_was_missing;supplier_semantics_unverified,,"The value is syntactically plausible, but supplier semantics cannot be established through deterministic checks.",yes,yes,"Supplier semantics require interpretation of organization, author, maintainer, or scope evidence.",yes,high,2026-07-27T10:58:06.437303+00:00,VAL-c2351acf1792b08f,npm,llm_semantic_review,"Supplier meaning cannot be established deterministically from author, maintainer, scope, developer, or organization metadata.",yes,yes_sample,supplier_semantics_unverified,yes,supplier_out_of_scope,78,,,,,,,success,True,msgpackr,https://registry.npmjs.org/msgpackr,MIT,ssh://git@github.com/kriszyp/msgpackr,Kris Zyp,Kris Zyp,author,npm.version.author,"[{""value"": ""Kris Zyp"", ""role"": ""author"", ""source_field"": ""npm.version.author""}, {""value"": ""Kris Zyp"", ""role"": ""author"", ""source_field"": ""npm.package.author""}, {""value"": ""kriszyp <kriszyp@gmail.com>"", ""role"": ""maintainer"", ""source_field"": ""npm.version.maintainers""}, {""value"": ""kriszyp <kriszyp@gmail.com>"", ""role"": ""maintainer"", ""source_field"": ""npm.package.maintainers""}, {""value"": ""kriszyp <kriszyp@gmail.com>"", ""role"": ""publisher_account"", ""source_field"": ""npm.version._npmUser""}]",https://registry.npmjs.org/msgpackr/-/msgpackr-1.12.1.tgz,integrity;sha1,sha512-4EUH9tQHnMmEgzW/MdAP0KIfa1T9AF+htl0ffe2n5vb2EKn9y2co8ccpgWko6S52Jy1PQZKwRnx5/KkYjtd9MQ==;61d48d6becf4d5c4d659b2c5260240dc2c09bd44,high,,2026-07-27T15:32:01.909190+00:00,matched,partially_correct,weak_inference,high,manual_review,"The proposed value matches the registry-derived party, but its recorded role is author, which is not automatically equivalent to a CycloneDX supplier.",yes,SEM-SUP-04,2026-08-01T16:58:31.468710+00:00
pkg:npm/cors@2.8.5,NPM-01,npm,cdxgen,sboms_raw/cdxgen/NPM-01_react_cyclonedx.json,7167,cors,2.8.5,pkg:npm/cors@2.8.5,supplier,,Troy Goode,npm_registry,https://registry.npmjs.org/cors,registry_supplier_lookup,high,2026-07-27T10:17:56.684032+00:00,,,out_of_scope,medium,evidence_confidence_high;evidence_retrieval_successful;exact_version_confirmed;new_value_present;old_value_was_missing;supplier_semantics_unverified,,"The value is syntactically plausible, but supplier semantics cannot be established through deterministic checks.",yes,yes,"Supplier semantics require interpretation of organization, author, maintainer, or scope evidence.",yes,high,2026-07-27T10:58:06.437303+00:00,VAL-5d5446ded280391e,npm,llm_semantic_review,"Supplier meaning cannot be established deterministically from author, maintainer, scope, developer, or organization metadata.",yes,yes_sample,supplier_semantics_unverified,yes,supplier_out_of_scope,79,,,,,,,success,True,cors,https://registry.npmjs.org/cors,MIT,https://github.com/expressjs/cors,Troy Goode,Troy Goode,author,npm.version.author,"[{""value"": ""Troy Goode <troygoode@gmail.com>"", ""role"": ""author"", ""source_field"": ""npm.version.author""}, {""value"": ""Troy Goode <troygoode@gmail.com>"", ""role"": ""author"", ""source_field"": ""npm.package.author""}, {""value"": ""dougwilson <doug@somethingdoug.com>"", ""role"": ""maintainer"", ""source_field"": ""npm.version.maintainers""}, {""value"": ""troygoode <troygoode@gmail.com>"", ""role"": ""maintainer"", ""source_field"": ""npm.version.maintainers""}, {""value"": ""dougwilson <doug@somethingdoug.com>"", ""role"": ""maintainer"", ""source_field"": ""npm.package.maintainers""}, {""value"": ""ulisesgascon <ulisesgascondev@gmail.com>"", ""role"": ""maintainer"", ""source_field"": ""npm.package.maintainers""}, {""value"": ""troygoode <troygoode@gmail.com>"", ""role"": ""maintainer"", ""source_field"": ""npm.package.maintainers""}, {""value"": ""dougwilson <doug@somethingdoug.com>"", ""role"": ""publisher_account"", ""source_field"": ""npm.version._npmUser""}]",https://registry.npmjs.org/cors/-/cors-2.8.5.tgz,integrity;sha1,sha512-KIHbLJqu73RGr/hnbrO9uBeixNGuvSQjul/jdFvS/KFSIH1hWVd1ng7zOHx+YrEfInLG7q4n6GHQ9cDtxv/P6g==;eac11da51592dd86b9f06f6e7ac293b3df875d29,high,,2026-07-27T15:09:05.765920+00:00,matched,partially_correct,weak_inference,high,manual_review,"The proposed value matches the registry-derived party, but its recorded role is author, which is not automatically equivalent to a CycloneDX supplier.",yes,SEM-SUP-04,2026-08-01T16:58:31.468713+00:00
pkg:npm/%40antv/matrix-util@3.1.0-beta.3,MAV-03,maven,cdxgen,sboms_raw/cdxgen/MAV-03_flink_cyclonedx.json,24,matrix-util,3.1.0-beta.3,pkg:npm/%40antv/matrix-util@3.1.0-beta.3,supplier,,@antv,npm_registry,https://registry.npmjs.org/%40antv%2Fmatrix-util,registry_supplier_lookup,high,2026-07-27T10:17:56.684032+00:00,,,out_of_scope,medium,evidence_confidence_high;evidence_retrieval_successful;exact_version_confirmed;maven_organization_or_developer;new_value_present;old_value_was_missing,,The value may come from a Maven organization or developer field. Static checks cannot determine whether it is the actual supplier.,yes,yes,"Supplier semantics require interpretation of organization, author, maintainer, or scope evidence.",yes,high,2026-07-27T10:58:06.437303+00:00,VAL-830f7bce8a88f7c0,maven,llm_semantic_review,"Supplier meaning cannot be established deterministically from author, maintainer, scope, developer, or organization metadata.",yes,yes_sample,maven_supplier_semantics,yes,supplier_out_of_scope,80,,,,,,,success,True,@antv/matrix-util,https://registry.npmjs.org/%40antv%2Fmatrix-util,ISC,https://github.com/antvis/util,@antv,@antv,npm_scope,npm.package.name,"[{""value"": ""https://github.com/orgs/antvis/people"", ""role"": ""author"", ""source_field"": ""npm.version.author""}, {""value"": ""https://github.com/orgs/antvis/people"", ""role"": ""author"", ""source_field"": ""npm.package.author""}, {""value"": ""freestyle21 <675861708@qq.com>"", ""role"": ""maintainer"", ""source_field"": ""npm.version.maintainers""}, {""value"": ""soundquiet <fulingsun515@gmail.com>"", ""role"": ""maintainer"", ""source_field"": ""npm.version.maintainers""}, {""value"": ""elaine.q.10 <yilin.qyl@antfin.com>"", ""role"": ""maintainer"", ""source_field"": ""npm.version.maintainers""}, {""value"": ""sturuby <xingya.shi@gmail.com>"", ""role"": ""maintainer"", ""source_field"": ""npm.version.maintainers""}, {""value"": ""lviser <liuvigongzuoshi@gmail.com>"", ""role"": ""maintainer"", ""source_field"": ""npm.version.maintainers""}, {""value"": ""sakuya223 <360965398@qq.com>"", ""role"": ""maintainer"", ""source_field"": ""npm.version.maintainers""}, {""value"": ""serializedowen <wjh199455@gmail.com>"", ""role"": ""maintainer"", ""source_field"": ""npm.version.maintainers""}, {""value"": ""xdzhao <zhaoxiaodong@zju.edu.cn>"", ""role"": ""maintainer"", ""source_field"": ""npm.version.maintainers""}, {""value"": ""yangzhanmei <15809244435@163.com>"", ""role"": ""maintainer"", ""source_field"": ""npm.version.maintainers""}, {""value"": ""wjgogogo <906626481@qq.com>"", ""role"": ""maintainer"", ""source_field"": ""npm.version.maintainers""}, {""value"": ""leungwensen <leungwensen@gmail.com>"", ""role"": ""maintainer"", ""source_field"": ""npm.version.maintainers""}, {""value"": ""dori <418466938@qq.com>"", ""role"": ""maintainer"", ""source_field"": ""npm.version.maintainers""}, {""value"": ""iaaron <943720372@qq.com>"", ""role"": ""maintainer"", ""source_field"": ""npm.version.maintainers""}, {""value"": ""yard <zjwengyidong@outlook.com>"", ""role"": ""maintainer"", ""source_field"": ""npm.version.maintainers""}, {""value"": ""simaq <sima.zhang1990@gmail.com>"", ""role"": ""maintainer"", ""source_field"": ""npm.version.maintainers""}, {""value"": ""dxq613 <dxq613@gmail.com>"", ""role"": ""maintainer"", ""source_field"": ""npm.version.maintainers""}, {""value"": ""intchous <h.a.p.p.y.y.x.d@163.com>"", ""role"": ""maintainer"", ""source_field"": ""npm.version.maintainers""}, {""value"": ""susan_ann <lisuwe_n@163.com>"", ""role"": ""maintainer"", ""source_field"": ""npm.version.maintainers""}, {""value"": ""jinke.li <1359518268@qq.com>"", ""role"": ""maintainer"", ""source_field"": ""npm.version.maintainers""}, {""value"": ""lzxue <120635640@qq.com>"", ""role"": ""maintainer"", ""source_field"": ""npm.version.maintainers""}, {""value"": ""army8735 <army8735@qq.com>"", ""role"": ""maintainer"", ""source_field"": ""npm.version.maintainers""}, {""value"": ""atool <i@hust.cc>"", ""role"": ""maintainer"", ""source_field"": ""npm.version.maintainers""}, {""value"": ""baizn <576375879@qq.com>"", ""role"": ""maintainer"", ""source_field"": ""npm.version.maintainers""}, {""value"": ""dengfuping <dengfuping_develop@163.com>"", ""role"": ""maintainer"", ""source_field"": ""npm.version.maintainers""}, {""value"": ""neoddish <neoddish@outlook.com>"", ""role"": ""maintainer"", ""source_field"": ""npm.version.maintainers""}, {""value"": ""jeffy2012 <yuanjiefeng@gmail.com>"", ""role"": ""maintainer"", ""source_field"": ""npm.version.maintainers""}, {""value"": ""zqlu <zqlu.cn@gmail.com>"", ""role"": ""maintainer"", ""source_field"": ""npm.version.maintainers""}, {""value"": ""afc163 <afc163@gmail.com>"", ""role"": ""maintainer"", ""source_field"": ""npm.version.maintainers""}, {""value"": ""pomelo-nwu <czynwu@gmail.com>"", ""role"": ""maintainer"", ""source_field"": ""npm.version.maintainers""}, {""value"": ""kopiluwaky <yanyanwang93@gmail.com>"", ""role"": ""maintainer"", ""source_field"": ""npm.version.maintainers""}, {""value"": ""ccnuzindex <ccnuzindex@gmail.com>"", ""role"": ""maintainer"", ""source_field"": ""npm.version.maintainers""}, {""value"": ""panyuqi <pyqiverson@gmail.com>"", ""role"": ""maintainer"", ""source_field"": ""npm.version.maintainers""}, {""value"": ""bubkoo <bubkoo.wy@gmail.com>"", ""role"": ""maintainer"", ""source_field"": ""npm.version.maintainers""}, {""value"": ""zengyue <yezengyue@gmail.com>"", ""role"": ""maintainer"", ""source_field"": ""npm.version.maintainers""}, {""value"": ""kasmine <736929286@qq.com>"", ""role"": ""maintainer"", ""source_field"": ""npm.version.maintainers""}, {""value"": ""boyu.zlj <boyu.zlj@antfin.com>"", ""role"": ""maintainer"", ""source_field"": ""npm.version.maintainers""}, {""value"": ""l1ud0ngq1 <lliudongqi@gmail.com>"", ""role"": ""maintainer"", ""source_field"": ""npm.version.maintainers""}, {""value"": ""newbyvector <vectorse@126.com>"", ""role"": ""maintainer"", ""source_field"": ""npm.version.maintainers""}, {""value"": ""winniexing <wanyingxing@gmail.com>"", ""role"": ""maintainer"", ""source_field"": ""npm.version.maintainers""}, {""value"": ""chenluli <chenluuli@gmail.com>"", ""role"": ""maintainer"", ""source_field"": ""npm.version.maintainers""}, {""value"": ""kn9117 <1175863618@qq.com>"", ""role"": ""maintainer"", ""source_field"": ""npm.version.maintainers""}, {""value"": ""xdddst <deng25st@163.com>"", ""role"": ""maintainer"", ""source_field"": ""npm.version.maintainers""}, {""value"": ""semious2020 <semious@163.com>"", ""role"": ""maintainer"", ""source_field"": ""npm.version.maintainers""}, {""value"": ""esora <tygyh2012@gmail.com>"", ""role"": ""maintainer"", ""source_field"": ""npm.version.maintainers""}, {""value"": ""nadia_liu <1803275951@qq.com>"", ""role"": ""maintainer"", ""source_field"": ""npm.version.maintainers""}, {""value"": ""bbsqq <1491812683@qq.com>"", ""role"": ""maintainer"", ""source_field"": ""npm.version.maintainers""}, {""value"": ""mxz96102 <mxz96102@qq.com>"", ""role"": ""maintainer"", ""source_field"": ""npm.version.maintainers""}, {""value"": ""openwayne <openwayne@gmail.com>"", ""role"": ""maintainer"", ""source_field"": ""npm.version.maintainers""}, {""value"": ""pearmini <subairui@icloud.com>"", ""role"": ""maintainer"", ""source_field"": ""npm.version.maintainers""}, {""value"": ""pddpd <pddpengdi@gmail.com>"", ""role"": ""maintainer"", ""source_field"": ""npm.version.maintainers""}, {""value"": ""yiqianyao <2912401452@qq.com>"", ""role"": ""maintainer"", ""source_field"": ""npm.version.maintainers""}, {""value"": ""zhanba <c5e1856@gmail.com>"", ""role"": ""maintainer"", ""source_field"": ""npm.version.maintainers""}, {""value"": ""cxxxxxn <christy05.chen@gmail.com>"", ""role"": ""maintainer"", ""source_field"": ""npm.version.maintainers""}, {""value"": ""lvisei <yunji.me@outlook.com>"", ""role"": ""maintainer"", ""source_field"": ""npm.package.maintainers""}, {""value"": ""iaaron <943720372@qq.com>"", ""role"": ""maintainer"", ""source_field"": ""npm.package.maintainers""}, {""value"": ""jinke.li <jinke.li666@gmail.com>"", ""role"": ""maintainer"", ""source_field"": ""npm.package.maintainers""}, {""value"": ""lzxue <120635640@qq.com>"", ""role"": ""maintainer"", ""source_field"": ""npm.package.maintainers""}, {""value"": ""army8735 <army8735@qq.com>"", ""role"": ""maintainer"", ""source_field"": ""npm.package.maintainers""}, {""value"": ""dengfuping <dengfuping_private@163.com>"", ""role"": ""maintainer"", ""source_field"": ""npm.package.maintainers""}, {""value"": ""afc163 <afc163@gmail.com>"", ""role"": ""maintainer"", ""source_field"": ""npm.package.maintainers""}, {""value"": ""chenluli <chenluuli@gmail.com>"", ""role"": ""maintainer"", ""source_field"": ""npm.package.maintainers""}, {""value"": ""kn9117 <1175863618@qq.com>"", ""role"": ""maintainer"", ""source_field"": ""npm.package.maintainers""}, {""value"": ""bbsqq <1491812683@qq.com>"", ""role"": ""maintainer"", ""source_field"": ""npm.package.maintainers""}, {""value"": ""banxuan <zhuyuxin0627@gmail.com>"", ""role"": ""maintainer"", ""source_field"": ""npm.package.maintainers""}, {""value"": ""yanxiong <ojh496845051@gmail.com>"", ""role"": ""maintainer"", ""source_field"": ""npm.package.maintainers""}, {""value"": ""atool <wzwahl36@qq.com>"", ""role"": ""maintainer"", ""source_field"": ""npm.package.maintainers""}, {""value"": ""pearl_wang <610999886@qq.com>"", ""role"": ""maintainer"", ""source_field"": ""npm.package.maintainers""}, {""value"": ""alex_zjt <alex_zjt@163.com>"", ""role"": ""maintainer"", ""source_field"": ""npm.package.maintainers""}, {""value"": ""duxinyue023 <duxinyue.dxy@antgroup.com>"", ""role"": ""maintainer"", ""source_field"": ""npm.package.maintainers""}, {""value"": ""wang1212 <mrwang1212@126.com>"", ""role"": ""maintainer"", ""source_field"": ""npm.package.maintainers""}, {""value"": ""gaofuhong <gaofh1023@163.com>"", ""role"": ""maintainer"", ""source_field"": ""npm.package.maintainers""}, {""value"": ""kopiluwaky <yanyanwang93@gmail.com>"", ""role"": ""publisher_account"", ""source_field"": ""npm.version._npmUser""}, {""value"": ""@antv"", ""role"": ""npm_scope"", ""source_field"": ""npm.package.name""}]",https://registry.npmjs.org/@antv/matrix-util/-/matrix-util-3.1.0-beta.3.tgz,integrity;sha1,sha512-W2R6Za3A6CmG51Y/4jZUM/tFgYSq7vTqJL1VD9dKrvwxS4sE0ZcXINtkp55CdyBwJ6Cwm8pfoRpnD4FnHahN0A==;e061de8fa7be04605a155c69cc5ce9082eedddee,high,,2026-07-27T16:16:25.719936+00:00,matched,partially_correct,weak_inference,high,manual_review,"The proposed value matches the registry-derived party, but its recorded role is npm_scope, which is not automatically equivalent to a CycloneDX supplier.",yes,SEM-SUP-04,2026-08-01T16:58:31.468717+00:00
pkg:npm/%40vscode/vsce-sign-darwin-x64@2.0.6,NPM-03,npm,cdxgen,sboms_raw/cdxgen/NPM-03_angular_cyclonedx.json,718,vsce-sign-darwin-x64,2.0.6,pkg:npm/%40vscode/vsce-sign-darwin-x64@2.0.6,license,,SEE LICENSE IN LICENSE.txt,npm_registry,https://registry.npmjs.org/%40vscode%2Fvsce-sign-darwin-x64,registry_license_lookup,high,2026-07-27T10:17:56.684032+00:00,,,out_of_scope,medium,evidence_confidence_high;evidence_retrieval_successful;exact_version_confirmed;new_value_present;old_value_was_missing;unverified_license_name,,"The value resembles a license name, but static checks cannot confirm its SPDX equivalence.",yes,yes,Free-text or classifier-style license metadata may benefit from constrained semantic normalization.,yes,medium,2026-07-27T10:58:06.437303+00:00,VAL-94665f3e57506aac,npm,llm_semantic_review,The license value requires semantic interpretation or normalization.,yes,yes_sample,license_name_normalization,yes,license_out_of_scope,81,,,,,,,success,True,@vscode/vsce-sign-darwin-x64,https://registry.npmjs.org/%40vscode%2Fvsce-sign-darwin-x64,SEE LICENSE IN LICENSE.txt,https://github.com/Microsoft/node-vscode-sign,@vscode,@vscode,npm_scope,npm.package.name,"[{""value"": ""Microsoft"", ""role"": ""author"", ""source_field"": ""npm.version.author""}, {""value"": ""Microsoft"", ""role"": ""author"", ""source_field"": ""npm.package.author""}, {""value"": ""vscode-bot <vscode-bot-npm@microsoft.com>"", ""role"": ""maintainer"", ""source_field"": ""npm.version.maintainers""}, {""value"": ""microsoft1es <npmjs@microsoft.com>"", ""role"": ""maintainer"", ""source_field"": ""npm.version.maintainers""}, {""value"": ""vscode-bot <vscode-bot-npm@microsoft.com>"", ""role"": ""maintainer"", ""source_field"": ""npm.package.maintainers""}, {""value"": ""microsoft1es <npmjs@microsoft.com>"", ""role"": ""maintainer"", ""source_field"": ""npm.package.maintainers""}, {""value"": ""microsoft1es <npmjs@microsoft.com>"", ""role"": ""publisher_account"", ""source_field"": ""npm.version._npmUser""}, {""value"": ""@vscode"", ""role"": ""npm_scope"", ""source_field"": ""npm.package.name""}]",https://registry.npmjs.org/@vscode/vsce-sign-darwin-x64/-/vsce-sign-darwin-x64-2.0.6.tgz,integrity;sha1,sha512-25GsUbTAiNfHSuRItoQafXOIpxlYj+IXb4/qarrXu7kmbH94jlm5sdWSCKrrREs8+GsXF1b+l3OB7VJy5jsykw==;d2c9186d9505498272cbddd8383bb038ebcf5820,high,,2026-07-27T15:26:16.446204+00:00,matched,partially_correct,strong_inference,medium,accept_with_caution,"The proposed license matches the registry value, but the value is not recognized by this script as a canonical SPDX identifier.",yes,SEM-LIC-02,2026-08-01T16:58:31.468723+00:00
pkg:npm/%40vscode/vsce-sign-alpine-arm64@2.0.6,NPM-03,npm,cdxgen,sboms_raw/cdxgen/NPM-03_angular_cyclonedx.json,715,vsce-sign-alpine-arm64,2.0.6,pkg:npm/%40vscode/vsce-sign-alpine-arm64@2.0.6,license,,SEE LICENSE IN LICENSE.txt,npm_registry,https://registry.npmjs.org/%40vscode%2Fvsce-sign-alpine-arm64,registry_license_lookup,high,2026-07-27T10:17:56.684032+00:00,,,out_of_scope,medium,evidence_confidence_high;evidence_retrieval_successful;exact_version_confirmed;new_value_present;old_value_was_missing;unverified_license_name,,"The value resembles a license name, but static checks cannot confirm its SPDX equivalence.",yes,yes,Free-text or classifier-style license metadata may benefit from constrained semantic normalization.,yes,medium,2026-07-27T10:58:06.437303+00:00,VAL-3500fbaea784b8c0,npm,llm_semantic_review,The license value requires semantic interpretation or normalization.,yes,yes_sample,license_name_normalization,yes,license_out_of_scope,82,,,,,,,success,True,@vscode/vsce-sign-alpine-arm64,https://registry.npmjs.org/%40vscode%2Fvsce-sign-alpine-arm64,SEE LICENSE IN LICENSE.txt,https://github.com/Microsoft/node-vscode-sign,@vscode,@vscode,npm_scope,npm.package.name,"[{""value"": ""Microsoft"", ""role"": ""author"", ""source_field"": ""npm.version.author""}, {""value"": ""Microsoft"", ""role"": ""author"", ""source_field"": ""npm.package.author""}, {""value"": ""vscode-bot <vscode-bot-npm@microsoft.com>"", ""role"": ""maintainer"", ""source_field"": ""npm.version.maintainers""}, {""value"": ""microsoft1es <npmjs@microsoft.com>"", ""role"": ""maintainer"", ""source_field"": ""npm.version.maintainers""}, {""value"": ""vscode-bot <vscode-bot-npm@microsoft.com>"", ""role"": ""maintainer"", ""source_field"": ""npm.package.maintainers""}, {""value"": ""microsoft1es <npmjs@microsoft.com>"", ""role"": ""maintainer"", ""source_field"": ""npm.package.maintainers""}, {""value"": ""microsoft1es <npmjs@microsoft.com>"", ""role"": ""publisher_account"", ""source_field"": ""npm.version._npmUser""}, {""value"": ""@vscode"", ""role"": ""npm_scope"", ""source_field"": ""npm.package.name""}]",https://registry.npmjs.org/@vscode/vsce-sign-alpine-arm64/-/vsce-sign-alpine-arm64-2.0.6.tgz,integrity;sha1,sha512-wKkJBsvKF+f0GfsUuGT0tSW0kZL87QggEiqNqK6/8hvqsXvpx8OsTEc3mnE1kejkh5r+qUyQ7PtF8jZYN0mo8Q==;2cd244caf5e8ec543f42fb91d4df3b933641c8fa,high,,2026-07-27T15:26:14.520292+00:00,matched,partially_correct,strong_inference,medium,accept_with_caution,"The proposed license matches the registry value, but the value is not recognized by this script as a canonical SPDX identifier.",yes,SEM-LIC-02,2026-08-01T16:58:31.468726+00:00
pkg:npm/path-scurry@2.0.2,NPM-05,npm,cdxgen,sboms_raw/cdxgen/NPM-05_core_cyclonedx.json,487,path-scurry,2.0.2,pkg:npm/path-scurry@2.0.2,license,,BlueOak-1.0.0,npm_registry,https://registry.npmjs.org/path-scurry,registry_license_lookup,high,2026-07-27T10:17:56.684032+00:00,,,out_of_scope,medium,evidence_confidence_high;evidence_retrieval_successful;exact_version_confirmed;new_value_present;old_value_was_missing;unverified_license_name,,"The value resembles a license name, but static checks cannot confirm its SPDX equivalence.",yes,yes,Free-text or classifier-style license metadata may benefit from constrained semantic normalization.,yes,medium,2026-07-27T10:58:06.437303+00:00,VAL-1cd765289ebda20e,npm,llm_semantic_review,The license value requires semantic interpretation or normalization.,yes,yes_sample,license_name_normalization,yes,license_out_of_scope,83,,,,,,,success,True,path-scurry,https://registry.npmjs.org/path-scurry,BlueOak-1.0.0,https://github.com/isaacs/path-scurry,Isaac Z. Schlueter,Isaac Z. Schlueter,author,npm.version.author,"[{""value"": ""Isaac Z. Schlueter <i@izs.me>"", ""role"": ""author"", ""source_field"": ""npm.version.author""}, {""value"": ""Isaac Z. Schlueter <i@izs.me>"", ""role"": ""author"", ""source_field"": ""npm.package.author""}, {""value"": ""isaacs <i@izs.me>"", ""role"": ""maintainer"", ""source_field"": ""npm.version.maintainers""}, {""value"": ""isaacs <i@izs.me>"", ""role"": ""maintainer"", ""source_field"": ""npm.package.maintainers""}, {""value"": ""isaacs <i@izs.me>"", ""role"": ""publisher_account"", ""source_field"": ""npm.version._npmUser""}]",https://registry.npmjs.org/path-scurry/-/path-scurry-2.0.2.tgz,integrity;sha1,sha512-3O/iVVsJAPsOnpwWIeD+d6z/7PmqApyQePUtCndjatj/9I5LylHvt5qluFaBT3I5h3r1ejfR056c+FCv+NnNXg==;6be0d0ee02a10d9e0de7a98bae65e182c9061f85,high,,2026-07-27T15:32:41.447006+00:00,matched,partially_correct,strong_inference,medium,accept_with_caution,"The proposed license matches the registry value, but the value is not recognized by this script as a canonical SPDX identifier.",yes,SEM-LIC-02,2026-08-01T16:58:31.468730+00:00
pkg:maven/org.checkerframework/checker-qual@3.12.0?type=jar,MAV-03,maven,cdxgen,sboms_raw/cdxgen/MAV-03_flink_cyclonedx.json,1464,checker-qual,3.12.0,pkg:maven/org.checkerframework/checker-qual@3.12.0?type=jar,license,,The MIT License,maven_central,https://search.maven.org/solrsearch/select?q=g%3A%22org.checkerframework%22%20AND%20a%3A%22checker-qual%22%20AND%20v%3A%223.12.0%22&rows=20&wt=json,registry_license_lookup,high,2026-07-27T10:17:56.684032+00:00,,,out_of_scope,medium,evidence_confidence_high;evidence_retrieval_successful;exact_version_confirmed;new_value_present;old_value_was_missing;unverified_license_name,,"The value resembles a license name, but static checks cannot confirm its SPDX equivalence.",yes,yes,Free-text or classifier-style license metadata may benefit from constrained semantic normalization.,yes,medium,2026-07-27T10:58:06.437303+00:00,VAL-c3b3bd617ea45931,maven,llm_semantic_review,The license value requires semantic interpretation or normalization.,yes,yes_sample,license_name_normalization,yes,license_out_of_scope,84,,,,,,,success,True,org.checkerframework:checker-qual,https://search.maven.org/solrsearch/select?q=g%3A%22org.checkerframework%22%20AND%20a%3A%22checker-qual%22%20AND%20v%3A%223.12.0%22&rows=20&wt=json,The MIT License,https://github.com/typetools/checker-framework,University of Washington,University of Washington,developer_organization,maven.pom.developers.developer.organization,"[{""value"": ""Michael Ernst"", ""role"": ""developer"", ""source_field"": ""maven.pom.developers.developer.name""}, {""value"": ""University of Washington"", ""role"": ""developer_organization"", ""source_field"": ""maven.pom.developers.developer.organization""}, {""value"": ""Suzanne Millstein"", ""role"": ""developer"", ""source_field"": ""maven.pom.developers.developer.name""}]",https://repo1.maven.org/maven2/org/checkerframework/checker-qual/3.12.0/checker-qual-3.12.0.jar,sha1,d5692f0526415fcc6de94bb5bfbd3afd9dd3b3e5,high,,2026-07-27T17:30:06.590712+00:00,matched,partially_correct,strong_inference,medium,accept_with_caution,"The proposed license matches the registry value, but the value is not recognized by this script as a canonical SPDX identifier.",yes,SEM-LIC-02,2026-08-01T16:58:31.468733+00:00
pkg:maven/io.opentelemetry/opentelemetry-exporter-otlp@1.30.1?type=jar,MAV-03,maven,cdxgen,sboms_raw/cdxgen/MAV-03_flink_cyclonedx.json,1551,opentelemetry-exporter-otlp,1.30.1,pkg:maven/io.opentelemetry/opentelemetry-exporter-otlp@1.30.1?type=jar,license,,"The Apache License, Version 2.0",maven_central,https://search.maven.org/solrsearch/select?q=g%3A%22io.opentelemetry%22%20AND%20a%3A%22opentelemetry-exporter-otlp%22%20AND%20v%3A%221.30.1%22&rows=20&wt=json,registry_license_lookup,high,2026-07-27T10:17:56.684032+00:00,,,out_of_scope,medium,evidence_confidence_high;evidence_retrieval_successful;exact_version_confirmed;new_value_present;old_value_was_missing;unverified_license_name,,"The value resembles a license name, but static checks cannot confirm its SPDX equivalence.",yes,yes,Free-text or classifier-style license metadata may benefit from constrained semantic normalization.,yes,medium,2026-07-27T10:58:06.437303+00:00,VAL-6bdbd1b1fb73c833,maven,llm_semantic_review,The license value requires semantic interpretation or normalization.,yes,yes_sample,license_name_normalization,yes,license_out_of_scope,85,,,,,,,success,True,io.opentelemetry:opentelemetry-exporter-otlp,https://search.maven.org/solrsearch/select?q=g%3A%22io.opentelemetry%22%20AND%20a%3A%22opentelemetry-exporter-otlp%22%20AND%20v%3A%221.30.1%22&rows=20&wt=json,"The Apache License, Version 2.0",git@github.com:open-telemetry/opentelemetry-java,OpenTelemetry,OpenTelemetry,developer,maven.pom.developers.developer.name,"[{""value"": ""OpenTelemetry"", ""role"": ""developer"", ""source_field"": ""maven.pom.developers.developer.name""}]",https://repo1.maven.org/maven2/io/opentelemetry/opentelemetry-exporter-otlp/1.30.1/opentelemetry-exporter-otlp-1.30.1.jar,sha1,15692246539571c41180aff2b55abe527b939a7b,high,,2026-07-27T17:37:13.190378+00:00,matched,partially_correct,strong_inference,medium,accept_with_caution,"The proposed license matches the registry value, but the value is not recognized by this script as a canonical SPDX identifier.",yes,SEM-LIC-02,2026-08-01T16:58:31.468736+00:00
pkg:npm/jackspeak@4.2.3,NPM-03,npm,cdxgen,sboms_raw/cdxgen/NPM-03_angular_cyclonedx.json,1480,jackspeak,4.2.3,pkg:npm/jackspeak@4.2.3,license,,BlueOak-1.0.0,npm_registry,https://registry.npmjs.org/jackspeak,registry_license_lookup,high,2026-07-27T10:17:56.684032+00:00,,,out_of_scope,medium,evidence_confidence_high;evidence_retrieval_successful;exact_version_confirmed;new_value_present;old_value_was_missing;unverified_license_name,,"The value resembles a license name, but static checks cannot confirm its SPDX equivalence.",yes,yes,Free-text or classifier-style license metadata may benefit from constrained semantic normalization.,yes,medium,2026-07-27T10:58:06.437303+00:00,VAL-4d2f7bbd4e2c559a,npm,llm_semantic_review,The license value requires semantic interpretation or normalization.,yes,yes_sample,license_name_normalization,yes,license_out_of_scope,86,,,,,,,success,True,jackspeak,https://registry.npmjs.org/jackspeak,BlueOak-1.0.0,https://github.com/isaacs/jackspeak,Isaac Z. Schlueter,Isaac Z. Schlueter,author,npm.version.author,"[{""value"": ""Isaac Z. Schlueter <i@izs.me>"", ""role"": ""author"", ""source_field"": ""npm.version.author""}, {""value"": ""Isaac Z. Schlueter <i@izs.me>"", ""role"": ""author"", ""source_field"": ""npm.package.author""}, {""value"": ""isaacs <i@izs.me>"", ""role"": ""maintainer"", ""source_field"": ""npm.version.maintainers""}, {""value"": ""isaacs <i@izs.me>"", ""role"": ""maintainer"", ""source_field"": ""npm.package.maintainers""}, {""value"": ""isaacs <i@izs.me>"", ""role"": ""publisher_account"", ""source_field"": ""npm.version._npmUser""}]",https://registry.npmjs.org/jackspeak/-/jackspeak-4.2.3.tgz,integrity;sha1,sha512-ykkVRwrYvFm1nb2AJfKKYPr0emF6IiXDYUaFx4Zn9ZuIH7MrzEZ3sD5RlqGXNRpHtvUHJyOnCEFxOlNDtGo7wg==;27ef80f33b93412037c3bea4f8eddf80e1931483,high,,2026-07-27T15:30:50.201197+00:00,matched,partially_correct,strong_inference,medium,accept_with_caution,"The proposed license matches the registry value, but the value is not recognized by this script as a canonical SPDX identifier.",yes,SEM-LIC-02,2026-08-01T16:58:31.468739+00:00
pkg:npm/prompt-promise@1.0.3,NPM-01,npm,cdxgen,sboms_raw/cdxgen/NPM-01_react_cyclonedx.json,2867,prompt-promise,1.0.3,pkg:npm/prompt-promise@1.0.3,license,,"{'type': 'MIT', 'url': 'https://github.com/tunnckoCore/prompt-promise/blob/master/license.md'}",npm_registry,https://registry.npmjs.org/prompt-promise,registry_license_lookup,high,2026-07-27T10:17:56.684032+00:00,,,out_of_scope,low,evidence_confidence_high;evidence_retrieval_successful;exact_version_confirmed;new_value_present;old_value_was_missing;unrecognized_license_format,,The proposed license format cannot be conclusively validated using deterministic rules.,yes,yes,Free-text or classifier-style license metadata may benefit from constrained semantic normalization.,yes,high,2026-07-27T10:58:06.437303+00:00,VAL-fd602a99ea3ebb34,npm,llm_semantic_review,The license value requires semantic interpretation or normalization.,yes,yes_sample,license_format_interpretation,yes,license_out_of_scope,87,,,,,,,success,True,prompt-promise,https://registry.npmjs.org/prompt-promise,"{'type': 'MIT', 'url': 'https://github.com/tunnckoCore/prompt-promise/blob/master/license.md'}",git://github.com/tunnckoCore/prompt-promise,Charlike Make Reagent,Charlike Make Reagent,author,npm.version.author,"[{""value"": ""Charlike Make Reagent <mameto_100@mail.bg>"", ""role"": ""author"", ""source_field"": ""npm.version.author""}, {""value"": ""Charlike Make Reagent <mameto_100@mail.bg>"", ""role"": ""author"", ""source_field"": ""npm.package.author""}, {""value"": ""tunnckocore <mameto_100@mail.bg>"", ""role"": ""maintainer"", ""source_field"": ""npm.version.maintainers""}, {""value"": ""tunnckocore <mameto2011@gmail.com>"", ""role"": ""maintainer"", ""source_field"": ""npm.package.maintainers""}, {""value"": ""tunnckocore <mameto_100@mail.bg>"", ""role"": ""publisher_account"", ""source_field"": ""npm.version._npmUser""}]",https://registry.npmjs.org/prompt-promise/-/prompt-promise-1.0.3.tgz,integrity;sha1,sha512-xIbGSzK59hFiwn9kmD0Cki4igpUqTVx7c6D8lqZoENAZyTwxhMhh/QleHWoRFVVusi7CTj/ByHP3N+2EmkhKIA==;78ce4fcb9a14a108c49174f2d808c440d1bde265,high,,2026-07-27T15:05:45.837087+00:00,matched,partially_correct,strong_inference,medium,accept_with_caution,"The proposed license matches the registry value, but the value is not recognized by this script as a canonical SPDX identifier.",yes,SEM-LIC-02,2026-08-01T16:58:31.468742+00:00
pkg:npm/lru-cache@11.5.1,NPM-03,npm,cdxgen,sboms_raw/cdxgen/NPM-03_angular_cyclonedx.json,1610,lru-cache,11.5.1,pkg:npm/lru-cache@11.5.1,license,,BlueOak-1.0.0,npm_registry,https://registry.npmjs.org/lru-cache,registry_license_lookup,high,2026-07-27T10:17:56.684032+00:00,,,out_of_scope,medium,evidence_confidence_high;evidence_retrieval_successful;exact_version_confirmed;new_value_present;old_value_was_missing;unverified_license_name,,"The value resembles a license name, but static checks cannot confirm its SPDX equivalence.",yes,yes,Free-text or classifier-style license metadata may benefit from constrained semantic normalization.,yes,medium,2026-07-27T10:58:06.437303+00:00,VAL-d943e1828032d6e3,npm,llm_semantic_review,The license value requires semantic interpretation or normalization.,yes,yes_sample,license_name_normalization,yes,license_out_of_scope,88,,,,,,,success,True,lru-cache,https://registry.npmjs.org/lru-cache,BlueOak-1.0.0,ssh://git@github.com/isaacs/node-lru-cache,Isaac Z. Schlueter,Isaac Z. Schlueter,author,npm.version.author,"[{""value"": ""Isaac Z. Schlueter <i@izs.me>"", ""role"": ""author"", ""source_field"": ""npm.version.author""}, {""value"": ""Isaac Z. Schlueter <i@izs.me>"", ""role"": ""author"", ""source_field"": ""npm.package.author""}, {""value"": ""isaacs <i@izs.me>"", ""role"": ""maintainer"", ""source_field"": ""npm.version.maintainers""}, {""value"": ""isaacs <i@izs.me>"", ""role"": ""maintainer"", ""source_field"": ""npm.package.maintainers""}, {""value"": ""isaacs <i@izs.me>"", ""role"": ""publisher_account"", ""source_field"": ""npm.version._npmUser""}]",https://registry.npmjs.org/lru-cache/-/lru-cache-11.5.1.tgz,integrity;sha1,sha512-RPimw/7aMdv2oqRrxKwvZXcPfwBrn/JZ2xYcY9Hus/6LaS3VOAKVWKWgNLCFSiOm1ESXinjsDlidVU7JlnCN2A==;f3daa3540847b9737ebc02499ddb36765e54db4a,high,,2026-07-27T15:31:37.709364+00:00,matched,partially_correct,strong_inference,medium,accept_with_caution,"The proposed license matches the registry value, but the value is not recognized by this script as a canonical SPDX identifier.",yes,SEM-LIC-02,2026-08-01T16:58:31.468745+00:00
pkg:maven/com.google.code.findbugs/jsr305@1.3.9,MAV-03,maven,syft,sboms_raw/syft/MAV-03_flink_cyclonedx.json,412,jsr305,1.3.9,pkg:maven/com.google.code.findbugs/jsr305@1.3.9,license,,"The Apache Software License, Version 2.0",maven_central,https://search.maven.org/solrsearch/select?q=g%3A%22com.google.code.findbugs%22%20AND%20a%3A%22jsr305%22%20AND%20v%3A%221.3.9%22&rows=20&wt=json,registry_license_lookup,high,2026-07-27T10:17:56.684032+00:00,,,out_of_scope,medium,evidence_confidence_high;evidence_retrieval_successful;exact_version_confirmed;new_value_present;old_value_was_missing;unverified_license_name,,"The value resembles a license name, but static checks cannot confirm its SPDX equivalence.",yes,yes,Free-text or classifier-style license metadata may benefit from constrained semantic normalization.,yes,medium,2026-07-27T10:58:06.437303+00:00,VAL-266027e4efbddd03,maven,llm_semantic_review,The license value requires semantic interpretation or normalization.,yes,yes_sample,license_name_normalization,yes,license_out_of_scope,89,,,,,,,success,True,com.google.code.findbugs:jsr305,https://search.maven.org/solrsearch/select?q=g%3A%22com.google.code.findbugs%22%20AND%20a%3A%22jsr305%22%20AND%20v%3A%221.3.9%22&rows=20&wt=json,"The Apache Software License, Version 2.0",http://findbugs.googlecode.com/svn/trunk/,,,,,[],https://repo1.maven.org/maven2/com/google/code/findbugs/jsr305/1.3.9/jsr305-1.3.9.jar,sha1,40719ea6961c0cb6afaeb6a921eaa1f6afd4cfdf,high,,2026-07-27T17:07:08.472390+00:00,matched,partially_correct,strong_inference,medium,accept_with_caution,"The proposed license matches the registry value, but the value is not recognized by this script as a canonical SPDX identifier.",yes,SEM-LIC-02,2026-08-01T16:58:31.468748+00:00
pkg:pypi/sphinxcontrib-qthelp@1.0.3,MAV-03,maven,syft,sboms_raw/syft/MAV-03_flink_cyclonedx.json,515,sphinxcontrib-qthelp,1.0.3,pkg:pypi/sphinxcontrib-qthelp@1.0.3,license,,License :: OSI Approved :: BSD License,pypi_registry,https://pypi.org/pypi/sphinxcontrib-qthelp/json,registry_license_lookup,high,2026-07-27T10:17:56.684032+00:00,,,out_of_scope,medium,evidence_confidence_high;evidence_retrieval_successful;exact_version_confirmed;new_value_present;old_value_was_missing;registry_classifier_text,,The value is registry classifier text and requires semantic normalization to SPDX.,yes,yes,Free-text or classifier-style license metadata may benefit from constrained semantic normalization.,yes,medium,2026-07-27T10:58:06.437303+00:00,VAL-ebd7761958d9b3df,maven,llm_semantic_review,The license value requires semantic interpretation or normalization.,yes,yes_sample,license_classifier_normalization,yes,license_out_of_scope,90,,,,,,,success,True,sphinxcontrib-qthelp,https://pypi.org/pypi/sphinxcontrib-qthelp/json,License :: OSI Approved :: BSD License,https://github.com/sphinx-doc/sphinxcontrib-qthelp/,Georg Brandl,Georg Brandl,author_email,pypi.info.author_email,"[{""value"": ""Georg Brandl <georg@python.org>"", ""role"": ""author_email"", ""source_field"": ""pypi.info.author_email""}]",https://files.pythonhosted.org/packages/2b/14/05f9206cf4e9cfca1afb5fd224c7cd434dcc3a433d6d9e4e0264d29c6cdb/sphinxcontrib_qthelp-1.0.3-py2.py3-none-any.whl,blake2b_256;md5;sha256,2b1405f9206cf4e9cfca1afb5fd224c7cd434dcc3a433d6d9e4e0264d29c6cdb;c6d3633bba02c6746ac4ebbb656ee51b;bd9fc24bcb748a8d51fd4ecaade681350aa63009a347a8c14e637895444dfab6,high,,2026-07-27T17:18:51.426668+00:00,matched,partially_correct,strong_inference,medium,accept_with_caution,"The proposed license matches the registry value, but the value is not recognized by this script as a canonical SPDX identifier.",yes,SEM-LIC-02,2026-08-01T16:58:31.468750+00:00
pkg:npm/isexe@4.0.0,NPM-03,npm,cdxgen,sboms_raw/cdxgen/NPM-03_angular_cyclonedx.json,1467,isexe,4.0.0,pkg:npm/isexe@4.0.0,license,,BlueOak-1.0.0,npm_registry,https://registry.npmjs.org/isexe,registry_license_lookup,high,2026-07-27T10:17:56.684032+00:00,,,out_of_scope,medium,evidence_confidence_high;evidence_retrieval_successful;exact_version_confirmed;new_value_present;old_value_was_missing;unverified_license_name,,"The value resembles a license name, but static checks cannot confirm its SPDX equivalence.",yes,yes,Free-text or classifier-style license metadata may benefit from constrained semantic normalization.,yes,medium,2026-07-27T10:58:06.437303+00:00,VAL-408aff8672d89bf1,npm,llm_semantic_review,The license value requires semantic interpretation or normalization.,yes,yes_sample,license_name_normalization,yes,license_out_of_scope,91,,,,,,,success,True,isexe,https://registry.npmjs.org/isexe,BlueOak-1.0.0,https://github.com/isaacs/isexe,Isaac Z. Schlueter,Isaac Z. Schlueter,author,npm.version.author,"[{""value"": ""Isaac Z. Schlueter <i@izs.me>"", ""role"": ""author"", ""source_field"": ""npm.version.author""}, {""value"": ""Isaac Z. Schlueter <i@izs.me>"", ""role"": ""author"", ""source_field"": ""npm.package.author""}, {""value"": ""isaacs <i@izs.me>"", ""role"": ""maintainer"", ""source_field"": ""npm.version.maintainers""}, {""value"": ""isaacs <i@izs.me>"", ""role"": ""maintainer"", ""source_field"": ""npm.package.maintainers""}, {""value"": ""isaacs <i@izs.me>"", ""role"": ""publisher_account"", ""source_field"": ""npm.version._npmUser""}]",https://registry.npmjs.org/isexe/-/isexe-4.0.0.tgz,integrity;sha1,sha512-FFUtZMpoZ8RqHS3XeXEmHWLA4thH+ZxCv2lOiPIn1Xc7CxrqhWzNSDzD+/chS/zbYezmiwWLdQC09JdQKmthOw==;48f6576af8e87a18feb796b7ed5e2e5903b43dca,high,,2026-07-27T15:30:45.718556+00:00,matched,partially_correct,strong_inference,medium,accept_with_caution,"The proposed license matches the registry value, but the value is not recognized by this script as a canonical SPDX identifier.",yes,SEM-LIC-02,2026-08-01T16:58:31.468754+00:00
pkg:npm/lru-cache@2.5.0,NPM-03,npm,cdxgen,sboms_raw/cdxgen/NPM-03_angular_cyclonedx.json,1611,lru-cache,2.5.0,pkg:npm/lru-cache@2.5.0,license,,"{'url': 'http://github.com/isaacs/node-lru-cache/raw/master/LICENSE', 'type': 'MIT'}",npm_registry,https://registry.npmjs.org/lru-cache,registry_license_lookup,high,2026-07-27T10:17:56.684032+00:00,,,out_of_scope,low,evidence_confidence_high;evidence_retrieval_successful;exact_version_confirmed;new_value_present;old_value_was_missing;unrecognized_license_format,,The proposed license format cannot be conclusively validated using deterministic rules.,yes,yes,Free-text or classifier-style license metadata may benefit from constrained semantic normalization.,yes,high,2026-07-27T10:58:06.437303+00:00,VAL-a84f9049e921ffdb,npm,llm_semantic_review,The license value requires semantic interpretation or normalization.,yes,yes_sample,license_format_interpretation,yes,license_out_of_scope,92,,,,,,,success,True,lru-cache,https://registry.npmjs.org/lru-cache,"{'url': 'http://github.com/isaacs/node-lru-cache/raw/master/LICENSE', 'type': 'MIT'}",git://github.com/isaacs/node-lru-cache,Isaac Z. Schlueter,Isaac Z. Schlueter,author,npm.version.author,"[{""value"": ""Isaac Z. Schlueter <i@izs.me>"", ""role"": ""author"", ""source_field"": ""npm.version.author""}, {""value"": ""Isaac Z. Schlueter <i@izs.me>"", ""role"": ""author"", ""source_field"": ""npm.package.author""}, {""value"": ""isaacs <i@izs.me>"", ""role"": ""maintainer"", ""source_field"": ""npm.version.maintainers""}, {""value"": ""isaacs <i@izs.me>"", ""role"": ""maintainer"", ""source_field"": ""npm.package.maintainers""}, {""value"": ""isaacs <i@izs.me>"", ""role"": ""publisher_account"", ""source_field"": ""npm.version._npmUser""}]",https://registry.npmjs.org/lru-cache/-/lru-cache-2.5.0.tgz,integrity;sha1,sha512-dVmQmXPBlTgFw77hm60ud//l2bCuDKkqC2on1EBoM7s9Urm9IQDrnujwZ93NFnAq0dVZ0HBXTS7PwEG+YE7+EQ==;d82388ae9c960becbea0c73bb9eb79b6c6ce9aeb,high,,2026-07-27T15:31:38.050517+00:00,matched,partially_correct,strong_inference,medium,accept_with_caution,"The proposed license matches the registry value, but the value is not recognized by this script as a canonical SPDX identifier.",yes,SEM-LIC-02,2026-08-01T16:58:31.468757+00:00
pkg:npm/jetpack-id@1.0.0,NPM-01,npm,cdxgen,sboms_raw/cdxgen/NPM-01_react_cyclonedx.json,2025,jetpack-id,1.0.0,pkg:npm/jetpack-id@1.0.0,license,,MPL 2.0,npm_registry,https://registry.npmjs.org/jetpack-id,registry_license_lookup,high,2026-07-27T10:17:56.684032+00:00,,,out_of_scope,medium,evidence_confidence_high;evidence_retrieval_successful;exact_version_confirmed;new_value_present;old_value_was_missing;unverified_license_name,,"The value resembles a license name, but static checks cannot confirm its SPDX equivalence.",yes,yes,Free-text or classifier-style license metadata may benefit from constrained semantic normalization.,yes,medium,2026-07-27T10:58:06.437303+00:00,VAL-990ef8ef4d4222d7,npm,llm_semantic_review,The license value requires semantic interpretation or normalization.,yes,yes_sample,license_name_normalization,yes,license_out_of_scope,93,,,,,,,success,True,jetpack-id,https://registry.npmjs.org/jetpack-id,MPL 2.0,http://github.com/jsantell/jetpack-id,Jordan Santell,Jordan Santell,author,npm.version.author,"[{""value"": ""Jordan Santell"", ""role"": ""author"", ""source_field"": ""npm.version.author""}, {""value"": ""Jordan Santell"", ""role"": ""author"", ""source_field"": ""npm.package.author""}, {""value"": ""jsantell <jsantell@gmail.com>"", ""role"": ""maintainer"", ""source_field"": ""npm.version.maintainers""}, {""value"": ""addons-robot <addons-dev-automation+npm@mozilla.com>"", ""role"": ""maintainer"", ""source_field"": ""npm.package.maintainers""}, {""value"": ""jsantell <jsantell@gmail.com>"", ""role"": ""publisher_account"", ""source_field"": ""npm.version._npmUser""}]",https://registry.npmjs.org/jetpack-id/-/jetpack-id-1.0.0.tgz,integrity;sha1,sha512-uqasW8dq68KMl8cGkJpakBG/VgsfROblW7B3w9cTN0MQiZ5s+jmi8WgO4/lkrTPbakpU2LA+bZvyVBxadk+MHg==;2cf9fbae46d8074fc16b7de0071c8efebca473a6,high,,2026-07-27T15:02:54.612246+00:00,matched,partially_correct,strong_inference,medium,accept_with_caution,"The proposed license matches the registry value, but the value is not recognized by this script as a canonical SPDX identifier.",yes,SEM-LIC-02,2026-08-01T16:58:31.468760+00:00
pkg:maven/io.opentelemetry/opentelemetry-exporter-logging@1.30.1,MAV-03,maven,syft,sboms_raw/syft/MAV-03_flink_cyclonedx.json,458,opentelemetry-exporter-logging,1.30.1,pkg:maven/io.opentelemetry/opentelemetry-exporter-logging@1.30.1,license,,"The Apache License, Version 2.0",maven_central,https://search.maven.org/solrsearch/select?q=g%3A%22io.opentelemetry%22%20AND%20a%3A%22opentelemetry-exporter-logging%22%20AND%20v%3A%221.30.1%22&rows=20&wt=json,registry_license_lookup,high,2026-07-27T10:17:56.684032+00:00,,,out_of_scope,medium,evidence_confidence_high;evidence_retrieval_successful;exact_version_confirmed;new_value_present;old_value_was_missing;unverified_license_name,,"The value resembles a license name, but static checks cannot confirm its SPDX equivalence.",yes,yes,Free-text or classifier-style license metadata may benefit from constrained semantic normalization.,yes,medium,2026-07-27T10:58:06.437303+00:00,VAL-d2be32004e0d073a,maven,llm_semantic_review,The license value requires semantic interpretation or normalization.,yes,yes_sample,license_name_normalization,yes,license_out_of_scope,94,,,,,,,success,True,io.opentelemetry:opentelemetry-exporter-logging,https://search.maven.org/solrsearch/select?q=g%3A%22io.opentelemetry%22%20AND%20a%3A%22opentelemetry-exporter-logging%22%20AND%20v%3A%221.30.1%22&rows=20&wt=json,"The Apache License, Version 2.0",git@github.com:open-telemetry/opentelemetry-java,OpenTelemetry,OpenTelemetry,developer,maven.pom.developers.developer.name,"[{""value"": ""OpenTelemetry"", ""role"": ""developer"", ""source_field"": ""maven.pom.developers.developer.name""}]",https://repo1.maven.org/maven2/io/opentelemetry/opentelemetry-exporter-logging/1.30.1/opentelemetry-exporter-logging-1.30.1.jar,sha1,58f1a09e89955e6145babf8bcdf80c95174eb817,high,,2026-07-27T17:13:45.131046+00:00,matched,partially_correct,strong_inference,medium,accept_with_caution,"The proposed license matches the registry value, but the value is not recognized by this script as a canonical SPDX identifier.",yes,SEM-LIC-02,2026-08-01T16:58:31.468763+00:00
pkg:maven/com.ibm.icu/icu4j@67.1,MAV-03,maven,syft,sboms_raw/syft/MAV-03_flink_cyclonedx.json,387,icu4j,67.1,pkg:maven/com.ibm.icu/icu4j@67.1,license,,Unicode/ICU License,maven_central,https://search.maven.org/solrsearch/select?q=g%3A%22com.ibm.icu%22%20AND%20a%3A%22icu4j%22%20AND%20v%3A%2267.1%22&rows=20&wt=json,registry_license_lookup,high,2026-07-27T10:17:56.684032+00:00,,,out_of_scope,medium,evidence_confidence_high;evidence_retrieval_successful;exact_version_confirmed;new_value_present;old_value_was_missing;unverified_license_name,,"The value resembles a license name, but static checks cannot confirm its SPDX equivalence.",yes,yes,Free-text or classifier-style license metadata may benefit from constrained semantic normalization.,yes,medium,2026-07-27T10:58:06.437303+00:00,VAL-52e8490a036a3a42,maven,llm_semantic_review,The license value requires semantic interpretation or normalization.,yes,yes_sample,license_name_normalization,yes,license_out_of_scope,96,,,,,,,success,True,com.ibm.icu:icu4j,https://search.maven.org/solrsearch/select?q=g%3A%22com.ibm.icu%22%20AND%20a%3A%22icu4j%22%20AND%20v%3A%2267.1%22&rows=20&wt=json,Unicode/ICU License,https://github.com/unicode-org/icu,Google,Google,developer_organization,maven.pom.developers.developer.organization,"[{""value"": ""Mark Davis"", ""role"": ""developer"", ""source_field"": ""maven.pom.developers.developer.name""}, {""value"": ""Google"", ""role"": ""developer_organization"", ""source_field"": ""maven.pom.developers.developer.organization""}, {""value"": ""John Emmons"", ""role"": ""developer"", ""source_field"": ""maven.pom.developers.developer.name""}, {""value"": ""IBM Corporation"", ""role"": ""developer_organization"", ""source_field"": ""maven.pom.developers.developer.organization""}, {""value"": ""Doug Felt"", ""role"": ""developer"", ""source_field"": ""maven.pom.developers.developer.name""}, {""value"": ""Deborah Goldsmith"", ""role"": ""developer"", ""source_field"": ""maven.pom.developers.developer.name""}, {""value"": ""Apple"", ""role"": ""developer_organization"", ""source_field"": ""maven.pom.developers.developer.organization""}, {""value"": ""Steven Loomis"", ""role"": ""developer"", ""source_field"": ""maven.pom.developers.developer.name""}, {""value"": ""Markus Scherer"", ""role"": ""developer"", ""source_field"": ""maven.pom.developers.developer.name""}, {""value"": ""Peter Edberg"", ""role"": ""developer"", ""source_field"": ""maven.pom.developers.developer.name""}, {""value"": ""Yoshito Umaoka"", ""role"": ""developer"", ""source_field"": ""maven.pom.developers.developer.name""}]",https://repo1.maven.org/maven2/com/ibm/icu/icu4j/67.1/icu4j-67.1.jar,sha1,2e159807158095566726600534034030dddab6d0,high,,2026-07-27T17:04:08.165256+00:00,matched,partially_correct,strong_inference,medium,accept_with_caution,"The proposed license matches the registry value, but the value is not recognized by this script as a canonical SPDX identifier.",yes,SEM-LIC-02,2026-08-01T16:58:31.468769+00:00
pkg:npm/path-scurry@2.0.0,NPM-01,npm,cdxgen,sboms_raw/cdxgen/NPM-01_react_cyclonedx.json,7355,path-scurry,2.0.0,pkg:npm/path-scurry@2.0.0,license,,BlueOak-1.0.0,npm_registry,https://registry.npmjs.org/path-scurry,registry_license_lookup,high,2026-07-27T10:17:56.684032+00:00,,,out_of_scope,medium,evidence_confidence_high;evidence_retrieval_successful;exact_version_confirmed;new_value_present;old_value_was_missing;unverified_license_name,,"The value resembles a license name, but static checks cannot confirm its SPDX equivalence.",yes,yes,Free-text or classifier-style license metadata may benefit from constrained semantic normalization.,yes,medium,2026-07-27T10:58:06.437303+00:00,VAL-c86f2d7008844b07,npm,llm_semantic_review,The license value requires semantic interpretation or normalization.,yes,yes_sample,license_name_normalization,yes,license_out_of_scope,97,,,,,,,success,True,path-scurry,https://registry.npmjs.org/path-scurry,BlueOak-1.0.0,https://github.com/isaacs/path-scurry,Isaac Z. Schlueter,Isaac Z. Schlueter,author,npm.version.author,"[{""value"": ""Isaac Z. Schlueter <i@izs.me>"", ""role"": ""author"", ""source_field"": ""npm.version.author""}, {""value"": ""Isaac Z. Schlueter <i@izs.me>"", ""role"": ""author"", ""source_field"": ""npm.package.author""}, {""value"": ""isaacs <i@izs.me>"", ""role"": ""maintainer"", ""source_field"": ""npm.version.maintainers""}, {""value"": ""isaacs <i@izs.me>"", ""role"": ""maintainer"", ""source_field"": ""npm.package.maintainers""}, {""value"": ""isaacs <i@izs.me>"", ""role"": ""publisher_account"", ""source_field"": ""npm.version._npmUser""}]",https://registry.npmjs.org/path-scurry/-/path-scurry-2.0.0.tgz,integrity;sha1,sha512-ypGJsmGtdXUOeM5u93TyeIEfEhM6s+ljAhrk5vAvSx8uyY/02OvrZnA0YNGUrPXfpJMgI1ODd3nwz8Npx4O4cg==;9f052289f23ad8bf9397a2a0425e7b8615c58580,high,,2026-07-27T15:10:14.761137+00:00,matched,partially_correct,strong_inference,medium,accept_with_caution,"The proposed license matches the registry value, but the value is not recognized by this script as a canonical SPDX identifier.",yes,SEM-LIC-02,2026-08-01T16:58:31.468771+00:00
pkg:maven/com.github.therapi/therapi-runtime-javadoc@0.15.0,MAV-02,maven,syft,sboms_raw/syft/MAV-02_dubbo_cyclonedx.json,368,therapi-runtime-javadoc,0.15.0,pkg:maven/com.github.therapi/therapi-runtime-javadoc@0.15.0,license,,"The Apache License, Version 2.0",maven_central,https://search.maven.org/solrsearch/select?q=g%3A%22com.github.therapi%22%20AND%20a%3A%22therapi-runtime-javadoc%22%20AND%20v%3A%220.15.0%22&rows=20&wt=json,registry_license_lookup,high,2026-07-27T10:17:56.684032+00:00,,,out_of_scope,medium,evidence_confidence_high;evidence_retrieval_successful;exact_version_confirmed;new_value_present;old_value_was_missing;unverified_license_name,,"The value resembles a license name, but static checks cannot confirm its SPDX equivalence.",yes,yes,Free-text or classifier-style license metadata may benefit from constrained semantic normalization.,yes,medium,2026-07-27T10:58:06.437303+00:00,VAL-e948c850544135c1,maven,llm_semantic_review,The license value requires semantic interpretation or normalization.,yes,yes_sample,license_name_normalization,yes,license_out_of_scope,98,,,,,,,success,True,com.github.therapi:therapi-runtime-javadoc,https://search.maven.org/solrsearch/select?q=g%3A%22com.github.therapi%22%20AND%20a%3A%22therapi-runtime-javadoc%22%20AND%20v%3A%220.15.0%22&rows=20&wt=json,"The Apache License, Version 2.0",git@github.com:dnault/therapi-runtime-javadoc,dnault,dnault,developer_organization,maven.pom.developers.developer.organization,"[{""value"": ""David Nault"", ""role"": ""developer"", ""source_field"": ""maven.pom.developers.developer.name""}, {""value"": ""dnault"", ""role"": ""developer_organization"", ""source_field"": ""maven.pom.developers.developer.organization""}]",https://repo1.maven.org/maven2/com/github/therapi/therapi-runtime-javadoc/0.15.0/therapi-runtime-javadoc-0.15.0.jar,sha1,2ae6d4c59e1c6280cccf64955a83739dc154270b,high,,2026-07-27T16:13:18.399532+00:00,matched,partially_correct,strong_inference,medium,accept_with_caution,"The proposed license matches the registry value, but the value is not recognized by this script as a canonical SPDX identifier.",yes,SEM-LIC-02,2026-08-01T16:58:31.468774+00:00
pkg:npm/isexe@4.0.0,NPM-05,npm,cdxgen,sboms_raw/cdxgen/NPM-05_core_cyclonedx.json,394,isexe,4.0.0,pkg:npm/isexe@4.0.0,license,,BlueOak-1.0.0,npm_registry,https://registry.npmjs.org/isexe,registry_license_lookup,high,2026-07-27T10:17:56.684032+00:00,,,out_of_scope,medium,evidence_confidence_high;evidence_retrieval_successful;exact_version_confirmed;new_value_present;old_value_was_missing;unverified_license_name,,"The value resembles a license name, but static checks cannot confirm its SPDX equivalence.",yes,yes,Free-text or classifier-style license metadata may benefit from constrained semantic normalization.,yes,medium,2026-07-27T10:58:06.437303+00:00,VAL-0e40e38e9149fafa,npm,llm_semantic_review,The license value requires semantic interpretation or normalization.,yes,yes_sample,license_name_normalization,yes,license_out_of_scope,99,,,,,,,success,True,isexe,https://registry.npmjs.org/isexe,BlueOak-1.0.0,https://github.com/isaacs/isexe,Isaac Z. Schlueter,Isaac Z. Schlueter,author,npm.version.author,"[{""value"": ""Isaac Z. Schlueter <i@izs.me>"", ""role"": ""author"", ""source_field"": ""npm.version.author""}, {""value"": ""Isaac Z. Schlueter <i@izs.me>"", ""role"": ""author"", ""source_field"": ""npm.package.author""}, {""value"": ""isaacs <i@izs.me>"", ""role"": ""maintainer"", ""source_field"": ""npm.version.maintainers""}, {""value"": ""isaacs <i@izs.me>"", ""role"": ""maintainer"", ""source_field"": ""npm.package.maintainers""}, {""value"": ""isaacs <i@izs.me>"", ""role"": ""publisher_account"", ""source_field"": ""npm.version._npmUser""}]",https://registry.npmjs.org/isexe/-/isexe-4.0.0.tgz,integrity;sha1,sha512-FFUtZMpoZ8RqHS3XeXEmHWLA4thH+ZxCv2lOiPIn1Xc7CxrqhWzNSDzD+/chS/zbYezmiwWLdQC09JdQKmthOw==;48f6576af8e87a18feb796b7ed5e2e5903b43dca,high,,2026-07-27T15:30:45.718556+00:00,matched,partially_correct,strong_inference,medium,accept_with_caution,"The proposed license matches the registry value, but the value is not recognized by this script as a canonical SPDX identifier.",yes,SEM-LIC-02,2026-08-01T16:58:31.468777+00:00
pkg:maven/org.apache.flink/flink-shaded-guava@30.1.1-jre-16.1,MAV-03,maven,syft,sboms_raw/syft/MAV-03_flink_cyclonedx.json,276,flink-shaded-guava,30.1.1-jre-16.1,pkg:maven/org.apache.flink/flink-shaded-guava@30.1.1-jre-16.1,license,,"The Apache Software License, Version 2.0",maven_central,https://search.maven.org/solrsearch/select?q=g%3A%22org.apache.flink%22%20AND%20a%3A%22flink-shaded-guava%22%20AND%20v%3A%2230.1.1-jre-16.1%22&rows=20&wt=json,registry_license_lookup,high,2026-07-27T10:17:56.684032+00:00,,,out_of_scope,medium,evidence_confidence_high;evidence_retrieval_successful;exact_version_confirmed;new_value_present;old_value_was_missing;unverified_license_name,,"The value resembles a license name, but static checks cannot confirm its SPDX equivalence.",yes,yes,Free-text or classifier-style license metadata may benefit from constrained semantic normalization.,yes,medium,2026-07-27T10:58:06.437303+00:00,VAL-7ffa16c1d918c401,maven,llm_semantic_review,The license value requires semantic interpretation or normalization.,yes,yes_sample,license_name_normalization,yes,license_out_of_scope,100,,,,,,,success,True,org.apache.flink:flink-shaded-guava,https://search.maven.org/solrsearch/select?q=g%3A%22org.apache.flink%22%20AND%20a%3A%22flink-shaded-guava%22%20AND%20v%3A%2230.1.1-jre-16.1%22&rows=20&wt=json,"The Apache Software License, Version 2.0",,,,,,[],https://repo1.maven.org/maven2/org/apache/flink/flink-shaded-guava/30.1.1-jre-16.1/flink-shaded-guava-30.1.1-jre-16.1.jar,sha1,ad8725e964b6c2c0df16877f4132ad348c4ff09c,high,,2026-07-27T16:43:06.616919+00:00,matched,partially_correct,strong_inference,medium,accept_with_caution,"The proposed license matches the registry value, but the value is not recognized by this script as a canonical SPDX identifier.",yes,SEM-LIC-02,2026-08-01T16:58:31.468780+00:00
pkg:maven/org.jsoup/jsoup@1.15.3,MAV-03,maven,syft,sboms_raw/syft/MAV-03_flink_cyclonedx.json,411,jsoup,1.15.3,pkg:maven/org.jsoup/jsoup@1.15.3,license,,The MIT License,maven_central,https://search.maven.org/solrsearch/select?q=g%3A%22org.jsoup%22%20AND%20a%3A%22jsoup%22%20AND%20v%3A%221.15.3%22&rows=20&wt=json,registry_license_lookup,high,2026-07-27T10:17:56.684032+00:00,,,out_of_scope,medium,evidence_confidence_high;evidence_retrieval_successful;exact_version_confirmed;new_value_present;old_value_was_missing;unverified_license_name,,"The value resembles a license name, but static checks cannot confirm its SPDX equivalence.",yes,yes,Free-text or classifier-style license metadata may benefit from constrained semantic normalization.,yes,medium,2026-07-27T10:58:06.437303+00:00,VAL-72134cca1cf5d63a,maven,llm_semantic_review,The license value requires semantic interpretation or normalization.,yes,yes_sample,license_name_normalization,yes,license_out_of_scope,101,,,,,,,success,True,org.jsoup:jsoup,https://search.maven.org/solrsearch/select?q=g%3A%22org.jsoup%22%20AND%20a%3A%22jsoup%22%20AND%20v%3A%221.15.3%22&rows=20&wt=json,The MIT License,https://github.com/jhy/jsoup,Jonathan Hedley,Jonathan Hedley,organization,maven.pom.organization.name,"[{""value"": ""Jonathan Hedley"", ""role"": ""organization"", ""source_field"": ""maven.pom.organization.name""}, {""value"": ""Jonathan Hedley"", ""role"": ""developer"", ""source_field"": ""maven.pom.developers.developer.name""}]",https://repo1.maven.org/maven2/org/jsoup/jsoup/1.15.3/jsoup-1.15.3.jar,sha1,f6e1d8a8819f854b681c8eaa57fd59a42329e10c,high,,2026-07-27T17:07:07.920557+00:00,matched,partially_correct,strong_inference,medium,accept_with_caution,"The proposed license matches the registry value, but the value is not recognized by this script as a canonical SPDX identifier.",yes,SEM-LIC-02,2026-08-01T16:58:31.468782+00:00
pkg:maven/com.github.luben/zstd-jni@1.4.9-1,MAV-03,maven,syft,sboms_raw/syft/MAV-03_flink_cyclonedx.json,531,zstd-jni,1.4.9-1,pkg:maven/com.github.luben/zstd-jni@1.4.9-1,license,,BSD 2-Clause License,maven_central,https://search.maven.org/solrsearch/select?q=g%3A%22com.github.luben%22%20AND%20a%3A%22zstd-jni%22%20AND%20v%3A%221.4.9-1%22&rows=20&wt=json,registry_license_lookup,high,2026-07-27T10:17:56.684032+00:00,,,out_of_scope,medium,evidence_confidence_high;evidence_retrieval_successful;exact_version_confirmed;new_value_present;old_value_was_missing;unverified_license_name,,"The value resembles a license name, but static checks cannot confirm its SPDX equivalence.",yes,yes,Free-text or classifier-style license metadata may benefit from constrained semantic normalization.,yes,medium,2026-07-27T10:58:06.437303+00:00,VAL-4317923ca965a5ce,maven,llm_semantic_review,The license value requires semantic interpretation or normalization.,yes,yes_sample,license_name_normalization,yes,license_out_of_scope,102,,,,,,,success,True,com.github.luben:zstd-jni,https://search.maven.org/solrsearch/select?q=g%3A%22com.github.luben%22%20AND%20a%3A%22zstd-jni%22%20AND%20v%3A%221.4.9-1%22&rows=20&wt=json,BSD 2-Clause License,git@github.com:luben/zstd-jni,com.github.luben,com.github.luben,organization,maven.pom.organization.name,"[{""value"": ""com.github.luben"", ""role"": ""organization"", ""source_field"": ""maven.pom.organization.name""}, {""value"": ""Luben Karavelov"", ""role"": ""developer"", ""source_field"": ""maven.pom.developers.developer.name""}, {""value"": ""com.github.luben"", ""role"": ""developer_organization"", ""source_field"": ""maven.pom.developers.developer.organization""}]",https://repo1.maven.org/maven2/com/github/luben/zstd-jni/1.4.9-1/zstd-jni-1.4.9-1.jar,sha1,7dc25611870925d32752c5b45d7d23ae01702f43,high,,2026-07-27T17:18:58.598062+00:00,matched,partially_correct,strong_inference,medium,accept_with_caution,"The proposed license matches the registry value, but the value is not recognized by this script as a canonical SPDX identifier.",yes,SEM-LIC-02,2026-08-01T16:58:31.468786+00:00
pkg:maven/io.opentelemetry/opentelemetry-exporter-otlp@1.30.1,MAV-03,maven,syft,sboms_raw/syft/MAV-03_flink_cyclonedx.json,459,opentelemetry-exporter-otlp,1.30.1,pkg:maven/io.opentelemetry/opentelemetry-exporter-otlp@1.30.1,license,,"The Apache License, Version 2.0",maven_central,https://search.maven.org/solrsearch/select?q=g%3A%22io.opentelemetry%22%20AND%20a%3A%22opentelemetry-exporter-otlp%22%20AND%20v%3A%221.30.1%22&rows=20&wt=json,registry_license_lookup,high,2026-07-27T10:17:56.684032+00:00,,,out_of_scope,medium,evidence_confidence_high;evidence_retrieval_successful;exact_version_confirmed;new_value_present;old_value_was_missing;unverified_license_name,,"The value resembles a license name, but static checks cannot confirm its SPDX equivalence.",yes,yes,Free-text or classifier-style license metadata may benefit from constrained semantic normalization.,yes,medium,2026-07-27T10:58:06.437303+00:00,VAL-43575279c35868bd,maven,llm_semantic_review,The license value requires semantic interpretation or normalization.,yes,yes_sample,license_name_normalization,yes,license_out_of_scope,103,,,,,,,success,True,io.opentelemetry:opentelemetry-exporter-otlp,https://search.maven.org/solrsearch/select?q=g%3A%22io.opentelemetry%22%20AND%20a%3A%22opentelemetry-exporter-otlp%22%20AND%20v%3A%221.30.1%22&rows=20&wt=json,"The Apache License, Version 2.0",git@github.com:open-telemetry/opentelemetry-java,OpenTelemetry,OpenTelemetry,developer,maven.pom.developers.developer.name,"[{""value"": ""OpenTelemetry"", ""role"": ""developer"", ""source_field"": ""maven.pom.developers.developer.name""}]",https://repo1.maven.org/maven2/io/opentelemetry/opentelemetry-exporter-otlp/1.30.1/opentelemetry-exporter-otlp-1.30.1.jar,sha1,15692246539571c41180aff2b55abe527b939a7b,high,,2026-07-27T17:13:45.912003+00:00,matched,partially_correct,strong_inference,medium,accept_with_caution,"The proposed license matches the registry value, but the value is not recognized by this script as a canonical SPDX identifier.",yes,SEM-LIC-02,2026-08-01T16:58:31.468788+00:00
pkg:maven/javax.el/javax.el-api@2.2.5?type=jar,MAV-02,maven,cdxgen,sboms_raw/cdxgen/MAV-02_dubbo_cyclonedx.json,212,javax.el-api,2.2.5,pkg:maven/javax.el/javax.el-api@2.2.5?type=jar,license,,CDDL + GPLv2 with classpath exception,maven_central,https://search.maven.org/solrsearch/select?q=g%3A%22javax.el%22%20AND%20a%3A%22javax.el-api%22%20AND%20v%3A%222.2.5%22&rows=20&wt=json,registry_license_lookup,high,2026-07-27T10:17:56.684032+00:00,,,out_of_scope,medium,evidence_confidence_high;evidence_retrieval_successful;exact_version_confirmed;new_value_present;old_value_was_missing;unverified_license_name,,"The value resembles a license name, but static checks cannot confirm its SPDX equivalence.",yes,yes,Free-text or classifier-style license metadata may benefit from constrained semantic normalization.,yes,medium,2026-07-27T10:58:06.437303+00:00,VAL-05142e4ed461ebde,maven,llm_semantic_review,The license value requires semantic interpretation or normalization.,yes,yes_sample,license_name_normalization,yes,license_out_of_scope,104,,,,,,,success,True,javax.el:javax.el-api,https://search.maven.org/solrsearch/select?q=g%3A%22javax.el%22%20AND%20a%3A%22javax.el-api%22%20AND%20v%3A%222.2.5%22&rows=20&wt=json,CDDL + GPLv2 with classpath exception,http://java.net/projects/uel/sources/svn/show/tags/javax.el-api-2.2.5,GlassFish Community,GlassFish Community,organization,maven.pom.organization.name,"[{""value"": ""GlassFish Community"", ""role"": ""organization"", ""source_field"": ""maven.pom.organization.name""}, {""value"": ""Kin Man Chung"", ""role"": ""developer"", ""source_field"": ""maven.pom.developers.developer.name""}, {""value"": ""Oracle Corporation"", ""role"": ""developer_organization"", ""source_field"": ""maven.pom.developers.developer.organization""}]",https://repo1.maven.org/maven2/javax/el/javax.el-api/2.2.5/javax.el-api-2.2.5.jar,sha1,370140e991eefb212a6d6baedbce585f00ef76e0,high,,2026-07-27T16:14:59.215820+00:00,matched,partially_correct,strong_inference,medium,accept_with_caution,"The proposed license matches the registry value, but the value is not recognized by this script as a canonical SPDX identifier.",yes,SEM-LIC-02,2026-08-01T16:58:31.468792+00:00
pkg:npm/yallist@5.0.0,NPM-03,npm,cdxgen,sboms_raw/cdxgen/NPM-03_angular_cyclonedx.json,2311,yallist,5.0.0,pkg:npm/yallist@5.0.0,license,,BlueOak-1.0.0,npm_registry,https://registry.npmjs.org/yallist,registry_license_lookup,high,2026-07-27T10:17:56.684032+00:00,,,out_of_scope,medium,evidence_confidence_high;evidence_retrieval_successful;exact_version_confirmed;new_value_present;old_value_was_missing;unverified_license_name,,"The value resembles a license name, but static checks cannot confirm its SPDX equivalence.",yes,yes,Free-text or classifier-style license metadata may benefit from constrained semantic normalization.,yes,medium,2026-07-27T10:58:06.437303+00:00,VAL-1ea93cf04ce0a9d4,npm,llm_semantic_review,The license value requires semantic interpretation or normalization.,yes,yes_sample,license_name_normalization,yes,license_out_of_scope,105,,,,,,,success,True,yallist,https://registry.npmjs.org/yallist,BlueOak-1.0.0,https://github.com/isaacs/yallist,Isaac Z. Schlueter,Isaac Z. Schlueter,author,npm.version.author,"[{""value"": ""Isaac Z. Schlueter <i@izs.me>"", ""role"": ""author"", ""source_field"": ""npm.version.author""}, {""value"": ""Isaac Z. Schlueter <i@izs.me>"", ""role"": ""author"", ""source_field"": ""npm.package.author""}, {""value"": ""isaacs <i@izs.me>"", ""role"": ""maintainer"", ""source_field"": ""npm.version.maintainers""}, {""value"": ""isaacs <i@izs.me>"", ""role"": ""maintainer"", ""source_field"": ""npm.package.maintainers""}, {""value"": ""isaacs <i@izs.me>"", ""role"": ""publisher_account"", ""source_field"": ""npm.version._npmUser""}]",https://registry.npmjs.org/yallist/-/yallist-5.0.0.tgz,integrity;sha1,sha512-YgvUTfwqyc7UXVMrB+SImsVYSmTS8X/tSrtdNZMImM+n7+QTriRXyXim0mBrTXNeqzVF0KWGgHPeiyViFFrNDw==;00e2de443639ed0d78fd87de0d27469fbcffb533,high,,2026-07-27T15:35:54.920372+00:00,matched,partially_correct,strong_inference,medium,accept_with_caution,"The proposed license matches the registry value, but the value is not recognized by this script as a canonical SPDX identifier.",yes,SEM-LIC-02,2026-08-01T16:58:31.468795+00:00
pkg:maven/org.dom4j/dom4j@2.1.4,MAV-02,maven,syft,sboms_raw/syft/MAV-02_dubbo_cyclonedx.json,64,dom4j,2.1.4,pkg:maven/org.dom4j/dom4j@2.1.4,license,,Plexus,maven_central,https://search.maven.org/solrsearch/select?q=g%3A%22org.dom4j%22%20AND%20a%3A%22dom4j%22%20AND%20v%3A%222.1.4%22&rows=20&wt=json,registry_license_lookup,high,2026-07-27T10:17:56.684032+00:00,,,out_of_scope,medium,evidence_confidence_high;evidence_retrieval_successful;exact_version_confirmed;new_value_present;old_value_was_missing;unverified_license_name,,"The value resembles a license name, but static checks cannot confirm its SPDX equivalence.",yes,yes,Free-text or classifier-style license metadata may benefit from constrained semantic normalization.,yes,medium,2026-07-27T10:58:06.437303+00:00,VAL-8ea916f100e08152,maven,llm_semantic_review,The license value requires semantic interpretation or normalization.,yes,yes_sample,license_name_normalization,yes,license_out_of_scope,106,,,,,,,success,True,org.dom4j:dom4j,https://search.maven.org/solrsearch/select?q=g%3A%22org.dom4j%22%20AND%20a%3A%22dom4j%22%20AND%20v%3A%222.1.4%22&rows=20&wt=json,Plexus,git@github.com:dom4j/dom4j,Filip Jirsák,Filip Jirsák,developer,maven.pom.developers.developer.name,"[{""value"": ""Filip Jirsák"", ""role"": ""developer"", ""source_field"": ""maven.pom.developers.developer.name""}]",https://repo1.maven.org/maven2/org/dom4j/dom4j/2.1.4/dom4j-2.1.4.jar,sha1,35c16721b88cf17b8279fcb134c0abb161cc0e9b,high,,2026-07-27T15:47:09.972550+00:00,matched,partially_correct,strong_inference,medium,accept_with_caution,"The proposed license matches the registry value, but the value is not recognized by this script as a canonical SPDX identifier.",yes,SEM-LIC-02,2026-08-01T16:58:31.468797+00:00
pkg:npm/path-scurry@1.9.2,NPM-01,npm,cdxgen,sboms_raw/cdxgen/NPM-01_react_cyclonedx.json,2269,path-scurry,1.9.2,pkg:npm/path-scurry@1.9.2,license,,BlueOak-1.0.0,npm_registry,https://registry.npmjs.org/path-scurry,registry_license_lookup,high,2026-07-27T10:17:56.684032+00:00,,,out_of_scope,medium,evidence_confidence_high;evidence_retrieval_successful;exact_version_confirmed;new_value_present;old_value_was_missing;unverified_license_name,,"The value resembles a license name, but static checks cannot confirm its SPDX equivalence.",yes,yes,Free-text or classifier-style license metadata may benefit from constrained semantic normalization.,yes,medium,2026-07-27T10:58:06.437303+00:00,VAL-666de59124a7171a,npm,llm_semantic_review,The license value requires semantic interpretation or normalization.,yes,yes_sample,license_name_normalization,yes,license_out_of_scope,107,,,,,,,success,True,path-scurry,https://registry.npmjs.org/path-scurry,BlueOak-1.0.0,https://github.com/isaacs/path-walker,Isaac Z. Schlueter,Isaac Z. Schlueter,author,npm.version.author,"[{""value"": ""Isaac Z. Schlueter <i@izs.me>"", ""role"": ""author"", ""source_field"": ""npm.version.author""}, {""value"": ""Isaac Z. Schlueter <i@izs.me>"", ""role"": ""author"", ""source_field"": ""npm.package.author""}, {""value"": ""isaacs <i@izs.me>"", ""role"": ""maintainer"", ""source_field"": ""npm.version.maintainers""}, {""value"": ""isaacs <i@izs.me>"", ""role"": ""maintainer"", ""source_field"": ""npm.package.maintainers""}, {""value"": ""isaacs <i@izs.me>"", ""role"": ""publisher_account"", ""source_field"": ""npm.version._npmUser""}]",https://registry.npmjs.org/path-scurry/-/path-scurry-1.9.2.tgz,integrity;sha1,sha512-qSDLy2aGFPm8i4rsbHd4MNyTcrzHFsLQykrtbuGRknZZCBBVXSv2tSCDN2Cg6Rt/GFRw8GoW9y9Ecw5rIPG1sg==;90f9d296ac5e37e608028e28a447b11d385b3f63,high,,2026-07-27T15:03:46.297202+00:00,matched,partially_correct,strong_inference,medium,accept_with_caution,"The proposed license matches the registry value, but the value is not recognized by this script as a canonical SPDX identifier.",yes,SEM-LIC-02,2026-08-01T16:58:31.468801+00:00
pkg:npm/ansi-wrap@0.1.0,NPM-01,npm,cdxgen,sboms_raw/cdxgen/NPM-01_react_cyclonedx.json,1316,ansi-wrap,0.1.0,pkg:npm/ansi-wrap@0.1.0,license,,"{'type': 'MIT', 'url': 'https://github.com/jonschlinkert/ansi-wrap/blob/master/LICENSE'}",npm_registry,https://registry.npmjs.org/ansi-wrap,registry_license_lookup,high,2026-07-27T10:17:56.684032+00:00,,,out_of_scope,low,evidence_confidence_high;evidence_retrieval_successful;exact_version_confirmed;new_value_present;old_value_was_missing;unrecognized_license_format,,The proposed license format cannot be conclusively validated using deterministic rules.,yes,yes,Free-text or classifier-style license metadata may benefit from constrained semantic normalization.,yes,high,2026-07-27T10:58:06.437303+00:00,VAL-886d9c35643c733e,npm,llm_semantic_review,The license value requires semantic interpretation or normalization.,yes,yes_sample,license_format_interpretation,yes,license_out_of_scope,108,,,,,,,success,True,ansi-wrap,https://registry.npmjs.org/ansi-wrap,"{'type': 'MIT', 'url': 'https://github.com/jonschlinkert/ansi-wrap/blob/master/LICENSE'}",https://github.com/jonschlinkert/ansi-wrap,Jon Schlinkert,Jon Schlinkert,author,npm.version.author,"[{""value"": ""Jon Schlinkert"", ""role"": ""author"", ""source_field"": ""npm.version.author""}, {""value"": ""Jon Schlinkert"", ""role"": ""author"", ""source_field"": ""npm.package.author""}, {""value"": ""jonschlinkert <github@sellside.com>"", ""role"": ""maintainer"", ""source_field"": ""npm.version.maintainers""}, {""value"": ""jonschlinkert <github@sellside.com>"", ""role"": ""maintainer"", ""source_field"": ""npm.package.maintainers""}, {""value"": ""jonschlinkert <github@sellside.com>"", ""role"": ""publisher_account"", ""source_field"": ""npm.version._npmUser""}]",https://registry.npmjs.org/ansi-wrap/-/ansi-wrap-0.1.0.tgz,integrity;sha1,sha512-ZyznvL8k/FZeQHr2T6LzcJ/+vBApDnMNZvfVFy3At0knswWd6rJ3/0Hhmpu8oqa6C92npmozs890sX9Dl6q+Qw==;a82250ddb0015e9a27ca82e82ea603bbfa45efaf,high,,2026-07-27T15:00:11.074381+00:00,matched,partially_correct,strong_inference,medium,accept_with_caution,"The proposed license matches the registry value, but the value is not recognized by this script as a canonical SPDX identifier.",yes,SEM-LIC-02,2026-08-01T16:58:31.468804+00:00
pkg:maven/org.junit.jupiter/junit-jupiter-engine@5.11.4,MAV-03,maven,syft,sboms_raw/syft/MAV-03_flink_cyclonedx.json,418,junit-jupiter-engine,5.11.4,pkg:maven/org.junit.jupiter/junit-jupiter-engine@5.11.4,license,,Eclipse Public License v2.0,maven_central,https://search.maven.org/solrsearch/select?q=g%3A%22org.junit.jupiter%22%20AND%20a%3A%22junit-jupiter-engine%22%20AND%20v%3A%225.11.4%22&rows=20&wt=json,registry_license_lookup,high,2026-07-27T10:17:56.684032+00:00,,,out_of_scope,medium,evidence_confidence_high;evidence_retrieval_successful;exact_version_confirmed;new_value_present;old_value_was_missing;unverified_license_name,,"The value resembles a license name, but static checks cannot confirm its SPDX equivalence.",yes,yes,Free-text or classifier-style license metadata may benefit from constrained semantic normalization.,yes,medium,2026-07-27T10:58:06.437303+00:00,VAL-7834fe428e40fa50,maven,llm_semantic_review,The license value requires semantic interpretation or normalization.,yes,yes_sample,license_name_normalization,yes,license_out_of_scope,109,,,,,,,success,True,org.junit.jupiter:junit-jupiter-engine,https://search.maven.org/solrsearch/select?q=g%3A%22org.junit.jupiter%22%20AND%20a%3A%22junit-jupiter-engine%22%20AND%20v%3A%225.11.4%22&rows=20&wt=json,Eclipse Public License v2.0,https://github.com/junit-team/junit5,Stefan Bechtold,Stefan Bechtold,developer,maven.pom.developers.developer.name,"[{""value"": ""Stefan Bechtold"", ""role"": ""developer"", ""source_field"": ""maven.pom.developers.developer.name""}, {""value"": ""Johannes Link"", ""role"": ""developer"", ""source_field"": ""maven.pom.developers.developer.name""}, {""value"": ""Marc Philipp"", ""role"": ""developer"", ""source_field"": ""maven.pom.developers.developer.name""}, {""value"": ""Matthias Merdes"", ""role"": ""developer"", ""source_field"": ""maven.pom.developers.developer.name""}, {""value"": ""Sam Brannen"", ""role"": ""developer"", ""source_field"": ""maven.pom.developers.developer.name""}, {""value"": ""Christian Stein"", ""role"": ""developer"", ""source_field"": ""maven.pom.developers.developer.name""}, {""value"": ""Juliette de Rancourt"", ""role"": ""developer"", ""source_field"": ""maven.pom.developers.developer.name""}]",https://repo1.maven.org/maven2/org/junit/jupiter/junit-jupiter-engine/5.11.4/junit-jupiter-engine-5.11.4.jar,sha1,dc10ec209623986a68ea07f67cdc7d2a65a60355,high,,2026-07-27T17:08:41.516854+00:00,matched,partially_correct,strong_inference,medium,accept_with_caution,"The proposed license matches the registry value, but the value is not recognized by this script as a canonical SPDX identifier.",yes,SEM-LIC-02,2026-08-01T16:58:31.468807+00:00
pkg:maven/io.opentelemetry/opentelemetry-sdk@1.30.1?type=jar,MAV-03,maven,cdxgen,sboms_raw/cdxgen/MAV-03_flink_cyclonedx.json,1548,opentelemetry-sdk,1.30.1,pkg:maven/io.opentelemetry/opentelemetry-sdk@1.30.1?type=jar,license,,"The Apache License, Version 2.0",maven_central,https://search.maven.org/solrsearch/select?q=g%3A%22io.opentelemetry%22%20AND%20a%3A%22opentelemetry-sdk%22%20AND%20v%3A%221.30.1%22&rows=20&wt=json,registry_license_lookup,high,2026-07-27T10:17:56.684032+00:00,,,out_of_scope,medium,evidence_confidence_high;evidence_retrieval_successful;exact_version_confirmed;new_value_present;old_value_was_missing;unverified_license_name,,"The value resembles a license name, but static checks cannot confirm its SPDX equivalence.",yes,yes,Free-text or classifier-style license metadata may benefit from constrained semantic normalization.,yes,medium,2026-07-27T10:58:06.437303+00:00,VAL-cbed05e984c73a3d,maven,llm_semantic_review,The license value requires semantic interpretation or normalization.,yes,yes_sample,license_name_normalization,yes,license_out_of_scope,110,,,,,,,success,True,io.opentelemetry:opentelemetry-sdk,https://search.maven.org/solrsearch/select?q=g%3A%22io.opentelemetry%22%20AND%20a%3A%22opentelemetry-sdk%22%20AND%20v%3A%221.30.1%22&rows=20&wt=json,"The Apache License, Version 2.0",git@github.com:open-telemetry/opentelemetry-java,OpenTelemetry,OpenTelemetry,developer,maven.pom.developers.developer.name,"[{""value"": ""OpenTelemetry"", ""role"": ""developer"", ""source_field"": ""maven.pom.developers.developer.name""}]",https://repo1.maven.org/maven2/io/opentelemetry/opentelemetry-sdk/1.30.1/opentelemetry-sdk-1.30.1.jar,sha1,4d15a9ea26e8e6ea93287a9f4ee02d91e5a74392,high,,2026-07-27T17:36:41.267620+00:00,matched,partially_correct,strong_inference,medium,accept_with_caution,"The proposed license matches the registry value, but the value is not recognized by this script as a canonical SPDX identifier.",yes,SEM-LIC-02,2026-08-01T16:58:31.468811+00:00
pkg:maven/org.checkerframework/checker-qual@3.12.0,MAV-03,maven,syft,sboms_raw/syft/MAV-03_flink_cyclonedx.json,89,checker-qual,3.12.0,pkg:maven/org.checkerframework/checker-qual@3.12.0,license,,The MIT License,maven_central,https://search.maven.org/solrsearch/select?q=g%3A%22org.checkerframework%22%20AND%20a%3A%22checker-qual%22%20AND%20v%3A%223.12.0%22&rows=20&wt=json,registry_license_lookup,high,2026-07-27T10:17:56.684032+00:00,,,out_of_scope,medium,evidence_confidence_high;evidence_retrieval_successful;exact_version_confirmed;new_value_present;old_value_was_missing;unverified_license_name,,"The value resembles a license name, but static checks cannot confirm its SPDX equivalence.",yes,yes,Free-text or classifier-style license metadata may benefit from constrained semantic normalization.,yes,medium,2026-07-27T10:58:06.437303+00:00,VAL-e2d68f351f7aa068,maven,llm_semantic_review,The license value requires semantic interpretation or normalization.,yes,yes_sample,license_name_normalization,yes,license_out_of_scope,111,,,,,,,success,True,org.checkerframework:checker-qual,https://search.maven.org/solrsearch/select?q=g%3A%22org.checkerframework%22%20AND%20a%3A%22checker-qual%22%20AND%20v%3A%223.12.0%22&rows=20&wt=json,The MIT License,https://github.com/typetools/checker-framework,University of Washington,University of Washington,developer_organization,maven.pom.developers.developer.organization,"[{""value"": ""Michael Ernst"", ""role"": ""developer"", ""source_field"": ""maven.pom.developers.developer.name""}, {""value"": ""University of Washington"", ""role"": ""developer_organization"", ""source_field"": ""maven.pom.developers.developer.organization""}, {""value"": ""Suzanne Millstein"", ""role"": ""developer"", ""source_field"": ""maven.pom.developers.developer.name""}]",https://repo1.maven.org/maven2/org/checkerframework/checker-qual/3.12.0/checker-qual-3.12.0.jar,sha1,d5692f0526415fcc6de94bb5bfbd3afd9dd3b3e5,high,,2026-07-27T16:22:22.317772+00:00,matched,partially_correct,strong_inference,medium,accept_with_caution,"The proposed license matches the registry value, but the value is not recognized by this script as a canonical SPDX identifier.",yes,SEM-LIC-02,2026-08-01T16:58:31.468813+00:00
pkg:maven/io.prometheus/simpleclient_httpserver@0.8.1,MAV-03,maven,syft,sboms_raw/syft/MAV-03_flink_cyclonedx.json,501,simpleclient_httpserver,0.8.1,pkg:maven/io.prometheus/simpleclient_httpserver@0.8.1,license,,"The Apache Software License, Version 2.0",maven_central,https://search.maven.org/solrsearch/select?q=g%3A%22io.prometheus%22%20AND%20a%3A%22simpleclient_httpserver%22%20AND%20v%3A%220.8.1%22&rows=20&wt=json,registry_license_lookup,high,2026-07-27T10:17:56.684032+00:00,,,out_of_scope,medium,evidence_confidence_high;evidence_retrieval_successful;exact_version_confirmed;new_value_present;old_value_was_missing;unverified_license_name,,"The value resembles a license name, but static checks cannot confirm its SPDX equivalence.",yes,yes,Free-text or classifier-style license metadata may benefit from constrained semantic normalization.,yes,medium,2026-07-27T10:58:06.437303+00:00,VAL-751d215891851665,maven,llm_semantic_review,The license value requires semantic interpretation or normalization.,yes,yes_sample,license_name_normalization,yes,license_out_of_scope,112,,,,,,,success,True,io.prometheus:simpleclient_httpserver,https://search.maven.org/solrsearch/select?q=g%3A%22io.prometheus%22%20AND%20a%3A%22simpleclient_httpserver%22%20AND%20v%3A%220.8.1%22&rows=20&wt=json,"The Apache Software License, Version 2.0",,Brian Brazil,Brian Brazil,developer,maven.pom.developers.developer.name,"[{""value"": ""Brian Brazil"", ""role"": ""developer"", ""source_field"": ""maven.pom.developers.developer.name""}]",https://repo1.maven.org/maven2/io/prometheus/simpleclient_httpserver/0.8.1/simpleclient_httpserver-0.8.1.jar,sha1,8ab8dc19291e14751db33654c0891935a2ad08b9,high,,2026-07-27T17:18:45.533974+00:00,matched,partially_correct,strong_inference,medium,accept_with_caution,"The proposed license matches the registry value, but the value is not recognized by this script as a canonical SPDX identifier.",yes,SEM-LIC-02,2026-08-01T16:58:31.468816+00:00
pkg:npm/path-scurry@1.11.1,NPM-03,npm,cdxgen,sboms_raw/cdxgen/NPM-03_angular_cyclonedx.json,1798,path-scurry,1.11.1,pkg:npm/path-scurry@1.11.1,license,,BlueOak-1.0.0,npm_registry,https://registry.npmjs.org/path-scurry,registry_license_lookup,high,2026-07-27T10:17:56.684032+00:00,,,out_of_scope,medium,evidence_confidence_high;evidence_retrieval_successful;exact_version_confirmed;new_value_present;old_value_was_missing;unverified_license_name,,"The value resembles a license name, but static checks cannot confirm its SPDX equivalence.",yes,yes,Free-text or classifier-style license metadata may benefit from constrained semantic normalization.,yes,medium,2026-07-27T10:58:06.437303+00:00,VAL-5184b1a819578dbd,npm,llm_semantic_review,The license value requires semantic interpretation or normalization.,yes,yes_sample,license_name_normalization,yes,license_out_of_scope,113,,,,,,,success,True,path-scurry,https://registry.npmjs.org/path-scurry,BlueOak-1.0.0,https://github.com/isaacs/path-scurry,Isaac Z. Schlueter,Isaac Z. Schlueter,author,npm.version.author,"[{""value"": ""Isaac Z. Schlueter <i@izs.me>"", ""role"": ""author"", ""source_field"": ""npm.version.author""}, {""value"": ""Isaac Z. Schlueter <i@izs.me>"", ""role"": ""author"", ""source_field"": ""npm.package.author""}, {""value"": ""isaacs <i@izs.me>"", ""role"": ""maintainer"", ""source_field"": ""npm.version.maintainers""}, {""value"": ""isaacs <i@izs.me>"", ""role"": ""maintainer"", ""source_field"": ""npm.package.maintainers""}, {""value"": ""isaacs <i@izs.me>"", ""role"": ""publisher_account"", ""source_field"": ""npm.version._npmUser""}]",https://registry.npmjs.org/path-scurry/-/path-scurry-1.11.1.tgz,integrity;sha1,sha512-Xa4Nw17FS9ApQFJ9umLiJS4orGjm7ZzwUrwamcGQuHSzDyth9boKDaycYdDcZDuqYATXw4HFXgaqWTctW/v1HA==;7960a668888594a0720b12a911d1a742ab9f11d2,high,,2026-07-27T15:32:41.156262+00:00,matched,partially_correct,strong_inference,medium,accept_with_caution,"The proposed license matches the registry value, but the value is not recognized by this script as a canonical SPDX identifier.",yes,SEM-LIC-02,2026-08-01T16:58:31.468819+00:00
pkg:maven/io.prometheus/simpleclient_httpserver@0.8.1?type=jar,MAV-03,maven,cdxgen,sboms_raw/cdxgen/MAV-03_flink_cyclonedx.json,1546,simpleclient_httpserver,0.8.1,pkg:maven/io.prometheus/simpleclient_httpserver@0.8.1?type=jar,license,,"The Apache Software License, Version 2.0",maven_central,https://search.maven.org/solrsearch/select?q=g%3A%22io.prometheus%22%20AND%20a%3A%22simpleclient_httpserver%22%20AND%20v%3A%220.8.1%22&rows=20&wt=json,registry_license_lookup,high,2026-07-27T10:17:56.684032+00:00,,,out_of_scope,medium,evidence_confidence_high;evidence_retrieval_successful;exact_version_confirmed;new_value_present;old_value_was_missing;unverified_license_name,,"The value resembles a license name, but static checks cannot confirm its SPDX equivalence.",yes,yes,Free-text or classifier-style license metadata may benefit from constrained semantic normalization.,yes,medium,2026-07-27T10:58:06.437303+00:00,VAL-3c7f0a1b5ba4f26f,maven,llm_semantic_review,The license value requires semantic interpretation or normalization.,yes,yes_sample,license_name_normalization,yes,license_out_of_scope,114,,,,,,,success,True,io.prometheus:simpleclient_httpserver,https://search.maven.org/solrsearch/select?q=g%3A%22io.prometheus%22%20AND%20a%3A%22simpleclient_httpserver%22%20AND%20v%3A%220.8.1%22&rows=20&wt=json,"The Apache Software License, Version 2.0",,Brian Brazil,Brian Brazil,developer,maven.pom.developers.developer.name,"[{""value"": ""Brian Brazil"", ""role"": ""developer"", ""source_field"": ""maven.pom.developers.developer.name""}]",https://repo1.maven.org/maven2/io/prometheus/simpleclient_httpserver/0.8.1/simpleclient_httpserver-0.8.1.jar,sha1,8ab8dc19291e14751db33654c0891935a2ad08b9,high,,2026-07-27T17:36:40.024102+00:00,matched,partially_correct,strong_inference,medium,accept_with_caution,"The proposed license matches the registry value, but the value is not recognized by this script as a canonical SPDX identifier.",yes,SEM-LIC-02,2026-08-01T16:58:31.468821+00:00
pkg:pypi/jinja2@3.0.3,MAV-03,maven,cdxgen,sboms_raw/cdxgen/MAV-03_flink_cyclonedx.json,1681,jinja2,3.0.3,pkg:pypi/jinja2@3.0.3,license,,License :: OSI Approved :: BSD License,pypi_registry,https://pypi.org/pypi/jinja2/json,registry_license_lookup,high,2026-07-27T10:17:56.684032+00:00,,,out_of_scope,medium,evidence_confidence_high;evidence_retrieval_successful;exact_version_confirmed;new_value_present;old_value_was_missing;registry_classifier_text,,The value is registry classifier text and requires semantic normalization to SPDX.,yes,yes,Free-text or classifier-style license metadata may benefit from constrained semantic normalization.,yes,medium,2026-07-27T10:58:06.437303+00:00,VAL-db35d3c9588ef9fa,maven,llm_semantic_review,The license value requires semantic interpretation or normalization.,yes,yes_sample,license_classifier_normalization,yes,license_out_of_scope,115,,,,,,,success,True,jinja2,https://pypi.org/pypi/jinja2/json,License :: OSI Approved :: BSD License,https://github.com/pallets/jinja/,Pallets,Pallets,maintainer_email,pypi.info.maintainer_email,"[{""value"": ""Pallets <contact@palletsprojects.com>"", ""role"": ""maintainer_email"", ""source_field"": ""pypi.info.maintainer_email""}]",https://files.pythonhosted.org/packages/20/9a/e5d9ec41927401e41aea8af6d16e78b5e612bca4699d417f646a9610a076/Jinja2-3.0.3-py3-none-any.whl,blake2b_256;md5;sha256,209ae5d9ec41927401e41aea8af6d16e78b5e612bca4699d417f646a9610a076;31d7a56a843bbf4ef35e0076fea86767;077ce6014f7b40d03b47d1f1ca4b0fc8328a692bd284016f806ed0eaca390ad8,high,,2026-07-27T17:05:46.809474+00:00,matched,partially_correct,strong_inference,medium,accept_with_caution,"The proposed license matches the registry value, but the value is not recognized by this script as a canonical SPDX identifier.",yes,SEM-LIC-02,2026-08-01T16:58:31.468824+00:00
pkg:maven/io.prometheus/simpleclient_pushgateway@0.8.1?type=jar,MAV-03,maven,cdxgen,sboms_raw/cdxgen/MAV-03_flink_cyclonedx.json,1547,simpleclient_pushgateway,0.8.1,pkg:maven/io.prometheus/simpleclient_pushgateway@0.8.1?type=jar,license,,"The Apache Software License, Version 2.0",maven_central,https://search.maven.org/solrsearch/select?q=g%3A%22io.prometheus%22%20AND%20a%3A%22simpleclient_pushgateway%22%20AND%20v%3A%220.8.1%22&rows=20&wt=json,registry_license_lookup,high,2026-07-27T10:17:56.684032+00:00,,,out_of_scope,medium,evidence_confidence_high;evidence_retrieval_successful;exact_version_confirmed;new_value_present;old_value_was_missing;unverified_license_name,,"The value resembles a license name, but static checks cannot confirm its SPDX equivalence.",yes,yes,Free-text or classifier-style license metadata may benefit from constrained semantic normalization.,yes,medium,2026-07-27T10:58:06.437303+00:00,VAL-f570f6111de58249,maven,llm_semantic_review,The license value requires semantic interpretation or normalization.,yes,yes_sample,license_name_normalization,yes,license_out_of_scope,116,,,,,,,success,True,io.prometheus:simpleclient_pushgateway,https://search.maven.org/solrsearch/select?q=g%3A%22io.prometheus%22%20AND%20a%3A%22simpleclient_pushgateway%22%20AND%20v%3A%220.8.1%22&rows=20&wt=json,"The Apache Software License, Version 2.0",,Brian Brazil,Brian Brazil,developer,maven.pom.developers.developer.name,"[{""value"": ""Brian Brazil"", ""role"": ""developer"", ""source_field"": ""maven.pom.developers.developer.name""}]",https://repo1.maven.org/maven2/io/prometheus/simpleclient_pushgateway/0.8.1/simpleclient_pushgateway-0.8.1.jar,sha1,a8d82d960f0c43b17117fbea99f7a78ccefb7693,high,,2026-07-27T17:36:40.685413+00:00,matched,partially_correct,strong_inference,medium,accept_with_caution,"The proposed license matches the registry value, but the value is not recognized by this script as a canonical SPDX identifier.",yes,SEM-LIC-02,2026-08-01T16:58:31.468827+00:00
pkg:pypi/soupsieve@2.8.3,MAV-03,maven,syft,sboms_raw/syft/MAV-03_flink_cyclonedx.json,507,soupsieve,2.8.3,pkg:pypi/soupsieve@2.8.3,license,,License :: OSI Approved :: MIT License,pypi_registry,https://pypi.org/pypi/soupsieve/json,registry_license_lookup,high,2026-07-27T10:17:56.684032+00:00,,,out_of_scope,medium,evidence_confidence_high;evidence_retrieval_successful;exact_version_confirmed;new_value_present;old_value_was_missing;registry_classifier_text,,The value is registry classifier text and requires semantic normalization to SPDX.,yes,yes,Free-text or classifier-style license metadata may benefit from constrained semantic normalization.,yes,medium,2026-07-27T10:58:06.437303+00:00,VAL-463267cb6e28b4a6,maven,llm_semantic_review,The license value requires semantic interpretation or normalization.,yes,yes_sample,license_classifier_normalization,yes,license_out_of_scope,117,,,,,,,success,True,soupsieve,https://pypi.org/pypi/soupsieve/json,License :: OSI Approved :: MIT License,https://github.com/facelessuser/soupsieve,Isaac Muse,Isaac Muse,author_email,pypi.info.author_email,"[{""value"": ""Isaac Muse <Isaac.Muse@gmail.com>"", ""role"": ""author_email"", ""source_field"": ""pypi.info.author_email""}]",https://files.pythonhosted.org/packages/46/2c/1462b1d0a634697ae9e55b3cecdcb64788e8b7d63f54d923fcd0bb140aed/soupsieve-2.8.3-py3-none-any.whl,blake2b_256;md5;sha256,462c1462b1d0a634697ae9e55b3cecdcb64788e8b7d63f54d923fcd0bb140aed;2d2b3832969c5c1a60a352c60a29ea61;ed64f2ba4eebeab06cc4962affce381647455978ffc1e36bb79a545b91f45a95,high,,2026-07-27T17:18:48.688513+00:00,matched,partially_correct,strong_inference,medium,accept_with_caution,"The proposed license matches the registry value, but the value is not recognized by this script as a canonical SPDX identifier.",yes,SEM-LIC-02,2026-08-01T16:58:31.468829+00:00
pkg:maven/org.javassist/javassist@3.24.0-GA,MAV-03,maven,syft,sboms_raw/syft/MAV-03_flink_cyclonedx.json,399,javassist,3.24.0-GA,pkg:maven/org.javassist/javassist@3.24.0-GA,license,,MPL 1.1; LGPL 2.1; Apache License 2.0,maven_central,https://search.maven.org/solrsearch/select?q=g%3A%22org.javassist%22%20AND%20a%3A%22javassist%22%20AND%20v%3A%223.24.0-GA%22&rows=20&wt=json,registry_license_lookup,high,2026-07-27T10:17:56.684032+00:00,,,out_of_scope,low,evidence_confidence_high;evidence_retrieval_successful;exact_version_confirmed;new_value_present;old_value_was_missing;unrecognized_license_format,,The proposed license format cannot be conclusively validated using deterministic rules.,yes,yes,Free-text or classifier-style license metadata may benefit from constrained semantic normalization.,yes,high,2026-07-27T10:58:06.437303+00:00,VAL-cce78c4f99052a7d,maven,llm_semantic_review,The license value requires semantic interpretation or normalization.,yes,yes_sample,license_format_interpretation,yes,license_out_of_scope,118,,,,,,,success,True,org.javassist:javassist,https://search.maven.org/solrsearch/select?q=g%3A%22org.javassist%22%20AND%20a%3A%22javassist%22%20AND%20v%3A%223.24.0-GA%22&rows=20&wt=json,MPL 1.1; LGPL 2.1; Apache License 2.0,scm:git:git@github.com:jboss-javassist/javassist,"Shigeru Chiba, www.javassist.org","Shigeru Chiba, www.javassist.org",organization,maven.pom.organization.name,"[{""value"": ""Shigeru Chiba, www.javassist.org"", ""role"": ""organization"", ""source_field"": ""maven.pom.organization.name""}, {""value"": ""Shigeru Chiba"", ""role"": ""developer"", ""source_field"": ""maven.pom.developers.developer.name""}, {""value"": ""The Javassist Project"", ""role"": ""developer_organization"", ""source_field"": ""maven.pom.developers.developer.organization""}, {""value"": ""Andrew Dinn"", ""role"": ""developer"", ""source_field"": ""maven.pom.developers.developer.name""}, {""value"": ""JBoss"", ""role"": ""developer_organization"", ""source_field"": ""maven.pom.developers.developer.organization""}, {""value"": ""Kabir Khan"", ""role"": ""developer"", ""source_field"": ""maven.pom.developers.developer.name""}, {""value"": ""Scott Marlow"", ""role"": ""developer"", ""source_field"": ""maven.pom.developers.developer.name""}]",https://repo1.maven.org/maven2/org/javassist/javassist/3.24.0-GA/javassist-3.24.0-GA.jar,sha1,d7466fc2e3af7c023e95c510f06448ad29b225b3,high,,2026-07-27T17:04:44.933596+00:00,matched,partially_correct,strong_inference,medium,accept_with_caution,"The proposed license matches the registry value, but the value is not recognized by this script as a canonical SPDX identifier.",yes,SEM-LIC-02,2026-08-01T16:58:31.468833+00:00
pkg:pypi/soupsieve@2.8.3,MAV-03,maven,cdxgen,sboms_raw/cdxgen/MAV-03_flink_cyclonedx.json,1689,soupsieve,2.8.3,pkg:pypi/soupsieve@2.8.3,license,,License :: OSI Approved :: MIT License,pypi_registry,https://pypi.org/pypi/soupsieve/json,registry_license_lookup,high,2026-07-27T10:17:56.684032+00:00,,,out_of_scope,medium,evidence_confidence_high;evidence_retrieval_successful;exact_version_confirmed;new_value_present;old_value_was_missing;registry_classifier_text,,The value is registry classifier text and requires semantic normalization to SPDX.,yes,yes,Free-text or classifier-style license metadata may benefit from constrained semantic normalization.,yes,medium,2026-07-27T10:58:06.437303+00:00,VAL-55c3ccae18cb23a3,maven,llm_semantic_review,The license value requires semantic interpretation or normalization.,yes,yes_sample,license_classifier_normalization,yes,license_out_of_scope,119,,,,,,,success,True,soupsieve,https://pypi.org/pypi/soupsieve/json,License :: OSI Approved :: MIT License,https://github.com/facelessuser/soupsieve,Isaac Muse,Isaac Muse,author_email,pypi.info.author_email,"[{""value"": ""Isaac Muse <Isaac.Muse@gmail.com>"", ""role"": ""author_email"", ""source_field"": ""pypi.info.author_email""}]",https://files.pythonhosted.org/packages/46/2c/1462b1d0a634697ae9e55b3cecdcb64788e8b7d63f54d923fcd0bb140aed/soupsieve-2.8.3-py3-none-any.whl,blake2b_256;md5;sha256,462c1462b1d0a634697ae9e55b3cecdcb64788e8b7d63f54d923fcd0bb140aed;2d2b3832969c5c1a60a352c60a29ea61;ed64f2ba4eebeab06cc4962affce381647455978ffc1e36bb79a545b91f45a95,high,,2026-07-27T17:18:48.688513+00:00,matched,partially_correct,strong_inference,medium,accept_with_caution,"The proposed license matches the registry value, but the value is not recognized by this script as a canonical SPDX identifier.",yes,SEM-LIC-02,2026-08-01T16:58:31.468835+00:00
pkg:maven/org.apache.kafka/kafka-clients@3.9.2,MAV-03,maven,syft,sboms_raw/syft/MAV-03_flink_cyclonedx.json,420,kafka-clients,3.9.2,pkg:maven/org.apache.kafka/kafka-clients@3.9.2,license,,"The Apache License, Version 2.0",maven_central,https://search.maven.org/solrsearch/select?q=g%3A%22org.apache.kafka%22%20AND%20a%3A%22kafka-clients%22%20AND%20v%3A%223.9.2%22&rows=20&wt=json,registry_license_lookup,high,2026-07-27T10:17:56.684032+00:00,,,out_of_scope,medium,evidence_confidence_high;evidence_retrieval_successful;exact_version_confirmed;new_value_present;old_value_was_missing;unverified_license_name,,"The value resembles a license name, but static checks cannot confirm its SPDX equivalence.",yes,yes,Free-text or classifier-style license metadata may benefit from constrained semantic normalization.,yes,medium,2026-07-27T10:58:06.437303+00:00,VAL-45059b9a7e511bbb,maven,llm_semantic_review,The license value requires semantic interpretation or normalization.,yes,yes_sample,license_name_normalization,yes,license_out_of_scope,120,,,,,,,success,True,org.apache.kafka:kafka-clients,https://search.maven.org/solrsearch/select?q=g%3A%22org.apache.kafka%22%20AND%20a%3A%22kafka-clients%22%20AND%20v%3A%223.9.2%22&rows=20&wt=json,"The Apache License, Version 2.0",https://kafka.apache.org,,,,,[],https://repo1.maven.org/maven2/org/apache/kafka/kafka-clients/3.9.2/kafka-clients-3.9.2.jar,sha1,a06edbaa01458ed2e8cf1be69a18c2f231fda6e0,high,,2026-07-27T17:08:42.058411+00:00,matched,partially_correct,strong_inference,medium,accept_with_caution,"The proposed license matches the registry value, but the value is not recognized by this script as a canonical SPDX identifier.",yes,SEM-LIC-02,2026-08-01T16:58:31.468838+00:00
pkg:maven/org.slf4j/slf4j-api@1.7.36,MAV-03,maven,syft,sboms_raw/syft/MAV-03_flink_cyclonedx.json,503,slf4j-api,1.7.36,pkg:maven/org.slf4j/slf4j-api@1.7.36,repository_url,,http://www.slf4j.org,maven_central,https://search.maven.org/solrsearch/select?q=g%3A%22org.slf4j%22%20AND%20a%3A%22slf4j-api%22%20AND%20v%3A%221.7.36%22&rows=20&wt=json,registry_repository_lookup,high,2026-07-27T10:17:56.684032+00:00,https://www.slf4j.org,repository_url_already_http,out_of_scope,medium,evidence_confidence_high;evidence_retrieval_successful;exact_version_confirmed;new_value_present;old_value_was_missing;repository_url_already_http;unknown_or_general_host;valid_repository_reference,,"The repository reference is structurally valid, but static checks cannot determine whether the host represents a source repository or project homepage.",yes,yes,Repository ownership or homepage-versus-source semantics may require interpretation.,yes,high,2026-07-27T10:58:06.437303+00:00,VAL-4cf61648dbc67bec,maven,llm_semantic_review,"The repository reference is structurally valid, but repository ownership or source-repository semantics require interpretation.",yes,yes_sample,repository_host_semantics,yes,repository_url_out_of_scope,136,,,,,,,success,True,org.slf4j:slf4j-api,https://search.maven.org/solrsearch/select?q=g%3A%22org.slf4j%22%20AND%20a%3A%22slf4j-api%22%20AND%20v%3A%221.7.36%22&rows=20&wt=json,,http://www.slf4j.org,,,,,[],https://repo1.maven.org/maven2/org/slf4j/slf4j-api/1.7.36/slf4j-api-1.7.36.jar,sha1,6c62681a2f655b49963a5983b8b0950a6120ae14,high,,2026-07-27T17:18:46.962771+00:00,matched,uncertain,insufficient_evidence,medium,manual_review,"The proposed repository does not exactly match the registry repository, and deterministic normalization cannot establish equivalence.",yes,SEM-REP-06,2026-08-01T16:58:31.468962+00:00
